2026-06-19 04:15:42 [INFO] SOLUSDT Score=65 action=HOLD regime=trending_up | Pos=0/6 | Solde=937.67 ×0.94 | WR=25% PnL=-5.95
2026-06-19 04:16:14 [INFO] SOLUSDT Score=48 action=HOLD regime=ranging | Pos=0/6 | Solde=937.67 ×0.94 | WR=25% PnL=-5.95
2026-06-19 04:18:38 [INFO] AVAXUSDT Score=41 action=HOLD regime=ranging | Pos=0/6 | Solde=937.67 ×0.94 | WR=25% PnL=-5.95
2026-06-19 04:21:17 [INFO] SOLUSDT Score=48 action=HOLD regime=ranging | Pos=0/6 | Solde=937.67 ×0.94 | WR=25% PnL=-5.95
2026-06-19 04:23:41 [INFO] AVAXUSDT Score=74 action=BUY regime=ranging | Pos=0/6 | Solde=937.67 ×0.94 | WR=25% PnL=-5.95
2026-06-19 04:23:41 [INFO] AVAXUSDT Fear extrême (14/100) — taille ×0.5
2026-06-19 04:23:41 [INFO] BTC EMA21 1h baissière — filtre macro actif
2026-06-19 04:23:41 [INFO] AVAXUSDT BTC baissier — taille ×0.5
2026-06-19 04:23:41 [INFO] AVAXUSDT bloqué — ATR trop faible (0.39% < 0.50%)
2026-06-19 04:23:57 [INFO] AVAXUSDT Fear extrême (14/100) — taille ×0.5
2026-06-19 04:24:13 [INFO] AVAXUSDT Fear extrême (14/100) — taille ×0.5
2026-06-19 04:24:29 [INFO] AVAXUSDT Fear extrême (14/100) — taille ×0.5
2026-06-19 04:24:45 [INFO] AVAXUSDT Fear extrême (14/100) — taille ×0.5
2026-06-19 04:25:01 [INFO] AVAXUSDT Fear extrême (14/100) — taille ×0.5
2026-06-19 04:25:17 [INFO] AVAXUSDT Fear extrême (14/100) — taille ×0.5
2026-06-19 04:25:33 [INFO] AVAXUSDT Fear extrême (14/100) — taille ×0.5
2026-06-19 04:25:49 [INFO] AVAXUSDT Fear extrême (14/100) — taille ×0.5
2026-06-19 04:26:05 [INFO] AVAXUSDT Fear extrême (14/100) — taille ×0.5
2026-06-19 04:26:20 [INFO] SOLUSDT Score=48 action=HOLD regime=ranging | Pos=0/6 | Solde=937.67 ×0.94 | WR=25% PnL=-5.95
2026-06-19 04:26:21 [INFO] AVAXUSDT Fear extrême (14/100) — taille ×0.5
2026-06-19 04:26:37 [INFO] AVAXUSDT Fear extrême (14/100) — taille ×0.5
2026-06-19 04:26:53 [INFO] AVAXUSDT Fear extrême (14/100) — taille ×0.5
2026-06-19 04:27:09 [INFO] AVAXUSDT Fear extrême (14/100) — taille ×0.5
2026-06-19 04:27:24 [INFO] AVAXUSDT Fear extrême (14/100) — taille ×0.5
2026-06-19 04:27:40 [INFO] AVAXUSDT Fear extrême (14/100) — taille ×0.5
2026-06-19 04:27:56 [INFO] AVAXUSDT Fear extrême (14/100) — taille ×0.5
2026-06-19 04:28:12 [INFO] AVAXUSDT Fear extrême (14/100) — taille ×0.5
2026-06-19 04:28:28 [INFO] AVAXUSDT Fear extrême (14/100) — taille ×0.5
2026-06-19 04:28:44 [INFO] AVAXUSDT Score=74 action=BUY regime=ranging | Pos=0/6 | Solde=937.67 ×0.94 | WR=25% PnL=-5.95
2026-06-19 04:28:44 [INFO] AVAXUSDT Fear extrême (14/100) — taille ×0.5
2026-06-19 04:28:44 [INFO] BTC EMA21 1h baissière — filtre macro actif
2026-06-19 04:28:44 [INFO] AVAXUSDT BTC baissier — taille ×0.5
2026-06-19 04:28:44 [INFO] AVAXUSDT bloqué — ATR trop faible (0.39% < 0.50%)
2026-06-19 04:29:00 [INFO] AVAXUSDT Fear extrême (14/100) — taille ×0.5
2026-06-19 04:29:16 [INFO] AVAXUSDT Fear extrême (14/100) — taille ×0.5
2026-06-19 04:29:32 [INFO] AVAXUSDT Fear extrême (14/100) — taille ×0.5
2026-06-19 04:29:48 [INFO] AVAXUSDT Fear extrême (14/100) — taille ×0.5
2026-06-19 04:30:04 [INFO] AVAXUSDT Fear extrême (14/100) — taille ×0.5
2026-06-19 04:30:20 [INFO] AVAXUSDT Score=30 action=BLOCK regime=trending_down | Pos=0/6 | Solde=937.67 ×0.94 | WR=25% PnL=-5.95
2026-06-19 04:30:20 [INFO] AVAXUSDT bloqué — régime trending_down
2026-06-19 04:31:23 [INFO] SOLUSDT Score=36 action=HOLD regime=ranging | Pos=0/6 | Solde=937.67 ×0.94 | WR=25% PnL=-5.95
2026-06-19 04:35:23 [INFO] AVAXUSDT Score=30 action=BLOCK regime=trending_down | Pos=0/6 | Solde=937.67 ×0.94 | WR=25% PnL=-5.95
2026-06-19 04:36:26 [INFO] SOLUSDT Score=36 action=HOLD regime=ranging | Pos=0/6 | Solde=937.67 ×0.94 | WR=25% PnL=-5.95
2026-06-19 04:40:26 [INFO] AVAXUSDT Score=36 action=BLOCK regime=trending_down | Pos=0/6 | Solde=937.67 ×0.94 | WR=25% PnL=-5.95
2026-06-19 04:41:29 [INFO] SOLUSDT Score=36 action=HOLD regime=ranging | Pos=0/6 | Solde=937.67 ×0.94 | WR=25% PnL=-5.95
2026-06-19 04:45:30 [INFO] AVAXUSDT Score=0 action=BLOCK regime=trending_down | Pos=0/6 | Solde=937.67 ×0.94 | WR=25% PnL=-5.95
2026-06-19 04:46:33 [INFO] SOLUSDT Score=53 action=HOLD regime=ranging | Pos=0/6 | Solde=937.67 ×0.94 | WR=25% PnL=-5.95
2026-06-19 04:50:33 [INFO] AVAXUSDT Score=0 action=BLOCK regime=trending_down | Pos=0/6 | Solde=937.67 ×0.94 | WR=25% PnL=-5.95
2026-06-19 04:51:36 [INFO] SOLUSDT Score=46 action=HOLD regime=ranging | Pos=0/6 | Solde=937.67 ×0.94 | WR=25% PnL=-5.95
2026-06-19 04:55:36 [INFO] AVAXUSDT Score=24 action=BLOCK regime=trending_down | Pos=0/6 | Solde=937.67 ×0.94 | WR=25% PnL=-5.95
2026-06-19 04:56:39 [INFO] SOLUSDT Score=38 action=HOLD regime=ranging | Pos=0/6 | Solde=937.67 ×0.94 | WR=25% PnL=-5.95
2026-06-19 05:00:39 [INFO] AVAXUSDT Score=14 action=BLOCK regime=trending_down | Pos=0/6 | Solde=937.67 ×0.94 | WR=25% PnL=-5.95
2026-06-19 05:01:42 [INFO] SOLUSDT Score=38 action=HOLD regime=ranging | Pos=0/6 | Solde=937.67 ×0.94 | WR=25% PnL=-5.95
2026-06-19 05:05:42 [INFO] AVAXUSDT Score=8 action=BLOCK regime=trending_down | Pos=0/6 | Solde=937.67 ×0.94 | WR=25% PnL=-5.95
2026-06-19 05:06:45 [INFO] SOLUSDT Score=41 action=HOLD regime=ranging | Pos=0/6 | Solde=937.67 ×0.94 | WR=25% PnL=-5.95
2026-06-19 05:10:45 [INFO] AVAXUSDT Score=8 action=BLOCK regime=trending_down | Pos=0/6 | Solde=937.67 ×0.94 | WR=25% PnL=-5.95
2026-06-19 05:11:48 [INFO] SOLUSDT Score=46 action=HOLD regime=ranging | Pos=0/6 | Solde=937.67 ×0.94 | WR=25% PnL=-5.95
2026-06-19 05:15:32 [INFO] SOLUSDT Score=80 action=BUY regime=ranging | Pos=0/6 | Solde=937.67 ×0.94 | WR=25% PnL=-5.95
2026-06-19 05:15:33 [INFO] Fear & Greed index = 14/100
2026-06-19 05:15:33 [INFO] SOLUSDT Fear extrême (14/100) — taille ×0.5
2026-06-19 05:15:33 [INFO] BTC EMA21 1h baissière — filtre macro actif
2026-06-19 05:15:33 [INFO] SOLUSDT BTC baissier — taille ×0.5
2026-06-19 05:15:33 [INFO] SOLUSDT bloqué — ATR trop faible (0.39% < 0.50%)
2026-06-19 05:15:49 [INFO] SOLUSDT Fear extrême (14/100) — taille ×0.5
2026-06-19 05:15:49 [INFO] AVAXUSDT Score=22 action=BLOCK regime=trending_down | Pos=0/6 | Solde=937.67 ×0.94 | WR=25% PnL=-5.95
2026-06-19 05:16:05 [INFO] SOLUSDT Fear extrême (14/100) — taille ×0.5
2026-06-19 05:16:21 [INFO] SOLUSDT Fear extrême (14/100) — taille ×0.5
2026-06-19 05:16:37 [INFO] SOLUSDT Fear extrême (14/100) — taille ×0.5
2026-06-19 05:16:53 [INFO] SOLUSDT Fear extrême (14/100) — taille ×0.5
2026-06-19 05:17:09 [INFO] SOLUSDT Fear extrême (14/100) — taille ×0.5
2026-06-19 05:17:25 [INFO] SOLUSDT Fear extrême (14/100) — taille ×0.5
2026-06-19 05:17:41 [INFO] SOLUSDT Fear extrême (14/100) — taille ×0.5
2026-06-19 05:17:56 [INFO] SOLUSDT Fear extrême (14/100) — taille ×0.5
2026-06-19 05:18:12 [INFO] SOLUSDT Fear extrême (14/100) — taille ×0.5
2026-06-19 05:18:28 [INFO] SOLUSDT Fear extrême (14/100) — taille ×0.5
2026-06-19 05:18:44 [INFO] SOLUSDT Fear extrême (14/100) — taille ×0.5
2026-06-19 05:19:00 [INFO] SOLUSDT Fear extrême (14/100) — taille ×0.5
2026-06-19 05:19:16 [INFO] SOLUSDT Fear extrême (14/100) — taille ×0.5
2026-06-19 05:19:32 [INFO] SOLUSDT Fear extrême (14/100) — taille ×0.5
2026-06-19 05:19:48 [INFO] SOLUSDT Fear extrême (14/100) — taille ×0.5
2026-06-19 05:20:04 [INFO] SOLUSDT Fear extrême (14/100) — taille ×0.5
2026-06-19 05:20:20 [INFO] SOLUSDT Fear extrême (14/100) — taille ×0.5
2026-06-19 05:20:36 [INFO] SOLUSDT Score=80 action=BUY regime=ranging | Pos=0/6 | Solde=937.67 ×0.94 | WR=25% PnL=-5.95
2026-06-19 05:20:36 [INFO] SOLUSDT Fear extrême (14/100) — taille ×0.5
2026-06-19 05:20:36 [INFO] BTC EMA21 1h baissière — filtre macro actif
2026-06-19 05:20:36 [INFO] SOLUSDT BTC baissier — taille ×0.5
2026-06-19 05:20:36 [INFO] SOLUSDT bloqué — ATR trop faible (0.43% < 0.50%)
2026-06-19 05:20:52 [INFO] SOLUSDT Fear extrême (14/100) — taille ×0.5
2026-06-19 05:20:53 [INFO] AVAXUSDT Score=28 action=BLOCK regime=trending_down | Pos=0/6 | Solde=937.67 ×0.94 | WR=25% PnL=-5.95
2026-06-19 05:21:08 [INFO] SOLUSDT Fear extrême (14/100) — taille ×0.5
2026-06-19 05:21:24 [INFO] SOLUSDT Fear extrême (14/100) — taille ×0.5
2026-06-19 05:21:40 [INFO] SOLUSDT Fear extrême (14/100) — taille ×0.5
2026-06-19 05:21:56 [INFO] SOLUSDT Score=64 action=HOLD regime=ranging | Pos=0/6 | Solde=937.67 ×0.94 | WR=25% PnL=-5.95
2026-06-19 05:24:20 [INFO] SOLUSDT Score=70 action=BUY regime=ranging | Pos=0/6 | Solde=937.67 ×0.94 | WR=25% PnL=-5.95
2026-06-19 05:24:20 [INFO] SOLUSDT Fear extrême (14/100) — taille ×0.5
2026-06-19 05:24:36 [INFO] SOLUSDT Fear extrême (14/100) — taille ×0.5
2026-06-19 05:24:52 [INFO] SOLUSDT Fear extrême (14/100) — taille ×0.5
2026-06-19 05:25:07 [INFO] SOLUSDT Score=62 action=HOLD regime=ranging | Pos=0/6 | Solde=937.67 ×0.94 | WR=25% PnL=-5.95
2026-06-19 05:25:55 [INFO] SOLUSDT Score=73 action=BUY regime=ranging | Pos=0/6 | Solde=937.67 ×0.94 | WR=25% PnL=-5.95
2026-06-19 05:25:55 [INFO] SOLUSDT Fear extrême (14/100) — taille ×0.5
2026-06-19 05:25:56 [INFO] BTC EMA21 1h baissière — filtre macro actif
2026-06-19 05:25:56 [INFO] SOLUSDT BTC baissier — taille ×0.5
2026-06-19 05:25:56 [INFO] SOLUSDT bloqué — ATR trop faible (0.42% < 0.50%)
2026-06-19 05:25:56 [INFO] AVAXUSDT Score=8 action=BLOCK regime=trending_down | Pos=0/6 | Solde=937.67 ×0.94 | WR=25% PnL=-5.95
2026-06-19 05:26:11 [INFO] SOLUSDT Fear extrême (14/100) — taille ×0.5
2026-06-19 05:26:27 [INFO] SOLUSDT Fear extrême (14/100) — taille ×0.5
2026-06-19 05:26:44 [INFO] SOLUSDT Fear extrême (14/100) — taille ×0.5
2026-06-19 05:27:00 [INFO] SOLUSDT Fear extrême (14/100) — taille ×0.5
2026-06-19 05:27:16 [INFO] SOLUSDT Fear extrême (14/100) — taille ×0.5
2026-06-19 05:27:32 [INFO] SOLUSDT Fear extrême (14/100) — taille ×0.5
2026-06-19 05:27:48 [INFO] SOLUSDT Score=62 action=HOLD regime=ranging | Pos=0/6 | Solde=937.67 ×0.94 | WR=25% PnL=-5.95
2026-06-19 05:28:04 [INFO] SOLUSDT Score=68 action=BUY regime=ranging | Pos=0/6 | Solde=937.67 ×0.94 | WR=25% PnL=-5.95
2026-06-19 05:28:04 [INFO] SOLUSDT Fear extrême (14/100) — taille ×0.5
2026-06-19 05:28:20 [INFO] SOLUSDT Fear extrême (14/100) — taille ×0.5
2026-06-19 05:28:36 [INFO] SOLUSDT Score=62 action=HOLD regime=ranging | Pos=0/6 | Solde=937.67 ×0.94 | WR=25% PnL=-5.95
2026-06-19 05:31:00 [INFO] AVAXUSDT Score=14 action=BLOCK regime=trending_down | Pos=0/6 | Solde=937.67 ×0.94 | WR=25% PnL=-5.95
2026-06-19 05:33:39 [INFO] SOLUSDT Score=58 action=HOLD regime=ranging | Pos=0/6 | Solde=937.67 ×0.94 | WR=25% PnL=-5.95
2026-06-19 05:36:03 [INFO] AVAXUSDT Score=14 action=BLOCK regime=trending_down | Pos=0/6 | Solde=937.67 ×0.94 | WR=25% PnL=-5.95
2026-06-19 05:38:42 [INFO] SOLUSDT Score=54 action=HOLD regime=ranging | Pos=0/6 | Solde=937.67 ×0.94 | WR=25% PnL=-5.95
2026-06-19 05:39:45 [INFO] SOLUSDT Score=70 action=BUY regime=ranging | Pos=0/6 | Solde=937.67 ×0.94 | WR=25% PnL=-5.95
2026-06-19 05:39:45 [INFO] SOLUSDT Fear extrême (14/100) — taille ×0.5
2026-06-19 05:39:46 [INFO] BTC EMA21 1h baissière — filtre macro actif
2026-06-19 05:39:46 [INFO] SOLUSDT BTC baissier — taille ×0.5
2026-06-19 05:39:46 [INFO] SOLUSDT bloqué — ATR trop faible (0.44% < 0.50%)
2026-06-19 05:40:02 [INFO] SOLUSDT Fear extrême (14/100) — taille ×0.5
2026-06-19 05:40:17 [INFO] SOLUSDT Fear extrême (14/100) — taille ×0.5
2026-06-19 05:40:33 [INFO] SOLUSDT Fear extrême (14/100) — taille ×0.5
2026-06-19 05:40:49 [INFO] SOLUSDT Fear extrême (14/100) — taille ×0.5
2026-06-19 05:41:05 [INFO] SOLUSDT Fear extrême (14/100) — taille ×0.5
2026-06-19 05:41:06 [INFO] AVAXUSDT Score=22 action=BLOCK regime=trending_down | Pos=0/6 | Solde=937.67 ×0.94 | WR=25% PnL=-5.95
2026-06-19 05:41:21 [INFO] SOLUSDT Fear extrême (14/100) — taille ×0.5
2026-06-19 05:41:37 [INFO] SOLUSDT Fear extrême (14/100) — taille ×0.5
2026-06-19 05:41:53 [INFO] SOLUSDT Fear extrême (14/100) — taille ×0.5
2026-06-19 05:42:09 [INFO] SOLUSDT Fear extrême (14/100) — taille ×0.5
2026-06-19 05:42:25 [INFO] SOLUSDT Fear extrême (14/100) — taille ×0.5
2026-06-19 05:42:41 [INFO] SOLUSDT Fear extrême (14/100) — taille ×0.5
2026-06-19 05:42:57 [INFO] SOLUSDT Score=54 action=HOLD regime=ranging | Pos=0/6 | Solde=937.67 ×0.94 | WR=25% PnL=-5.95
2026-06-19 05:43:13 [INFO] SOLUSDT Score=70 action=BUY regime=ranging | Pos=0/6 | Solde=937.67 ×0.94 | WR=25% PnL=-5.95
2026-06-19 05:43:13 [INFO] SOLUSDT Fear extrême (14/100) — taille ×0.5
2026-06-19 05:43:29 [INFO] SOLUSDT Fear extrême (14/100) — taille ×0.5
2026-06-19 05:43:45 [INFO] SOLUSDT Score=54 action=HOLD regime=ranging | Pos=0/6 | Solde=937.67 ×0.94 | WR=25% PnL=-5.95
2026-06-19 05:44:01 [INFO] SOLUSDT Score=70 action=BUY regime=ranging | Pos=0/6 | Solde=937.67 ×0.94 | WR=25% PnL=-5.95
2026-06-19 05:44:01 [INFO] SOLUSDT Fear extrême (14/100) — taille ×0.5
2026-06-19 05:44:17 [INFO] SOLUSDT Score=54 action=HOLD regime=ranging | Pos=0/6 | Solde=937.67 ×0.94 | WR=25% PnL=-5.95
2026-06-19 05:45:05 [INFO] SOLUSDT Score=82 action=BUY regime=ranging | Pos=0/6 | Solde=937.67 ×0.94 | WR=25% PnL=-5.95
2026-06-19 05:45:05 [INFO] SOLUSDT Fear extrême (14/100) — taille ×0.5
2026-06-19 05:45:05 [INFO] BTC EMA21 1h baissière — filtre macro actif
2026-06-19 05:45:05 [INFO] SOLUSDT BTC baissier — taille ×0.5
2026-06-19 05:45:05 [INFO] SOLUSDT bloqué — ATR trop faible (0.42% < 0.50%)
2026-06-19 05:45:21 [INFO] SOLUSDT Fear extrême (14/100) — taille ×0.5
2026-06-19 05:45:37 [INFO] SOLUSDT Fear extrême (14/100) — taille ×0.5
2026-06-19 05:45:53 [INFO] SOLUSDT Fear extrême (14/100) — taille ×0.5
2026-06-19 05:46:09 [INFO] SOLUSDT Score=64 action=HOLD regime=ranging | Pos=0/6 | Solde=937.67 ×0.94 | WR=25% PnL=-5.95
2026-06-19 05:46:09 [INFO] AVAXUSDT Score=24 action=BLOCK regime=trending_down | Pos=0/6 | Solde=937.67 ×0.94 | WR=25% PnL=-5.95
2026-06-19 05:49:52 [INFO] SOLUSDT Score=82 action=BUY regime=ranging | Pos=0/6 | Solde=937.67 ×0.94 | WR=25% PnL=-5.95
2026-06-19 05:49:52 [INFO] SOLUSDT Fear extrême (14/100) — taille ×0.5
2026-06-19 05:50:08 [INFO] SOLUSDT Fear extrême (14/100) — taille ×0.5
2026-06-19 05:50:09 [INFO] BTC EMA21 1h baissière — filtre macro actif
2026-06-19 05:50:09 [INFO] SOLUSDT BTC baissier — taille ×0.5
2026-06-19 05:50:09 [INFO] SOLUSDT bloqué — ATR trop faible (0.43% < 0.50%)
2026-06-19 05:50:25 [INFO] SOLUSDT Fear extrême (14/100) — taille ×0.5
2026-06-19 05:50:41 [INFO] SOLUSDT Score=64 action=HOLD regime=ranging | Pos=0/6 | Solde=937.67 ×0.94 | WR=25% PnL=-5.95
2026-06-19 05:51:13 [INFO] AVAXUSDT Score=22 action=BLOCK regime=trending_down | Pos=0/6 | Solde=937.67 ×0.94 | WR=25% PnL=-5.95
2026-06-19 05:53:20 [INFO] SOLUSDT Score=78 action=BUY regime=ranging | Pos=0/6 | Solde=937.67 ×0.94 | WR=25% PnL=-5.95
2026-06-19 05:53:20 [INFO] SOLUSDT Fear extrême (14/100) — taille ×0.5
2026-06-19 05:53:36 [INFO] SOLUSDT Fear extrême (14/100) — taille ×0.5
2026-06-19 05:53:52 [INFO] SOLUSDT Fear extrême (14/100) — taille ×0.5
2026-06-19 05:54:08 [INFO] SOLUSDT Fear extrême (14/100) — taille ×0.5
2026-06-19 05:54:24 [INFO] SOLUSDT Fear extrême (14/100) — taille ×0.5
2026-06-19 05:54:40 [INFO] SOLUSDT Fear extrême (14/100) — taille ×0.5
2026-06-19 05:54:56 [INFO] SOLUSDT Fear extrême (14/100) — taille ×0.5
2026-06-19 05:55:12 [INFO] SOLUSDT Fear extrême (14/100) — taille ×0.5
2026-06-19 05:55:12 [INFO] BTC EMA21 1h baissière — filtre macro actif
2026-06-19 05:55:12 [INFO] SOLUSDT BTC baissier — taille ×0.5
2026-06-19 05:55:12 [INFO] SOLUSDT bloqué — ATR trop faible (0.43% < 0.50%)
2026-06-19 05:55:28 [INFO] SOLUSDT Fear extrême (14/100) — taille ×0.5
2026-06-19 05:55:44 [INFO] SOLUSDT Fear extrême (14/100) — taille ×0.5
2026-06-19 05:56:00 [INFO] SOLUSDT Fear extrême (14/100) — taille ×0.5
2026-06-19 05:56:16 [INFO] SOLUSDT Fear extrême (14/100) — taille ×0.5
2026-06-19 05:56:16 [INFO] AVAXUSDT Score=22 action=BLOCK regime=trending_down | Pos=0/6 | Solde=937.67 ×0.94 | WR=25% PnL=-5.95
2026-06-19 05:56:32 [INFO] SOLUSDT Fear extrême (14/100) — taille ×0.5
2026-06-19 05:56:48 [INFO] SOLUSDT Fear extrême (14/100) — taille ×0.5
2026-06-19 05:57:04 [INFO] SOLUSDT Fear extrême (14/100) — taille ×0.5
2026-06-19 05:57:20 [INFO] SOLUSDT Fear extrême (14/100) — taille ×0.5
2026-06-19 05:57:36 [INFO] SOLUSDT Fear extrême (14/100) — taille ×0.5
2026-06-19 05:57:51 [INFO] SOLUSDT Fear extrême (14/100) — taille ×0.5
2026-06-19 05:58:07 [INFO] SOLUSDT Score=58 action=HOLD regime=ranging | Pos=0/6 | Solde=937.67 ×0.94 | WR=25% PnL=-5.95
2026-06-19 05:58:23 [INFO] SOLUSDT Score=78 action=BUY regime=ranging | Pos=0/6 | Solde=937.67 ×0.94 | WR=25% PnL=-5.95
2026-06-19 05:58:23 [INFO] SOLUSDT Fear extrême (14/100) — taille ×0.5
2026-06-19 05:58:39 [INFO] SOLUSDT Fear extrême (14/100) — taille ×0.5
2026-06-19 05:58:55 [INFO] SOLUSDT Fear extrême (14/100) — taille ×0.5
2026-06-19 05:59:11 [INFO] SOLUSDT Fear extrême (14/100) — taille ×0.5
2026-06-19 05:59:27 [INFO] SOLUSDT Fear extrême (14/100) — taille ×0.5
2026-06-19 05:59:43 [INFO] SOLUSDT Fear extrême (14/100) — taille ×0.5
2026-06-19 05:59:59 [INFO] SOLUSDT Fear extrême (14/100) — taille ×0.5
2026-06-19 06:00:15 [INFO] SOLUSDT Score=56 action=HOLD regime=ranging | Pos=0/6 | Solde=937.67 ×0.94 | WR=25% PnL=-5.95
2026-06-19 06:01:19 [INFO] SOLUSDT Score=70 action=BUY regime=ranging | Pos=0/6 | Solde=937.67 ×0.94 | WR=25% PnL=-5.95
2026-06-19 06:01:19 [INFO] SOLUSDT Fear extrême (14/100) — taille ×0.5
2026-06-19 06:01:19 [INFO] BTC EMA21 1h baissière — filtre macro actif
2026-06-19 06:01:19 [INFO] SOLUSDT BTC baissier — taille ×0.5
2026-06-19 06:01:19 [INFO] SOLUSDT bloqué — ATR trop faible (0.42% < 0.50%)
2026-06-19 06:01:20 [INFO] AVAXUSDT Score=22 action=BLOCK regime=trending_down | Pos=0/6 | Solde=937.67 ×0.94 | WR=25% PnL=-5.95
2026-06-19 06:01:35 [INFO] SOLUSDT Fear extrême (14/100) — taille ×0.5
2026-06-19 06:01:51 [INFO] SOLUSDT Fear extrême (14/100) — taille ×0.5
2026-06-19 06:02:07 [INFO] SOLUSDT Fear extrême (14/100) — taille ×0.5
2026-06-19 06:02:23 [INFO] SOLUSDT Fear extrême (14/100) — taille ×0.5
2026-06-19 06:02:39 [INFO] SOLUSDT Fear extrême (14/100) — taille ×0.5
2026-06-19 06:02:55 [INFO] SOLUSDT Fear extrême (14/100) — taille ×0.5
2026-06-19 06:03:11 [INFO] SOLUSDT Fear extrême (14/100) — taille ×0.5
2026-06-19 06:03:27 [INFO] SOLUSDT Fear extrême (14/100) — taille ×0.5
2026-06-19 06:03:43 [INFO] SOLUSDT Fear extrême (14/100) — taille ×0.5
2026-06-19 06:03:59 [INFO] SOLUSDT Fear extrême (14/100) — taille ×0.5
2026-06-19 06:04:15 [INFO] SOLUSDT Fear extrême (14/100) — taille ×0.5
2026-06-19 06:04:31 [INFO] SOLUSDT Fear extrême (14/100) — taille ×0.5
2026-06-19 06:04:47 [INFO] SOLUSDT Fear extrême (14/100) — taille ×0.5
2026-06-19 06:05:03 [INFO] SOLUSDT Fear extrême (14/100) — taille ×0.5
2026-06-19 06:05:19 [INFO] SOLUSDT Fear extrême (14/100) — taille ×0.5
2026-06-19 06:05:35 [INFO] SOLUSDT Fear extrême (14/100) — taille ×0.5
2026-06-19 06:05:51 [INFO] SOLUSDT Fear extrême (14/100) — taille ×0.5
2026-06-19 06:06:07 [INFO] SOLUSDT Fear extrême (14/100) — taille ×0.5
2026-06-19 06:06:23 [INFO] SOLUSDT Score=70 action=BUY regime=ranging | Pos=0/6 | Solde=937.67 ×0.94 | WR=25% PnL=-5.95
2026-06-19 06:06:23 [INFO] SOLUSDT Fear extrême (14/100) — taille ×0.5
2026-06-19 06:06:23 [INFO] BTC EMA21 1h baissière — filtre macro actif
2026-06-19 06:06:23 [INFO] SOLUSDT BTC baissier — taille ×0.5
2026-06-19 06:06:23 [INFO] SOLUSDT bloqué — ATR trop faible (0.44% < 0.50%)
2026-06-19 06:06:23 [INFO] AVAXUSDT Score=22 action=BLOCK regime=trending_down | Pos=0/6 | Solde=937.67 ×0.94 | WR=25% PnL=-5.95
2026-06-19 06:06:39 [INFO] SOLUSDT Fear extrême (14/100) — taille ×0.5
2026-06-19 06:06:55 [INFO] SOLUSDT Fear extrême (14/100) — taille ×0.5
2026-06-19 06:07:11 [INFO] SOLUSDT Fear extrême (14/100) — taille ×0.5
2026-06-19 06:07:27 [INFO] SOLUSDT Fear extrême (14/100) — taille ×0.5
2026-06-19 06:07:43 [INFO] SOLUSDT Score=54 action=HOLD regime=ranging | Pos=0/6 | Solde=937.67 ×0.94 | WR=25% PnL=-5.95
2026-06-19 06:07:59 [INFO] SOLUSDT Score=70 action=BUY regime=ranging | Pos=0/6 | Solde=937.67 ×0.94 | WR=25% PnL=-5.95
2026-06-19 06:07:59 [INFO] SOLUSDT Fear extrême (14/100) — taille ×0.5
2026-06-19 06:08:15 [INFO] SOLUSDT Fear extrême (14/100) — taille ×0.5
2026-06-19 06:08:30 [INFO] SOLUSDT Fear extrême (14/100) — taille ×0.5
2026-06-19 06:08:46 [INFO] SOLUSDT Fear extrême (14/100) — taille ×0.5
2026-06-19 06:09:02 [INFO] SOLUSDT Fear extrême (14/100) — taille ×0.5
2026-06-19 06:09:18 [INFO] SOLUSDT Fear extrême (14/100) — taille ×0.5
2026-06-19 06:09:34 [INFO] SOLUSDT Fear extrême (14/100) — taille ×0.5
2026-06-19 06:09:50 [INFO] SOLUSDT Fear extrême (14/100) — taille ×0.5
2026-06-19 06:10:06 [INFO] SOLUSDT Score=54 action=HOLD regime=ranging | Pos=0/6 | Solde=937.67 ×0.94 | WR=25% PnL=-5.95
2026-06-19 06:10:38 [INFO] SOLUSDT Score=80 action=BUY regime=ranging | Pos=0/6 | Solde=937.67 ×0.94 | WR=25% PnL=-5.95
2026-06-19 06:10:38 [INFO] SOLUSDT Fear extrême (14/100) — taille ×0.5
2026-06-19 06:10:54 [INFO] SOLUSDT Fear extrême (14/100) — taille ×0.5
2026-06-19 06:11:10 [INFO] SOLUSDT Fear extrême (14/100) — taille ×0.5
2026-06-19 06:11:26 [INFO] SOLUSDT Fear extrême (14/100) — taille ×0.5
2026-06-19 06:11:26 [INFO] BTC EMA21 1h baissière — filtre macro actif
2026-06-19 06:11:26 [INFO] SOLUSDT BTC baissier — taille ×0.5
2026-06-19 06:11:26 [INFO] SOLUSDT bloqué — ATR trop faible (0.45% < 0.50%)
2026-06-19 06:11:27 [INFO] AVAXUSDT Score=22 action=BLOCK regime=trending_down | Pos=0/6 | Solde=937.67 ×0.94 | WR=25% PnL=-5.95
2026-06-19 06:11:42 [INFO] SOLUSDT Fear extrême (14/100) — taille ×0.5
2026-06-19 06:11:58 [INFO] SOLUSDT Fear extrême (14/100) — taille ×0.5
2026-06-19 06:12:14 [INFO] SOLUSDT Fear extrême (14/100) — taille ×0.5
2026-06-19 06:12:30 [INFO] SOLUSDT Fear extrême (14/100) — taille ×0.5
2026-06-19 06:12:46 [INFO] SOLUSDT Score=58 action=HOLD regime=ranging | Pos=0/6 | Solde=937.67 ×0.94 | WR=25% PnL=-5.95
2026-06-19 06:13:18 [INFO] SOLUSDT Score=68 action=BUY regime=ranging | Pos=0/6 | Solde=937.67 ×0.94 | WR=25% PnL=-5.95
2026-06-19 06:13:18 [INFO] SOLUSDT Fear extrême (14/100) — taille ×0.5
2026-06-19 06:13:34 [INFO] SOLUSDT Fear extrême (14/100) — taille ×0.5
2026-06-19 06:13:50 [INFO] SOLUSDT Fear extrême (14/100) — taille ×0.5
2026-06-19 06:14:06 [INFO] SOLUSDT Fear extrême (14/100) — taille ×0.5
2026-06-19 06:14:22 [INFO] SOLUSDT Fear extrême (14/100) — taille ×0.5
2026-06-19 06:14:38 [INFO] SOLUSDT Fear extrême (14/100) — taille ×0.5
2026-06-19 06:14:54 [INFO] SOLUSDT Score=58 action=HOLD regime=ranging | Pos=0/6 | Solde=937.67 ×0.94 | WR=25% PnL=-5.95
2026-06-19 06:16:30 [INFO] AVAXUSDT Score=24 action=BLOCK regime=trending_down | Pos=0/6 | Solde=937.67 ×0.94 | WR=25% PnL=-5.95
2026-06-19 06:19:57 [INFO] SOLUSDT Score=42 action=HOLD regime=ranging | Pos=0/6 | Solde=937.67 ×0.94 | WR=25% PnL=-5.95
2026-06-19 06:20:13 [INFO] SOLUSDT Score=70 action=BUY regime=ranging | Pos=0/6 | Solde=937.67 ×0.94 | WR=25% PnL=-5.95
2026-06-19 06:20:13 [INFO] Fear & Greed index = 14/100
2026-06-19 06:20:13 [INFO] SOLUSDT Fear extrême (14/100) — taille ×0.5
2026-06-19 06:20:13 [INFO] BTC EMA21 1h baissière — filtre macro actif
2026-06-19 06:20:13 [INFO] SOLUSDT BTC baissier — taille ×0.5
2026-06-19 06:20:13 [INFO] SOLUSDT bloqué — ATR trop faible (0.46% < 0.50%)
2026-06-19 06:20:29 [INFO] SOLUSDT Fear extrême (14/100) — taille ×0.5
2026-06-19 06:20:45 [INFO] SOLUSDT Fear extrême (14/100) — taille ×0.5
2026-06-19 06:21:01 [INFO] SOLUSDT Fear extrême (14/100) — taille ×0.5
2026-06-19 06:21:17 [INFO] SOLUSDT Fear extrême (14/100) — taille ×0.5
2026-06-19 06:21:33 [INFO] SOLUSDT Fear extrême (14/100) — taille ×0.5
2026-06-19 06:21:34 [INFO] AVAXUSDT Score=22 action=BLOCK regime=trending_down | Pos=0/6 | Solde=937.67 ×0.94 | WR=25% PnL=-5.95
2026-06-19 06:21:49 [INFO] SOLUSDT Fear extrême (14/100) — taille ×0.5
2026-06-19 06:22:05 [INFO] SOLUSDT Fear extrême (14/100) — taille ×0.5
2026-06-19 06:22:21 [INFO] SOLUSDT Fear extrême (14/100) — taille ×0.5
2026-06-19 06:22:37 [INFO] SOLUSDT Fear extrême (14/100) — taille ×0.5
2026-06-19 06:22:53 [INFO] SOLUSDT Fear extrême (14/100) — taille ×0.5
2026-06-19 06:23:09 [INFO] SOLUSDT Fear extrême (14/100) — taille ×0.5
2026-06-19 06:23:25 [INFO] SOLUSDT Fear extrême (14/100) — taille ×0.5
2026-06-19 06:23:41 [INFO] SOLUSDT Fear extrême (14/100) — taille ×0.5
2026-06-19 06:23:57 [INFO] SOLUSDT Fear extrême (14/100) — taille ×0.5
2026-06-19 06:24:13 [INFO] SOLUSDT Fear extrême (14/100) — taille ×0.5
2026-06-19 06:24:29 [INFO] SOLUSDT Fear extrême (14/100) — taille ×0.5
2026-06-19 06:24:45 [INFO] SOLUSDT Fear extrême (14/100) — taille ×0.5
2026-06-19 06:25:01 [INFO] SOLUSDT Fear extrême (14/100) — taille ×0.5
2026-06-19 06:25:17 [INFO] SOLUSDT Score=70 action=BUY regime=ranging | Pos=0/6 | Solde=937.67 ×0.94 | WR=25% PnL=-5.95
2026-06-19 06:25:17 [INFO] SOLUSDT Fear extrême (14/100) — taille ×0.5
2026-06-19 06:25:17 [INFO] BTC EMA21 1h baissière — filtre macro actif
2026-06-19 06:25:17 [INFO] SOLUSDT BTC baissier — taille ×0.5
2026-06-19 06:25:17 [INFO] SOLUSDT bloqué — ATR trop faible (0.47% < 0.50%)
2026-06-19 06:25:33 [INFO] SOLUSDT Fear extrême (14/100) — taille ×0.5
2026-06-19 06:25:49 [INFO] SOLUSDT Fear extrême (14/100) — taille ×0.5
2026-06-19 06:26:05 [INFO] SOLUSDT Fear extrême (14/100) — taille ×0.5
2026-06-19 06:26:21 [INFO] SOLUSDT Fear extrême (14/100) — taille ×0.5
2026-06-19 06:26:36 [INFO] SOLUSDT Fear extrême (14/100) — taille ×0.5
2026-06-19 06:26:37 [INFO] AVAXUSDT Score=28 action=BLOCK regime=trending_down | Pos=0/6 | Solde=937.67 ×0.94 | WR=25% PnL=-5.95
2026-06-19 06:26:52 [INFO] SOLUSDT Fear extrême (14/100) — taille ×0.5
2026-06-19 06:27:08 [INFO] SOLUSDT Fear extrême (14/100) — taille ×0.5
2026-06-19 06:27:24 [INFO] SOLUSDT Fear extrême (14/100) — taille ×0.5
2026-06-19 06:27:40 [INFO] SOLUSDT Fear extrême (14/100) — taille ×0.5
2026-06-19 06:27:56 [INFO] SOLUSDT Fear extrême (14/100) — taille ×0.5
2026-06-19 06:28:12 [INFO] SOLUSDT Fear extrême (14/100) — taille ×0.5
2026-06-19 06:28:28 [INFO] SOLUSDT Fear extrême (14/100) — taille ×0.5
2026-06-19 06:28:45 [INFO] SOLUSDT Fear extrême (14/100) — taille ×0.5
2026-06-19 06:29:00 [INFO] SOLUSDT Fear extrême (14/100) — taille ×0.5
2026-06-19 06:29:16 [INFO] SOLUSDT Fear extrême (14/100) — taille ×0.5
2026-06-19 06:29:32 [INFO] SOLUSDT Fear extrême (14/100) — taille ×0.5
2026-06-19 06:29:48 [INFO] SOLUSDT Fear extrême (14/100) — taille ×0.5
2026-06-19 06:30:04 [INFO] SOLUSDT Fear extrême (14/100) — taille ×0.5
2026-06-19 06:30:20 [INFO] SOLUSDT Score=82 action=BUY regime=ranging | Pos=0/6 | Solde=937.67 ×0.94 | WR=25% PnL=-5.95
2026-06-19 06:30:20 [INFO] SOLUSDT Fear extrême (14/100) — taille ×0.5
2026-06-19 06:30:21 [INFO] BTC EMA21 1h baissière — filtre macro actif
2026-06-19 06:30:21 [INFO] SOLUSDT BTC baissier — taille ×0.5
2026-06-19 06:30:21 [INFO] SOLUSDT bloqué — ATR trop faible (0.44% < 0.50%)
2026-06-19 06:30:36 [INFO] SOLUSDT Fear extrême (14/100) — taille ×0.5
2026-06-19 06:30:52 [INFO] SOLUSDT Fear extrême (14/100) — taille ×0.5
2026-06-19 06:31:08 [INFO] SOLUSDT Fear extrême (14/100) — taille ×0.5
2026-06-19 06:31:24 [INFO] SOLUSDT Fear extrême (14/100) — taille ×0.5
2026-06-19 06:31:40 [INFO] SOLUSDT Fear extrême (14/100) — taille ×0.5
2026-06-19 06:31:41 [INFO] AVAXUSDT Score=22 action=BLOCK regime=trending_down | Pos=0/6 | Solde=937.67 ×0.94 | WR=25% PnL=-5.95
2026-06-19 06:31:56 [INFO] SOLUSDT Fear extrême (14/100) — taille ×0.5
2026-06-19 06:32:12 [INFO] SOLUSDT Fear extrême (14/100) — taille ×0.5
2026-06-19 06:32:28 [INFO] SOLUSDT Fear extrême (14/100) — taille ×0.5
2026-06-19 06:32:44 [INFO] SOLUSDT Fear extrême (14/100) — taille ×0.5
2026-06-19 06:33:00 [INFO] SOLUSDT Fear extrême (14/100) — taille ×0.5
2026-06-19 06:33:16 [INFO] SOLUSDT Fear extrême (14/100) — taille ×0.5
2026-06-19 06:33:32 [INFO] SOLUSDT Fear extrême (14/100) — taille ×0.5
2026-06-19 06:33:48 [INFO] SOLUSDT Fear extrême (14/100) — taille ×0.5
2026-06-19 06:34:05 [INFO] SOLUSDT Fear extrême (14/100) — taille ×0.5
2026-06-19 06:34:21 [INFO] SOLUSDT Fear extrême (14/100) — taille ×0.5
2026-06-19 06:34:37 [INFO] SOLUSDT Fear extrême (14/100) — taille ×0.5
2026-06-19 06:34:53 [INFO] SOLUSDT Fear extrême (14/100) — taille ×0.5
2026-06-19 06:35:09 [INFO] SOLUSDT Fear extrême (14/100) — taille ×0.5
2026-06-19 06:35:24 [INFO] SOLUSDT Score=80 action=BUY regime=ranging | Pos=0/6 | Solde=937.67 ×0.94 | WR=25% PnL=-5.95
2026-06-19 06:35:24 [INFO] SOLUSDT Fear extrême (14/100) — taille ×0.5
2026-06-19 06:35:25 [INFO] BTC EMA21 1h baissière — filtre macro actif
2026-06-19 06:35:25 [INFO] SOLUSDT BTC baissier — taille ×0.5
2026-06-19 06:35:25 [INFO] SOLUSDT bloqué — ATR trop faible (0.48% < 0.50%)
2026-06-19 06:35:41 [INFO] SOLUSDT Fear extrême (14/100) — taille ×0.5
2026-06-19 06:35:57 [INFO] SOLUSDT Fear extrême (14/100) — taille ×0.5
2026-06-19 06:36:13 [INFO] SOLUSDT Fear extrême (14/100) — taille ×0.5
2026-06-19 06:36:29 [INFO] SOLUSDT Fear extrême (14/100) — taille ×0.5
2026-06-19 06:36:44 [INFO] SOLUSDT Fear extrême (14/100) — taille ×0.5
2026-06-19 06:36:45 [INFO] AVAXUSDT Score=22 action=BLOCK regime=trending_down | Pos=0/6 | Solde=937.67 ×0.94 | WR=25% PnL=-5.95
2026-06-19 06:37:00 [INFO] SOLUSDT Fear extrême (14/100) — taille ×0.5
2026-06-19 06:37:16 [INFO] SOLUSDT Fear extrême (14/100) — taille ×0.5
2026-06-19 06:37:32 [INFO] SOLUSDT Fear extrême (14/100) — taille ×0.5
2026-06-19 06:37:48 [INFO] SOLUSDT Fear extrême (14/100) — taille ×0.5
2026-06-19 06:38:04 [INFO] SOLUSDT Fear extrême (14/100) — taille ×0.5
2026-06-19 06:38:20 [INFO] SOLUSDT Fear extrême (14/100) — taille ×0.5
2026-06-19 06:38:36 [INFO] SOLUSDT Fear extrême (14/100) — taille ×0.5
2026-06-19 06:38:52 [INFO] SOLUSDT Fear extrême (14/100) — taille ×0.5
2026-06-19 06:39:08 [INFO] SOLUSDT Fear extrême (14/100) — taille ×0.5
2026-06-19 06:39:24 [INFO] SOLUSDT Fear extrême (14/100) — taille ×0.5
2026-06-19 06:39:40 [INFO] SOLUSDT Fear extrême (14/100) — taille ×0.5
2026-06-19 06:39:56 [INFO] SOLUSDT Fear extrême (14/100) — taille ×0.5
2026-06-19 06:40:12 [INFO] SOLUSDT Fear extrême (14/100) — taille ×0.5
2026-06-19 06:40:28 [INFO] SOLUSDT Score=80 action=BUY regime=ranging | Pos=0/6 | Solde=937.67 ×0.94 | WR=25% PnL=-5.95
2026-06-19 06:40:28 [INFO] SOLUSDT Fear extrême (14/100) — taille ×0.5
2026-06-19 06:40:28 [INFO] BTC EMA21 1h baissière — filtre macro actif
2026-06-19 06:40:28 [INFO] SOLUSDT BTC baissier — taille ×0.5
2026-06-19 06:40:28 [INFO] SOLUSDT bloqué — ATR trop faible (0.48% < 0.50%)
2026-06-19 06:40:44 [INFO] SOLUSDT Fear extrême (14/100) — taille ×0.5
2026-06-19 06:41:00 [INFO] SOLUSDT Fear extrême (14/100) — taille ×0.5
2026-06-19 06:41:16 [INFO] SOLUSDT Fear extrême (14/100) — taille ×0.5
2026-06-19 06:41:32 [INFO] SOLUSDT Fear extrême (14/100) — taille ×0.5
2026-06-19 06:41:48 [INFO] SOLUSDT Fear extrême (14/100) — taille ×0.5
2026-06-19 06:41:48 [INFO] AVAXUSDT Score=28 action=BLOCK regime=trending_down | Pos=0/6 | Solde=937.67 ×0.94 | WR=25% PnL=-5.95
2026-06-19 06:42:04 [INFO] SOLUSDT Fear extrême (14/100) — taille ×0.5
2026-06-19 06:42:20 [INFO] SOLUSDT Fear extrême (14/100) — taille ×0.5
2026-06-19 06:42:36 [INFO] SOLUSDT Fear extrême (14/100) — taille ×0.5
2026-06-19 06:42:52 [INFO] SOLUSDT Fear extrême (14/100) — taille ×0.5
2026-06-19 06:43:08 [INFO] SOLUSDT Fear extrême (14/100) — taille ×0.5
2026-06-19 06:43:24 [INFO] SOLUSDT Fear extrême (14/100) — taille ×0.5
2026-06-19 06:43:39 [INFO] SOLUSDT Fear extrême (14/100) — taille ×0.5
2026-06-19 06:43:55 [INFO] SOLUSDT Fear extrême (14/100) — taille ×0.5
2026-06-19 06:44:11 [INFO] SOLUSDT Fear extrême (14/100) — taille ×0.5
2026-06-19 06:44:27 [INFO] SOLUSDT Fear extrême (14/100) — taille ×0.5
2026-06-19 06:44:43 [INFO] SOLUSDT Fear extrême (14/100) — taille ×0.5
2026-06-19 06:44:59 [INFO] SOLUSDT Fear extrême (14/100) — taille ×0.5
2026-06-19 06:45:15 [INFO] SOLUSDT Fear extrême (14/100) — taille ×0.5
2026-06-19 06:45:31 [INFO] SOLUSDT Score=82 action=BUY regime=ranging | Pos=0/6 | Solde=937.67 ×0.94 | WR=25% PnL=-5.95
2026-06-19 06:45:31 [INFO] SOLUSDT Fear extrême (14/100) — taille ×0.5
2026-06-19 06:45:31 [INFO] BTC EMA21 1h baissière — filtre macro actif
2026-06-19 06:45:31 [INFO] SOLUSDT BTC baissier — taille ×0.5
2026-06-19 06:45:31 [INFO] SOLUSDT bloqué — ATR trop faible (0.45% < 0.50%)
2026-06-19 06:45:47 [INFO] SOLUSDT Fear extrême (14/100) — taille ×0.5
2026-06-19 06:46:03 [INFO] SOLUSDT bloque — 3 bougies baissières consecutives
2026-06-19 06:46:35 [INFO] SOLUSDT Fear extrême (14/100) — taille ×0.5
2026-06-19 06:46:51 [INFO] SOLUSDT Fear extrême (14/100) — taille ×0.5
2026-06-19 06:46:52 [INFO] AVAXUSDT Score=20 action=BLOCK regime=trending_down | Pos=0/6 | Solde=937.67 ×0.94 | WR=25% PnL=-5.95
2026-06-19 06:47:07 [INFO] SOLUSDT Fear extrême (14/100) — taille ×0.5
2026-06-19 06:47:23 [INFO] SOLUSDT Fear extrême (14/100) — taille ×0.5
2026-06-19 06:47:39 [INFO] SOLUSDT Fear extrême (14/100) — taille ×0.5
2026-06-19 06:47:55 [INFO] SOLUSDT Fear extrême (14/100) — taille ×0.5
2026-06-19 06:48:11 [INFO] SOLUSDT Fear extrême (14/100) — taille ×0.5
2026-06-19 06:48:27 [INFO] SOLUSDT Fear extrême (14/100) — taille ×0.5
2026-06-19 06:49:15 [INFO] SOLUSDT Fear extrême (14/100) — taille ×0.5
2026-06-19 06:49:31 [INFO] SOLUSDT Fear extrême (14/100) — taille ×0.5
2026-06-19 06:49:47 [INFO] SOLUSDT Fear extrême (14/100) — taille ×0.5
2026-06-19 06:50:03 [INFO] SOLUSDT Fear extrême (14/100) — taille ×0.5
2026-06-19 06:50:19 [INFO] SOLUSDT Fear extrême (14/100) — taille ×0.5
2026-06-19 06:50:35 [INFO] SOLUSDT Score=80 action=BUY regime=ranging | Pos=0/6 | Solde=937.67 ×0.94 | WR=25% PnL=-5.95
2026-06-19 06:50:35 [INFO] SOLUSDT Fear extrême (14/100) — taille ×0.5
2026-06-19 06:50:35 [INFO] BTC EMA21 1h baissière — filtre macro actif
2026-06-19 06:50:35 [INFO] SOLUSDT BTC baissier — taille ×0.5
2026-06-19 06:50:35 [INFO] SOLUSDT bloqué — ATR trop faible (0.46% < 0.50%)
2026-06-19 06:50:52 [INFO] SOLUSDT Fear extrême (14/100) — taille ×0.5
2026-06-19 06:51:08 [INFO] SOLUSDT bloque — 3 bougies baissières consecutives
2026-06-19 06:51:56 [INFO] AVAXUSDT Score=22 action=BLOCK regime=trending_down | Pos=0/6 | Solde=937.67 ×0.94 | WR=25% PnL=-5.95
2026-06-19 06:55:39 [INFO] SOLUSDT Score=80 action=BUY regime=ranging | Pos=0/6 | Solde=937.67 ×0.94 | WR=25% PnL=-5.95
2026-06-19 06:56:11 [INFO] SOLUSDT bloque — 3 bougies baissières consecutives
2026-06-19 06:56:59 [INFO] AVAXUSDT Score=22 action=BLOCK regime=trending_down | Pos=0/6 | Solde=937.67 ×0.94 | WR=25% PnL=-5.95
2026-06-19 07:00:10 [INFO] SOLUSDT Fear extrême (14/100) — taille ×0.5
2026-06-19 07:00:10 [INFO] BTC EMA21 1h baissière — filtre macro actif
2026-06-19 07:00:10 [INFO] SOLUSDT BTC baissier — taille ×0.5
2026-06-19 07:00:10 [INFO] SOLUSDT bloqué — ATR trop faible (0.46% < 0.50%)
2026-06-19 07:00:26 [INFO] SOLUSDT Fear extrême (14/100) — taille ×0.5
2026-06-19 07:00:42 [INFO] SOLUSDT Score=80 action=BUY regime=ranging | Pos=0/6 | Solde=937.67 ×0.94 | WR=25% PnL=-5.95
2026-06-19 07:00:42 [INFO] SOLUSDT Fear extrême (14/100) — taille ×0.5
2026-06-19 07:00:58 [INFO] SOLUSDT Fear extrême (14/100) — taille ×0.5
2026-06-19 07:01:14 [INFO] SOLUSDT Fear extrême (14/100) — taille ×0.5
2026-06-19 07:01:30 [INFO] SOLUSDT Fear extrême (14/100) — taille ×0.5
2026-06-19 07:01:46 [INFO] SOLUSDT Fear extrême (14/100) — taille ×0.5
2026-06-19 07:02:02 [INFO] SOLUSDT Fear extrême (14/100) — taille ×0.5
2026-06-19 07:02:03 [INFO] AVAXUSDT Score=20 action=BLOCK regime=trending_down | Pos=0/6 | Solde=937.67 ×0.94 | WR=25% PnL=-5.95
2026-06-19 07:02:18 [INFO] SOLUSDT Fear extrême (14/100) — taille ×0.5
2026-06-19 07:02:35 [INFO] SOLUSDT Fear extrême (14/100) — taille ×0.5
2026-06-19 07:02:51 [INFO] SOLUSDT Score=60 action=HOLD regime=ranging | Pos=0/6 | Solde=937.67 ×0.94 | WR=25% PnL=-5.95
2026-06-19 07:03:07 [INFO] SOLUSDT Score=68 action=BUY regime=ranging | Pos=0/6 | Solde=937.67 ×0.94 | WR=25% PnL=-5.95
2026-06-19 07:03:07 [INFO] SOLUSDT Fear extrême (14/100) — taille ×0.5
2026-06-19 07:03:22 [INFO] SOLUSDT Fear extrême (14/100) — taille ×0.5
2026-06-19 07:03:38 [INFO] SOLUSDT Score=60 action=HOLD regime=ranging | Pos=0/6 | Solde=937.67 ×0.94 | WR=25% PnL=-5.95
2026-06-19 07:04:10 [INFO] SOLUSDT Score=68 action=BUY regime=ranging | Pos=0/6 | Solde=937.67 ×0.94 | WR=25% PnL=-5.95
2026-06-19 07:04:10 [INFO] SOLUSDT Fear extrême (14/100) — taille ×0.5
2026-06-19 07:04:26 [INFO] SOLUSDT Score=60 action=HOLD regime=ranging | Pos=0/6 | Solde=937.67 ×0.94 | WR=25% PnL=-5.95
2026-06-19 07:04:58 [INFO] SOLUSDT Score=70 action=BUY regime=ranging | Pos=0/6 | Solde=937.67 ×0.94 | WR=25% PnL=-5.95
2026-06-19 07:04:58 [INFO] SOLUSDT Fear extrême (14/100) — taille ×0.5
2026-06-19 07:05:14 [INFO] SOLUSDT Fear extrême (14/100) — taille ×0.5
2026-06-19 07:05:14 [INFO] BTC EMA21 1h baissière — filtre macro actif
2026-06-19 07:05:14 [INFO] SOLUSDT BTC baissier — taille ×0.5
2026-06-19 07:05:14 [INFO] SOLUSDT bloqué — ATR trop faible (0.48% < 0.50%)
2026-06-19 07:05:30 [INFO] SOLUSDT Fear extrême (14/100) — taille ×0.5
2026-06-19 07:05:46 [INFO] SOLUSDT Fear extrême (14/100) — taille ×0.5
2026-06-19 07:06:02 [INFO] SOLUSDT Fear extrême (14/100) — taille ×0.5
2026-06-19 07:06:18 [INFO] SOLUSDT Fear extrême (14/100) — taille ×0.5
2026-06-19 07:06:34 [INFO] SOLUSDT Fear extrême (14/100) — taille ×0.5
2026-06-19 07:06:50 [INFO] SOLUSDT Fear extrême (14/100) — taille ×0.5
2026-06-19 07:07:06 [INFO] SOLUSDT Fear extrême (14/100) — taille ×0.5
2026-06-19 07:07:07 [INFO] AVAXUSDT Score=2 action=BLOCK regime=trending_down | Pos=0/6 | Solde=937.67 ×0.94 | WR=25% PnL=-5.95
2026-06-19 07:07:22 [INFO] SOLUSDT Fear extrême (14/100) — taille ×0.5
2026-06-19 07:07:38 [INFO] SOLUSDT Fear extrême (14/100) — taille ×0.5
2026-06-19 07:07:54 [INFO] SOLUSDT Fear extrême (14/100) — taille ×0.5
2026-06-19 07:08:10 [INFO] SOLUSDT Fear extrême (14/100) — taille ×0.5
2026-06-19 07:08:26 [INFO] SOLUSDT Fear extrême (14/100) — taille ×0.5
2026-06-19 07:08:42 [INFO] SOLUSDT Fear extrême (14/100) — taille ×0.5
2026-06-19 07:08:58 [INFO] SOLUSDT Score=54 action=HOLD regime=ranging | Pos=0/6 | Solde=937.67 ×0.94 | WR=25% PnL=-5.95
2026-06-19 07:12:10 [INFO] AVAXUSDT Score=2 action=BLOCK regime=trending_down | Pos=0/6 | Solde=937.67 ×0.94 | WR=25% PnL=-5.95
2026-06-19 07:14:01 [INFO] SOLUSDT Score=54 action=HOLD regime=ranging | Pos=0/6 | Solde=937.67 ×0.94 | WR=25% PnL=-5.95
2026-06-19 07:17:13 [INFO] AVAXUSDT Score=2 action=BLOCK regime=trending_down | Pos=0/6 | Solde=937.67 ×0.94 | WR=25% PnL=-5.95
2026-06-19 07:19:04 [INFO] SOLUSDT Score=44 action=HOLD regime=ranging | Pos=0/6 | Solde=937.67 ×0.94 | WR=25% PnL=-5.95
2026-06-19 07:22:16 [INFO] AVAXUSDT Score=2 action=BLOCK regime=trending_down | Pos=0/6 | Solde=937.67 ×0.94 | WR=25% PnL=-5.95
2026-06-19 07:24:08 [INFO] SOLUSDT Score=60 action=HOLD regime=ranging | Pos=0/6 | Solde=937.67 ×0.94 | WR=25% PnL=-5.95
2026-06-19 07:27:20 [INFO] AVAXUSDT Score=0 action=BLOCK regime=trending_down | Pos=0/6 | Solde=937.67 ×0.94 | WR=25% PnL=-5.95
2026-06-19 07:29:12 [INFO] SOLUSDT Score=60 action=HOLD regime=ranging | Pos=0/6 | Solde=937.67 ×0.94 | WR=25% PnL=-5.95
2026-06-19 07:32:24 [INFO] AVAXUSDT Score=0 action=BLOCK regime=trending_down | Pos=0/6 | Solde=937.67 ×0.94 | WR=25% PnL=-5.95
2026-06-19 07:34:16 [INFO] SOLUSDT Score=60 action=HOLD regime=ranging | Pos=0/6 | Solde=937.67 ×0.94 | WR=25% PnL=-5.95
2026-06-19 07:37:28 [INFO] AVAXUSDT Score=2 action=BLOCK regime=trending_down | Pos=0/6 | Solde=937.67 ×0.94 | WR=25% PnL=-5.95
2026-06-19 07:39:19 [INFO] SOLUSDT Score=60 action=HOLD regime=ranging | Pos=0/6 | Solde=937.67 ×0.94 | WR=25% PnL=-5.95
2026-06-19 07:42:31 [INFO] AVAXUSDT Score=2 action=BLOCK regime=trending_down | Pos=0/6 | Solde=937.67 ×0.94 | WR=25% PnL=-5.95
2026-06-19 07:44:22 [INFO] SOLUSDT Score=60 action=HOLD regime=ranging | Pos=0/6 | Solde=937.67 ×0.94 | WR=25% PnL=-5.95
2026-06-19 07:44:38 [INFO] SOLUSDT Score=77 action=BUY regime=ranging | Pos=0/6 | Solde=937.67 ×0.94 | WR=25% PnL=-5.95
2026-06-19 07:44:39 [INFO] Fear & Greed index = 14/100
2026-06-19 07:44:39 [INFO] SOLUSDT Fear extrême (14/100) — taille ×0.5
2026-06-19 07:44:39 [INFO] BTC EMA21 1h baissière — filtre macro actif
2026-06-19 07:44:39 [INFO] SOLUSDT BTC baissier — taille ×0.5
2026-06-19 07:44:39 [INFO] SOLUSDT bloqué — ATR trop faible (0.48% < 0.50%)
2026-06-19 07:44:55 [INFO] SOLUSDT Fear extrême (14/100) — taille ×0.5
2026-06-19 07:45:11 [INFO] SOLUSDT Score=34 action=HOLD regime=ranging | Pos=0/6 | Solde=937.67 ×0.94 | WR=25% PnL=-5.95
2026-06-19 07:47:35 [INFO] AVAXUSDT Score=9 action=BLOCK regime=trending_down | Pos=0/6 | Solde=937.67 ×0.94 | WR=25% PnL=-5.95
2026-06-19 07:50:14 [INFO] SOLUSDT Score=46 action=HOLD regime=ranging | Pos=0/6 | Solde=937.67 ×0.94 | WR=25% PnL=-5.95
2026-06-19 07:52:39 [INFO] AVAXUSDT Score=0 action=BLOCK regime=trending_down | Pos=0/6 | Solde=937.67 ×0.94 | WR=25% PnL=-5.95
2026-06-19 07:55:18 [INFO] SOLUSDT Score=46 action=HOLD regime=ranging | Pos=0/6 | Solde=937.67 ×0.94 | WR=25% PnL=-5.95
2026-06-19 07:57:42 [INFO] AVAXUSDT Score=0 action=BLOCK regime=trending_down | Pos=0/6 | Solde=937.67 ×0.94 | WR=25% PnL=-5.95
2026-06-19 08:00:05 [INFO] SOLUSDT Score=0 action=BLOCK regime=trending_down | Pos=0/6 | Solde=937.67 ×0.94 | WR=25% PnL=-5.95
2026-06-19 08:00:05 [INFO] SOLUSDT bloqué — régime trending_down
2026-06-19 08:02:45 [INFO] AVAXUSDT Score=0 action=BLOCK regime=trending_down | Pos=0/6 | Solde=937.67 ×0.94 | WR=25% PnL=-5.95
2026-06-19 08:05:08 [INFO] SOLUSDT Score=0 action=BLOCK regime=trending_down | Pos=0/6 | Solde=937.67 ×0.94 | WR=25% PnL=-5.95
2026-06-19 08:05:24 [INFO] SOLUSDT Score=35 action=HOLD regime=ranging | Pos=0/6 | Solde=937.67 ×0.94 | WR=25% PnL=-5.95
2026-06-19 08:07:48 [INFO] AVAXUSDT Score=0 action=BLOCK regime=trending_down | Pos=0/6 | Solde=937.67 ×0.94 | WR=25% PnL=-5.95
2026-06-19 08:10:27 [INFO] SOLUSDT Score=35 action=HOLD regime=ranging | Pos=0/6 | Solde=937.67 ×0.94 | WR=25% PnL=-5.95
2026-06-19 08:12:51 [INFO] AVAXUSDT Score=0 action=BLOCK regime=trending_down | Pos=0/6 | Solde=937.67 ×0.94 | WR=25% PnL=-5.95
2026-06-19 08:15:30 [INFO] SOLUSDT Score=27 action=HOLD regime=ranging | Pos=0/6 | Solde=937.67 ×0.94 | WR=25% PnL=-5.95
2026-06-19 08:17:54 [INFO] AVAXUSDT Score=0 action=BLOCK regime=trending_down | Pos=0/6 | Solde=937.67 ×0.94 | WR=25% PnL=-5.95
2026-06-19 08:20:34 [INFO] SOLUSDT Score=27 action=HOLD regime=ranging | Pos=0/6 | Solde=937.67 ×0.94 | WR=25% PnL=-5.95
2026-06-19 08:22:58 [INFO] AVAXUSDT Score=0 action=BLOCK regime=trending_down | Pos=0/6 | Solde=937.67 ×0.94 | WR=25% PnL=-5.95
2026-06-19 08:25:37 [INFO] SOLUSDT Score=30 action=HOLD regime=ranging | Pos=0/6 | Solde=937.67 ×0.94 | WR=25% PnL=-5.95
2026-06-19 08:28:02 [INFO] AVAXUSDT Score=0 action=BLOCK regime=trending_down | Pos=0/6 | Solde=937.67 ×0.94 | WR=25% PnL=-5.95
2026-06-19 08:30:09 [INFO] SOLUSDT Score=0 action=BLOCK regime=trending_down | Pos=0/6 | Solde=937.67 ×0.94 | WR=25% PnL=-5.95
2026-06-19 08:30:09 [INFO] SOLUSDT bloqué — régime trending_down
2026-06-19 08:33:05 [INFO] AVAXUSDT Score=0 action=BLOCK regime=trending_down | Pos=0/6 | Solde=937.67 ×0.94 | WR=25% PnL=-5.95
2026-06-19 08:35:12 [INFO] SOLUSDT Score=0 action=BLOCK regime=trending_down | Pos=0/6 | Solde=937.67 ×0.94 | WR=25% PnL=-5.95
2026-06-19 08:38:09 [INFO] AVAXUSDT Score=3 action=BLOCK regime=trending_down | Pos=0/6 | Solde=937.67 ×0.94 | WR=25% PnL=-5.95
2026-06-19 08:40:16 [INFO] SOLUSDT Score=0 action=BLOCK regime=trending_down | Pos=0/6 | Solde=937.67 ×0.94 | WR=25% PnL=-5.95
2026-06-19 08:43:13 [INFO] AVAXUSDT Score=3 action=BLOCK regime=trending_down | Pos=0/6 | Solde=937.67 ×0.94 | WR=25% PnL=-5.95
2026-06-19 08:45:20 [INFO] SOLUSDT Score=0 action=BLOCK regime=trending_down | Pos=0/6 | Solde=937.67 ×0.94 | WR=25% PnL=-5.95
2026-06-19 08:48:17 [INFO] AVAXUSDT Score=4 action=BLOCK regime=trending_down | Pos=0/6 | Solde=937.67 ×0.94 | WR=25% PnL=-5.95
2026-06-19 08:50:24 [INFO] SOLUSDT Score=0 action=BLOCK regime=trending_down | Pos=0/6 | Solde=937.67 ×0.94 | WR=25% PnL=-5.95
2026-06-19 08:53:20 [INFO] AVAXUSDT Score=4 action=BLOCK regime=trending_down | Pos=0/6 | Solde=937.67 ×0.94 | WR=25% PnL=-5.95
2026-06-19 08:55:27 [INFO] SOLUSDT Score=0 action=BLOCK regime=trending_down | Pos=0/6 | Solde=937.67 ×0.94 | WR=25% PnL=-5.95
2026-06-19 08:58:23 [INFO] AVAXUSDT Score=6 action=BLOCK regime=trending_down | Pos=0/6 | Solde=937.67 ×0.94 | WR=25% PnL=-5.95
2026-06-19 09:00:34 [INFO] SOLUSDT Score=10 action=BLOCK regime=trending_down | Pos=0/6 | Solde=937.67 ×0.94 | WR=25% PnL=-5.95
2026-06-19 09:03:35 [INFO] AVAXUSDT Score=0 action=BLOCK regime=trending_down | Pos=0/6 | Solde=937.67 ×0.94 | WR=25% PnL=-5.95
2026-06-19 09:05:43 [INFO] SOLUSDT Score=18 action=BLOCK regime=trending_down | Pos=0/6 | Solde=937.67 ×0.94 | WR=25% PnL=-5.95
2026-06-19 09:08:39 [INFO] AVAXUSDT Score=0 action=BLOCK regime=trending_down | Pos=0/6 | Solde=937.67 ×0.94 | WR=25% PnL=-5.95
2026-06-19 09:10:46 [INFO] SOLUSDT Score=12 action=BLOCK regime=trending_down | Pos=0/6 | Solde=937.67 ×0.94 | WR=25% PnL=-5.95
2026-06-19 09:13:43 [INFO] AVAXUSDT Score=0 action=BLOCK regime=trending_down | Pos=0/6 | Solde=937.67 ×0.94 | WR=25% PnL=-5.95
2026-06-19 09:15:50 [INFO] SOLUSDT Score=0 action=BLOCK regime=trending_down | Pos=0/6 | Solde=937.67 ×0.94 | WR=25% PnL=-5.95
2026-06-19 09:18:47 [INFO] AVAXUSDT Score=0 action=BLOCK regime=trending_down | Pos=0/6 | Solde=937.67 ×0.94 | WR=25% PnL=-5.95
2026-06-19 09:20:55 [INFO] SOLUSDT Score=0 action=BLOCK regime=trending_down | Pos=0/6 | Solde=937.67 ×0.94 | WR=25% PnL=-5.95
2026-06-19 09:23:51 [INFO] AVAXUSDT Score=0 action=BLOCK regime=trending_down | Pos=0/6 | Solde=937.67 ×0.94 | WR=25% PnL=-5.95
2026-06-19 09:25:59 [INFO] SOLUSDT Score=28 action=BLOCK regime=trending_down | Pos=0/6 | Solde=937.67 ×0.94 | WR=25% PnL=-5.95
2026-06-19 09:28:55 [INFO] AVAXUSDT Score=0 action=BLOCK regime=trending_down | Pos=0/6 | Solde=937.67 ×0.94 | WR=25% PnL=-5.95
2026-06-19 09:31:03 [INFO] SOLUSDT Score=34 action=BLOCK regime=trending_down | Pos=0/6 | Solde=937.67 ×0.94 | WR=25% PnL=-5.95
2026-06-19 09:34:00 [INFO] AVAXUSDT Score=2 action=BLOCK regime=trending_down | Pos=0/6 | Solde=937.67 ×0.94 | WR=25% PnL=-5.95
2026-06-19 09:36:07 [INFO] SOLUSDT Score=6 action=BLOCK regime=trending_down | Pos=0/6 | Solde=937.67 ×0.94 | WR=25% PnL=-5.95
2026-06-19 09:39:03 [INFO] AVAXUSDT Score=0 action=BLOCK regime=trending_down | Pos=0/6 | Solde=937.67 ×0.94 | WR=25% PnL=-5.95
2026-06-19 09:41:10 [INFO] SOLUSDT Score=2 action=BLOCK regime=trending_down | Pos=0/6 | Solde=937.67 ×0.94 | WR=25% PnL=-5.95
2026-06-19 09:44:06 [INFO] AVAXUSDT Score=0 action=BLOCK regime=trending_down | Pos=0/6 | Solde=937.67 ×0.94 | WR=25% PnL=-5.95
2026-06-19 09:46:13 [INFO] SOLUSDT Score=6 action=BLOCK regime=trending_down | Pos=0/6 | Solde=937.67 ×0.94 | WR=25% PnL=-5.95
2026-06-19 09:49:09 [INFO] AVAXUSDT Score=9 action=BLOCK regime=trending_down | Pos=0/6 | Solde=937.67 ×0.94 | WR=25% PnL=-5.95
2026-06-19 09:51:17 [INFO] SOLUSDT Score=16 action=BLOCK regime=trending_down | Pos=0/6 | Solde=937.67 ×0.94 | WR=25% PnL=-5.95
2026-06-19 09:54:14 [INFO] AVAXUSDT Score=2 action=BLOCK regime=trending_down | Pos=0/6 | Solde=937.67 ×0.94 | WR=25% PnL=-5.95
2026-06-19 09:56:21 [INFO] SOLUSDT Score=0 action=BLOCK regime=trending_down | Pos=0/6 | Solde=937.67 ×0.94 | WR=25% PnL=-5.95
2026-06-19 09:59:17 [INFO] AVAXUSDT Score=2 action=BLOCK regime=trending_down | Pos=0/6 | Solde=937.67 ×0.94 | WR=25% PnL=-5.95
2026-06-19 10:01:25 [INFO] SOLUSDT Score=0 action=BLOCK regime=trending_down | Pos=0/6 | Solde=937.67 ×0.94 | WR=25% PnL=-5.95
2026-06-19 10:04:21 [INFO] AVAXUSDT Score=0 action=BLOCK regime=trending_down | Pos=0/6 | Solde=937.67 ×0.94 | WR=25% PnL=-5.95
2026-06-19 10:06:29 [INFO] SOLUSDT Score=0 action=BLOCK regime=trending_down | Pos=0/6 | Solde=937.67 ×0.94 | WR=25% PnL=-5.95
2026-06-19 10:09:25 [INFO] AVAXUSDT Score=4 action=BLOCK regime=trending_down | Pos=0/6 | Solde=937.67 ×0.94 | WR=25% PnL=-5.95
2026-06-19 10:11:33 [INFO] SOLUSDT Score=0 action=BLOCK regime=trending_down | Pos=0/6 | Solde=937.67 ×0.94 | WR=25% PnL=-5.95
2026-06-19 10:14:30 [INFO] AVAXUSDT Score=4 action=BLOCK regime=trending_down | Pos=0/6 | Solde=937.67 ×0.94 | WR=25% PnL=-5.95
2026-06-19 10:16:37 [INFO] SOLUSDT Score=31 action=BLOCK regime=trending_down | Pos=0/6 | Solde=937.67 ×0.94 | WR=25% PnL=-5.95
2026-06-19 10:19:34 [INFO] AVAXUSDT Score=29 action=BLOCK regime=trending_down | Pos=0/6 | Solde=937.67 ×0.94 | WR=25% PnL=-5.95
2026-06-19 10:21:41 [INFO] SOLUSDT Score=24 action=BLOCK regime=trending_down | Pos=0/6 | Solde=937.67 ×0.94 | WR=25% PnL=-5.95
2026-06-19 10:24:37 [INFO] AVAXUSDT Score=29 action=BLOCK regime=trending_down | Pos=0/6 | Solde=937.67 ×0.94 | WR=25% PnL=-5.95
2026-06-19 10:26:44 [INFO] SOLUSDT Score=20 action=BLOCK regime=trending_down | Pos=0/6 | Solde=937.67 ×0.94 | WR=25% PnL=-5.95
2026-06-19 10:29:41 [INFO] AVAXUSDT Score=29 action=BLOCK regime=trending_down | Pos=0/6 | Solde=937.67 ×0.94 | WR=25% PnL=-5.95
2026-06-19 10:31:49 [INFO] SOLUSDT Score=0 action=BLOCK regime=trending_down | Pos=0/6 | Solde=937.67 ×0.94 | WR=25% PnL=-5.95
2026-06-19 10:34:45 [INFO] AVAXUSDT Score=0 action=BLOCK regime=trending_down | Pos=0/6 | Solde=937.67 ×0.94 | WR=25% PnL=-5.95
2026-06-19 10:36:53 [INFO] SOLUSDT Score=0 action=BLOCK regime=trending_down | Pos=0/6 | Solde=937.67 ×0.94 | WR=25% PnL=-5.95
2026-06-19 10:39:50 [INFO] AVAXUSDT Score=0 action=BLOCK regime=trending_down | Pos=0/6 | Solde=937.67 ×0.94 | WR=25% PnL=-5.95
2026-06-19 10:41:58 [INFO] SOLUSDT Score=4 action=BLOCK regime=trending_down | Pos=0/6 | Solde=937.67 ×0.94 | WR=25% PnL=-5.95
2026-06-19 10:44:54 [INFO] AVAXUSDT Score=0 action=BLOCK regime=trending_down | Pos=0/6 | Solde=937.67 ×0.94 | WR=25% PnL=-5.95
2026-06-19 10:45:09 [INFO] SOLUSDT Score=40 action=HOLD regime=ranging | Pos=0/6 | Solde=937.67 ×0.94 | WR=25% PnL=-5.95
2026-06-19 10:49:57 [INFO] AVAXUSDT Score=0 action=BLOCK regime=trending_down | Pos=0/6 | Solde=937.67 ×0.94 | WR=25% PnL=-5.95
2026-06-19 10:50:13 [INFO] SOLUSDT Score=30 action=HOLD regime=ranging | Pos=0/6 | Solde=937.67 ×0.94 | WR=25% PnL=-5.95
2026-06-19 10:55:02 [INFO] AVAXUSDT Score=0 action=BLOCK regime=trending_down | Pos=0/6 | Solde=937.67 ×0.94 | WR=25% PnL=-5.95
2026-06-19 10:55:17 [INFO] SOLUSDT Score=30 action=HOLD regime=ranging | Pos=0/6 | Solde=937.67 ×0.94 | WR=25% PnL=-5.95
2026-06-19 11:00:07 [INFO] AVAXUSDT Score=14 action=BLOCK regime=trending_down | Pos=0/6 | Solde=937.67 ×0.94 | WR=25% PnL=-5.95
2026-06-19 11:00:22 [INFO] SOLUSDT Score=36 action=HOLD regime=ranging | Pos=0/6 | Solde=937.67 ×0.94 | WR=25% PnL=-5.95
2026-06-19 11:05:11 [INFO] AVAXUSDT Score=10 action=BLOCK regime=trending_down | Pos=0/6 | Solde=937.67 ×0.94 | WR=25% PnL=-5.95
2026-06-19 11:05:26 [INFO] SOLUSDT Score=27 action=HOLD regime=ranging | Pos=0/6 | Solde=937.67 ×0.94 | WR=25% PnL=-5.95
2026-06-19 11:10:15 [INFO] AVAXUSDT Score=8 action=BLOCK regime=trending_down | Pos=0/6 | Solde=937.67 ×0.94 | WR=25% PnL=-5.95
2026-06-19 11:10:30 [INFO] SOLUSDT Score=35 action=HOLD regime=ranging | Pos=0/6 | Solde=937.67 ×0.94 | WR=25% PnL=-5.95
2026-06-19 11:12:39 [INFO] SOLUSDT Score=18 action=BLOCK regime=trending_down | Pos=0/6 | Solde=937.67 ×0.94 | WR=25% PnL=-5.95
2026-06-19 11:12:39 [INFO] SOLUSDT bloqué — régime trending_down
2026-06-19 11:15:20 [INFO] AVAXUSDT Score=12 action=BLOCK regime=trending_down | Pos=0/6 | Solde=937.67 ×0.94 | WR=25% PnL=-5.95
2026-06-19 11:17:44 [INFO] SOLUSDT Score=22 action=BLOCK regime=trending_down | Pos=0/6 | Solde=937.67 ×0.94 | WR=25% PnL=-5.95
2026-06-19 11:20:24 [INFO] AVAXUSDT Score=0 action=BLOCK regime=trending_down | Pos=0/6 | Solde=937.67 ×0.94 | WR=25% PnL=-5.95
2026-06-19 11:22:48 [INFO] SOLUSDT Score=28 action=BLOCK regime=trending_down | Pos=0/6 | Solde=937.67 ×0.94 | WR=25% PnL=-5.95
2026-06-19 11:25:28 [INFO] AVAXUSDT Score=14 action=BLOCK regime=trending_down | Pos=0/6 | Solde=937.67 ×0.94 | WR=25% PnL=-5.95
2026-06-19 11:27:52 [INFO] SOLUSDT Score=28 action=BLOCK regime=trending_down | Pos=0/6 | Solde=937.67 ×0.94 | WR=25% PnL=-5.95
2026-06-19 11:30:32 [INFO] AVAXUSDT Score=14 action=BLOCK regime=trending_down | Pos=0/6 | Solde=937.67 ×0.94 | WR=25% PnL=-5.95
2026-06-19 11:31:04 [INFO] AVAXUSDT Score=39 action=HOLD regime=ranging | Pos=0/6 | Solde=937.67 ×0.94 | WR=25% PnL=-5.95
2026-06-19 11:32:56 [INFO] SOLUSDT Score=12 action=BLOCK regime=trending_down | Pos=0/6 | Solde=937.67 ×0.94 | WR=25% PnL=-5.95
2026-06-19 11:36:08 [INFO] AVAXUSDT Score=38 action=HOLD regime=ranging | Pos=0/6 | Solde=937.67 ×0.94 | WR=25% PnL=-5.95
2026-06-19 11:38:00 [INFO] SOLUSDT Score=20 action=BLOCK regime=trending_down | Pos=0/6 | Solde=937.67 ×0.94 | WR=25% PnL=-5.95
2026-06-19 11:41:13 [INFO] AVAXUSDT Score=38 action=HOLD regime=ranging | Pos=0/6 | Solde=937.67 ×0.94 | WR=25% PnL=-5.95
2026-06-19 11:43:04 [INFO] SOLUSDT Score=28 action=BLOCK regime=trending_down | Pos=0/6 | Solde=937.67 ×0.94 | WR=25% PnL=-5.95
2026-06-19 11:46:16 [INFO] AVAXUSDT Score=12 action=HOLD regime=ranging | Pos=0/6 | Solde=937.67 ×0.94 | WR=25% PnL=-5.95
2026-06-19 11:48:07 [INFO] SOLUSDT Score=12 action=BLOCK regime=trending_down | Pos=0/6 | Solde=937.67 ×0.94 | WR=25% PnL=-5.95
2026-06-19 11:51:21 [INFO] AVAXUSDT Score=8 action=HOLD regime=ranging | Pos=0/6 | Solde=937.67 ×0.94 | WR=25% PnL=-5.95
2026-06-19 11:53:12 [INFO] SOLUSDT Score=18 action=BLOCK regime=trending_down | Pos=0/6 | Solde=937.67 ×0.94 | WR=25% PnL=-5.95
2026-06-19 11:56:24 [INFO] AVAXUSDT Score=22 action=HOLD regime=ranging | Pos=0/6 | Solde=937.67 ×0.94 | WR=25% PnL=-5.95
2026-06-19 11:58:15 [INFO] SOLUSDT Score=18 action=BLOCK regime=trending_down | Pos=0/6 | Solde=937.67 ×0.94 | WR=25% PnL=-5.95
2026-06-19 12:01:27 [INFO] AVAXUSDT Score=47 action=HOLD regime=ranging | Pos=0/6 | Solde=937.67 ×0.94 | WR=25% PnL=-5.95
2026-06-19 12:03:18 [INFO] SOLUSDT Score=24 action=BLOCK regime=trending_down | Pos=0/6 | Solde=937.67 ×0.94 | WR=25% PnL=-5.95
2026-06-19 12:06:30 [INFO] AVAXUSDT Score=51 action=HOLD regime=ranging | Pos=0/6 | Solde=937.67 ×0.94 | WR=25% PnL=-5.95
2026-06-19 12:08:22 [INFO] SOLUSDT Score=24 action=BLOCK regime=trending_down | Pos=0/6 | Solde=937.67 ×0.94 | WR=25% PnL=-5.95
2026-06-19 12:10:14 [INFO] AVAXUSDT Score=34 action=HOLD regime=trending_up | Pos=0/6 | Solde=937.67 ×0.94 | WR=25% PnL=-5.95
2026-06-19 12:11:02 [INFO] AVAXUSDT Score=47 action=HOLD regime=ranging | Pos=0/6 | Solde=937.67 ×0.94 | WR=25% PnL=-5.95
2026-06-19 12:11:17 [INFO] AVAXUSDT Score=34 action=HOLD regime=trending_up | Pos=0/6 | Solde=937.67 ×0.94 | WR=25% PnL=-5.95
2026-06-19 12:11:33 [INFO] AVAXUSDT Score=47 action=HOLD regime=ranging | Pos=0/6 | Solde=937.67 ×0.94 | WR=25% PnL=-5.95
2026-06-19 12:13:25 [INFO] SOLUSDT Score=18 action=BLOCK regime=trending_down | Pos=0/6 | Solde=937.67 ×0.94 | WR=25% PnL=-5.95
2026-06-19 12:13:41 [INFO] AVAXUSDT Score=34 action=HOLD regime=trending_up | Pos=0/6 | Solde=937.67 ×0.94 | WR=25% PnL=-5.95
2026-06-19 12:15:02 [INFO] AVAXUSDT Score=47 action=HOLD regime=ranging | Pos=0/6 | Solde=937.67 ×0.94 | WR=25% PnL=-5.95
2026-06-19 12:15:18 [INFO] AVAXUSDT Score=34 action=HOLD regime=trending_up | Pos=0/6 | Solde=937.67 ×0.94 | WR=25% PnL=-5.95
2026-06-19 12:15:34 [INFO] AVAXUSDT Score=51 action=HOLD regime=ranging | Pos=0/6 | Solde=937.67 ×0.94 | WR=25% PnL=-5.95
2026-06-19 12:18:29 [INFO] SOLUSDT Score=8 action=BLOCK regime=trending_down | Pos=0/6 | Solde=937.67 ×0.94 | WR=25% PnL=-5.95
2026-06-19 12:20:37 [INFO] AVAXUSDT Score=51 action=HOLD regime=ranging | Pos=0/6 | Solde=937.67 ×0.94 | WR=25% PnL=-5.95
2026-06-19 12:23:33 [INFO] SOLUSDT Score=8 action=BLOCK regime=trending_down | Pos=0/6 | Solde=937.67 ×0.94 | WR=25% PnL=-5.95
2026-06-19 12:25:41 [INFO] AVAXUSDT Score=51 action=HOLD regime=ranging | Pos=0/6 | Solde=937.67 ×0.94 | WR=25% PnL=-5.95
2026-06-19 12:28:36 [INFO] SOLUSDT Score=8 action=BLOCK regime=trending_down | Pos=0/6 | Solde=937.67 ×0.94 | WR=25% PnL=-5.95
2026-06-19 12:30:44 [INFO] AVAXUSDT Score=54 action=HOLD regime=ranging | Pos=0/6 | Solde=937.67 ×0.94 | WR=25% PnL=-5.95
2026-06-19 12:33:39 [INFO] SOLUSDT Score=18 action=BLOCK regime=trending_down | Pos=0/6 | Solde=937.67 ×0.94 | WR=25% PnL=-5.95
2026-06-19 12:35:47 [INFO] AVAXUSDT Score=51 action=HOLD regime=ranging | Pos=0/6 | Solde=937.67 ×0.94 | WR=25% PnL=-5.95
2026-06-19 12:38:42 [INFO] SOLUSDT Score=18 action=BLOCK regime=trending_down | Pos=0/6 | Solde=937.67 ×0.94 | WR=25% PnL=-5.95
2026-06-19 12:38:43 [INFO] AVAXUSDT Score=18 action=BLOCK regime=trending_down | Pos=0/6 | Solde=937.67 ×0.94 | WR=25% PnL=-5.95
2026-06-19 12:38:43 [INFO] AVAXUSDT bloqué — régime trending_down
2026-06-19 12:43:46 [INFO] SOLUSDT Score=18 action=BLOCK regime=trending_down | Pos=0/6 | Solde=937.67 ×0.94 | WR=25% PnL=-5.95
2026-06-19 12:43:46 [INFO] AVAXUSDT Score=18 action=BLOCK regime=trending_down | Pos=0/6 | Solde=937.67 ×0.94 | WR=25% PnL=-5.95
2026-06-19 12:48:49 [INFO] SOLUSDT Score=18 action=BLOCK regime=trending_down | Pos=0/6 | Solde=937.67 ×0.94 | WR=25% PnL=-5.95
2026-06-19 12:48:49 [INFO] AVAXUSDT Score=18 action=BLOCK regime=trending_down | Pos=0/6 | Solde=937.67 ×0.94 | WR=25% PnL=-5.95
2026-06-19 12:53:52 [INFO] SOLUSDT Score=22 action=BLOCK regime=trending_down | Pos=0/6 | Solde=937.67 ×0.94 | WR=25% PnL=-5.95
2026-06-19 12:53:52 [INFO] AVAXUSDT Score=28 action=BLOCK regime=trending_down | Pos=0/6 | Solde=937.67 ×0.94 | WR=25% PnL=-5.95
2026-06-19 12:58:55 [INFO] SOLUSDT Score=14 action=BLOCK regime=trending_down | Pos=0/6 | Solde=937.67 ×0.94 | WR=25% PnL=-5.95
2026-06-19 12:58:56 [INFO] AVAXUSDT Score=28 action=BLOCK regime=trending_down | Pos=0/6 | Solde=937.67 ×0.94 | WR=25% PnL=-5.95
2026-06-19 13:03:58 [INFO] SOLUSDT Score=12 action=BLOCK regime=trending_down | Pos=0/6 | Solde=937.67 ×0.94 | WR=25% PnL=-5.95
2026-06-19 13:03:59 [INFO] AVAXUSDT Score=28 action=BLOCK regime=trending_down | Pos=0/6 | Solde=937.67 ×0.94 | WR=25% PnL=-5.95
2026-06-19 13:09:02 [INFO] SOLUSDT Score=18 action=BLOCK regime=trending_down | Pos=0/6 | Solde=937.67 ×0.94 | WR=25% PnL=-5.95
2026-06-19 13:09:02 [INFO] AVAXUSDT Score=12 action=BLOCK regime=trending_down | Pos=0/6 | Solde=937.67 ×0.94 | WR=25% PnL=-5.95
2026-06-19 13:14:06 [INFO] SOLUSDT Score=14 action=BLOCK regime=trending_down | Pos=0/6 | Solde=937.67 ×0.94 | WR=25% PnL=-5.95
2026-06-19 13:14:06 [INFO] AVAXUSDT Score=12 action=BLOCK regime=trending_down | Pos=0/6 | Solde=937.67 ×0.94 | WR=25% PnL=-5.95
2026-06-19 13:19:09 [INFO] SOLUSDT Score=12 action=BLOCK regime=trending_down | Pos=0/6 | Solde=937.67 ×0.94 | WR=25% PnL=-5.95
2026-06-19 13:19:09 [INFO] AVAXUSDT Score=16 action=BLOCK regime=trending_down | Pos=0/6 | Solde=937.67 ×0.94 | WR=25% PnL=-5.95
2026-06-19 13:24:12 [INFO] SOLUSDT Score=0 action=BLOCK regime=trending_down | Pos=0/6 | Solde=937.67 ×0.94 | WR=25% PnL=-5.95
2026-06-19 13:24:13 [INFO] AVAXUSDT Score=8 action=BLOCK regime=trending_down | Pos=0/6 | Solde=937.67 ×0.94 | WR=25% PnL=-5.95
2026-06-19 13:29:16 [INFO] SOLUSDT Score=0 action=BLOCK regime=trending_down | Pos=0/6 | Solde=937.67 ×0.94 | WR=25% PnL=-5.95
2026-06-19 13:29:16 [INFO] AVAXUSDT Score=12 action=BLOCK regime=trending_down | Pos=0/6 | Solde=937.67 ×0.94 | WR=25% PnL=-5.95
2026-06-19 13:30:04 [INFO] SOLUSDT Score=46 action=HOLD regime=ranging | Pos=0/6 | Solde=937.67 ×0.94 | WR=25% PnL=-5.95
2026-06-19 13:34:20 [INFO] AVAXUSDT Score=16 action=BLOCK regime=trending_down | Pos=0/6 | Solde=937.67 ×0.94 | WR=25% PnL=-5.95
2026-06-19 13:35:08 [INFO] SOLUSDT Score=36 action=HOLD regime=ranging | Pos=0/6 | Solde=937.67 ×0.94 | WR=25% PnL=-5.95
2026-06-19 13:38:19 [INFO] SOLUSDT Score=12 action=BLOCK regime=trending_down | Pos=0/6 | Solde=937.67 ×0.94 | WR=25% PnL=-5.95
2026-06-19 13:38:19 [INFO] SOLUSDT bloqué — régime trending_down
2026-06-19 13:38:51 [INFO] SOLUSDT Score=43 action=HOLD regime=ranging | Pos=0/6 | Solde=937.67 ×0.94 | WR=25% PnL=-5.95
2026-06-19 13:39:23 [INFO] SOLUSDT Score=18 action=BLOCK regime=trending_down | Pos=0/6 | Solde=937.67 ×0.94 | WR=25% PnL=-5.95
2026-06-19 13:39:23 [INFO] SOLUSDT bloqué — régime trending_down
2026-06-19 13:39:23 [INFO] AVAXUSDT Score=12 action=BLOCK regime=trending_down | Pos=0/6 | Solde=937.67 ×0.94 | WR=25% PnL=-5.95
2026-06-19 13:40:11 [INFO] SOLUSDT Score=46 action=HOLD regime=ranging | Pos=0/6 | Solde=937.67 ×0.94 | WR=25% PnL=-5.95
2026-06-19 13:44:27 [INFO] AVAXUSDT Score=6 action=BLOCK regime=trending_down | Pos=0/6 | Solde=937.67 ×0.94 | WR=25% PnL=-5.95
2026-06-19 13:45:14 [INFO] SOLUSDT Score=39 action=HOLD regime=ranging | Pos=0/6 | Solde=937.67 ×0.94 | WR=25% PnL=-5.95
2026-06-19 13:45:15 [INFO] AVAXUSDT Score=39 action=HOLD regime=ranging | Pos=0/6 | Solde=937.67 ×0.94 | WR=25% PnL=-5.95
2026-06-19 13:50:17 [INFO] SOLUSDT Score=36 action=HOLD regime=ranging | Pos=0/6 | Solde=937.67 ×0.94 | WR=25% PnL=-5.95
2026-06-19 13:50:18 [INFO] AVAXUSDT Score=36 action=HOLD regime=ranging | Pos=0/6 | Solde=937.67 ×0.94 | WR=25% PnL=-5.95
2026-06-19 13:55:21 [INFO] SOLUSDT Score=45 action=HOLD regime=ranging | Pos=0/6 | Solde=937.67 ×0.94 | WR=25% PnL=-5.95
2026-06-19 13:55:22 [INFO] AVAXUSDT Score=32 action=HOLD regime=ranging | Pos=0/6 | Solde=937.67 ×0.94 | WR=25% PnL=-5.95
2026-06-19 14:00:25 [INFO] SOLUSDT Score=41 action=HOLD regime=ranging | Pos=0/6 | Solde=937.67 ×0.94 | WR=25% PnL=-5.95
2026-06-19 14:00:26 [INFO] AVAXUSDT Score=51 action=HOLD regime=ranging | Pos=0/6 | Solde=937.67 ×0.94 | WR=25% PnL=-5.95
2026-06-19 14:05:29 [INFO] SOLUSDT Score=26 action=HOLD regime=ranging | Pos=0/6 | Solde=937.67 ×0.94 | WR=25% PnL=-5.95
2026-06-19 14:05:29 [INFO] AVAXUSDT Score=30 action=HOLD regime=ranging | Pos=0/6 | Solde=937.67 ×0.94 | WR=25% PnL=-5.95
2026-06-19 14:10:32 [INFO] SOLUSDT Score=26 action=HOLD regime=ranging | Pos=0/6 | Solde=937.67 ×0.94 | WR=25% PnL=-5.95
2026-06-19 14:10:32 [INFO] AVAXUSDT Score=48 action=HOLD regime=ranging | Pos=0/6 | Solde=937.67 ×0.94 | WR=25% PnL=-5.95
2026-06-19 14:15:04 [INFO] AVAXUSDT Score=32 action=HOLD regime=trending_up | Pos=0/6 | Solde=937.67 ×0.94 | WR=25% PnL=-5.95
2026-06-19 14:15:35 [INFO] SOLUSDT Score=45 action=HOLD regime=ranging | Pos=0/6 | Solde=937.67 ×0.94 | WR=25% PnL=-5.95
2026-06-19 14:15:51 [INFO] AVAXUSDT Score=38 action=HOLD regime=ranging | Pos=0/6 | Solde=937.67 ×0.94 | WR=25% PnL=-5.95
2026-06-19 14:19:51 [INFO] AVAXUSDT Score=26 action=HOLD regime=trending_up | Pos=0/6 | Solde=937.67 ×0.94 | WR=25% PnL=-5.95
2026-06-19 14:20:39 [INFO] SOLUSDT Score=45 action=HOLD regime=ranging | Pos=0/6 | Solde=937.67 ×0.94 | WR=25% PnL=-5.95
2026-06-19 14:24:54 [INFO] AVAXUSDT Score=26 action=HOLD regime=trending_up | Pos=0/6 | Solde=937.67 ×0.94 | WR=25% PnL=-5.95
2026-06-19 14:25:42 [INFO] SOLUSDT Score=55 action=HOLD regime=ranging | Pos=0/6 | Solde=937.67 ×0.94 | WR=25% PnL=-5.95
2026-06-19 14:29:57 [INFO] AVAXUSDT Score=28 action=HOLD regime=trending_up | Pos=0/6 | Solde=937.67 ×0.94 | WR=25% PnL=-5.95
2026-06-19 14:30:45 [INFO] SOLUSDT Score=41 action=HOLD regime=ranging | Pos=0/6 | Solde=937.67 ×0.94 | WR=25% PnL=-5.95
2026-06-19 14:32:53 [INFO] SOLUSDT Score=14 action=BLOCK regime=trending_down | Pos=0/6 | Solde=937.67 ×0.94 | WR=25% PnL=-5.95
2026-06-19 14:32:53 [INFO] SOLUSDT bloqué — régime trending_down
2026-06-19 14:33:41 [INFO] AVAXUSDT Score=28 action=HOLD regime=ranging | Pos=0/6 | Solde=937.67 ×0.94 | WR=25% PnL=-5.95
2026-06-19 14:34:28 [INFO] SOLUSDT Score=55 action=HOLD regime=ranging | Pos=0/6 | Solde=937.67 ×0.94 | WR=25% PnL=-5.95
2026-06-19 14:34:29 [INFO] AVAXUSDT Score=28 action=HOLD regime=trending_up | Pos=0/6 | Solde=937.67 ×0.94 | WR=25% PnL=-5.95
2026-06-19 14:37:56 [INFO] SOLUSDT Score=14 action=BLOCK regime=trending_down | Pos=0/6 | Solde=937.67 ×0.94 | WR=25% PnL=-5.95
2026-06-19 14:37:56 [INFO] SOLUSDT bloqué — régime trending_down
2026-06-19 14:38:12 [INFO] SOLUSDT Score=55 action=HOLD regime=ranging | Pos=0/6 | Solde=937.67 ×0.94 | WR=25% PnL=-5.95
2026-06-19 14:39:32 [INFO] AVAXUSDT Score=21 action=HOLD regime=trending_up | Pos=0/6 | Solde=937.67 ×0.94 | WR=25% PnL=-5.95
2026-06-19 14:43:16 [INFO] SOLUSDT Score=30 action=HOLD regime=ranging | Pos=0/6 | Solde=937.67 ×0.94 | WR=25% PnL=-5.95
2026-06-19 14:44:36 [INFO] AVAXUSDT Score=15 action=HOLD regime=trending_up | Pos=0/6 | Solde=937.67 ×0.94 | WR=25% PnL=-5.95
2026-06-19 14:47:15 [INFO] SOLUSDT Score=22 action=BLOCK regime=trending_down | Pos=0/6 | Solde=937.67 ×0.94 | WR=25% PnL=-5.95
2026-06-19 14:47:15 [INFO] SOLUSDT bloqué — régime trending_down
2026-06-19 14:48:04 [INFO] AVAXUSDT Score=45 action=HOLD regime=ranging | Pos=0/6 | Solde=937.67 ×0.94 | WR=25% PnL=-5.95
2026-06-19 14:48:20 [INFO] AVAXUSDT Score=28 action=HOLD regime=trending_up | Pos=0/6 | Solde=937.67 ×0.94 | WR=25% PnL=-5.95
2026-06-19 14:50:27 [INFO] SOLUSDT Score=59 action=HOLD regime=ranging | Pos=0/6 | Solde=937.67 ×0.94 | WR=25% PnL=-5.95
2026-06-19 14:53:24 [INFO] AVAXUSDT Score=68 action=BUY regime=trending_up | Pos=0/6 | Solde=937.67 ×0.94 | WR=25% PnL=-5.95
2026-06-19 14:53:25 [INFO] Fear & Greed index = 14/100
2026-06-19 14:53:25 [INFO] AVAXUSDT Fear extrême (14/100) — taille ×0.5
2026-06-19 14:53:25 [INFO] BTC EMA21 1h baissière — filtre macro actif
2026-06-19 14:53:25 [INFO] AVAXUSDT BTC baissier — taille ×0.5
2026-06-19 14:53:25 [BUY] Ordre limite | 3.0600 AVAXUSDT @ 6.1240 | Score=68 | SL=6.0750 TP1=6.1852 TP2=6.2162 TP3=6.3077
2026-06-19 14:53:26 [BUY] Ordre rempli | 3.0600 AVAXUSDT @ 6.1240 | SL=6.0750 TP1=6.1852 TP2=6.2162 | Score=68 | ×0.94 compound
2026-06-19 14:55:29 [INFO] SOLUSDT Score=22 action=HOLD regime=ranging | Pos=1/6 | Solde=918.91 ×0.94 | WR=25% PnL=-5.95
2026-06-19 14:58:35 [INFO] AVAXUSDT Score=42 action=HOLD regime=trending_up | Pos=1/6 | Solde=918.91 ×0.94 | WR=25% PnL=-5.95
2026-06-19 15:00:10 [INFO] SOLUSDT Score=21 action=HOLD regime=trending_up | Pos=1/6 | Solde=918.91 ×0.94 | WR=25% PnL=-5.95
2026-06-19 15:03:38 [INFO] AVAXUSDT Score=52 action=HOLD regime=trending_up | Pos=1/6 | Solde=918.91 ×0.94 | WR=25% PnL=-5.95
2026-06-19 15:05:13 [INFO] SOLUSDT Score=24 action=HOLD regime=trending_up | Pos=1/6 | Solde=918.91 ×0.94 | WR=25% PnL=-5.95
2026-06-19 15:08:42 [INFO] AVAXUSDT Score=48 action=HOLD regime=trending_up | Pos=1/6 | Solde=918.91 ×0.94 | WR=25% PnL=-5.95
2026-06-19 15:10:17 [INFO] SOLUSDT Score=24 action=HOLD regime=trending_up | Pos=1/6 | Solde=918.91 ×0.94 | WR=25% PnL=-5.95
2026-06-19 15:13:45 [INFO] AVAXUSDT Score=52 action=HOLD regime=trending_up | Pos=1/6 | Solde=918.91 ×0.94 | WR=25% PnL=-5.95
2026-06-19 15:15:20 [INFO] SOLUSDT Score=56 action=HOLD regime=trending_up | Pos=1/6 | Solde=918.91 ×0.94 | WR=25% PnL=-5.95
2026-06-19 15:18:48 [INFO] AVAXUSDT Score=64 action=HOLD regime=trending_up | Pos=1/6 | Solde=918.91 ×0.94 | WR=25% PnL=-5.95
2026-06-19 15:20:23 [INFO] SOLUSDT Score=34 action=HOLD regime=trending_up | Pos=1/6 | Solde=918.91 ×0.94 | WR=25% PnL=-5.95
2026-06-19 15:23:51 [INFO] AVAXUSDT Score=48 action=HOLD regime=trending_up | Pos=1/6 | Solde=918.91 ×0.94 | WR=25% PnL=-5.95
2026-06-19 15:25:26 [INFO] SOLUSDT Score=34 action=HOLD regime=trending_up | Pos=1/6 | Solde=918.91 ×0.94 | WR=25% PnL=-5.95
2026-06-19 15:28:54 [INFO] AVAXUSDT Score=52 action=HOLD regime=trending_up | Pos=1/6 | Solde=918.91 ×0.94 | WR=25% PnL=-5.95
2026-06-19 15:30:13 [INFO] SOLUSDT Score=72 action=BUY regime=trending_up | Pos=1/6 | Solde=918.91 ×0.94 | WR=25% PnL=-5.95
2026-06-19 15:30:13 [INFO] SOLUSDT Fear extrême (14/100) — taille ×0.5
2026-06-19 15:30:14 [INFO] BTC EMA21 1h baissière — filtre macro actif
2026-06-19 15:30:14 [INFO] SOLUSDT BTC baissier — taille ×0.5
2026-06-19 15:30:14 [INFO] SOLUSDT bloqué — ATR trop faible (0.37% < 0.50%)
2026-06-19 15:30:30 [INFO] SOLUSDT Fear extrême (14/100) — taille ×0.5
2026-06-19 15:30:46 [INFO] SOLUSDT Fear extrême (14/100) — taille ×0.5
2026-06-19 15:31:02 [INFO] SOLUSDT Score=56 action=HOLD regime=trending_up | Pos=1/6 | Solde=918.91 ×0.94 | WR=25% PnL=-5.95
2026-06-19 15:32:38 [INFO] SOLUSDT Score=70 action=BUY regime=trending_up | Pos=1/6 | Solde=918.91 ×0.94 | WR=25% PnL=-5.95
2026-06-19 15:32:38 [INFO] SOLUSDT bloque — 3 bougies baissières consecutives
2026-06-19 15:33:58 [INFO] AVAXUSDT Score=52 action=HOLD regime=trending_up | Pos=1/6 | Solde=918.91 ×0.94 | WR=25% PnL=-5.95
2026-06-19 15:34:13 [INFO] SOLUSDT Score=62 action=HOLD regime=trending_up | Pos=1/6 | Solde=918.91 ×0.94 | WR=25% PnL=-5.95
2026-06-19 15:39:01 [INFO] AVAXUSDT Score=62 action=HOLD regime=trending_up | Pos=1/6 | Solde=918.91 ×0.94 | WR=25% PnL=-5.95
2026-06-19 15:39:16 [INFO] SOLUSDT Score=48 action=HOLD regime=trending_up | Pos=1/6 | Solde=918.91 ×0.94 | WR=25% PnL=-5.95
2026-06-19 15:44:04 [INFO] AVAXUSDT Score=62 action=HOLD regime=trending_up | Pos=1/6 | Solde=918.91 ×0.94 | WR=25% PnL=-5.95
2026-06-19 15:44:20 [INFO] SOLUSDT Score=62 action=HOLD regime=trending_up | Pos=1/6 | Solde=918.91 ×0.94 | WR=25% PnL=-5.95
2026-06-19 15:45:54 [TP1] 1.5300 AVAXUSDT @ 6.1900 | PnL=+0.0868 (+0.93%) | Compound ×0.93 | Session PnL=-5.86 WR=28% | Raison=tp1
2026-06-19 15:45:54 [INFO] Breakeven SL → 6.1424
2026-06-19 15:49:08 [INFO] AVAXUSDT Score=60 action=HOLD regime=trending_up | Pos=1/6 | Solde=928.38 ×0.93 | WR=28% PnL=-5.86
2026-06-19 15:49:24 [INFO] SOLUSDT Score=54 action=HOLD regime=trending_up | Pos=1/6 | Solde=928.38 ×0.93 | WR=28% PnL=-5.86
2026-06-19 15:54:12 [INFO] AVAXUSDT Score=60 action=HOLD regime=trending_up | Pos=1/6 | Solde=928.38 ×0.93 | WR=28% PnL=-5.86
2026-06-19 15:54:27 [INFO] SOLUSDT Score=54 action=HOLD regime=trending_up | Pos=1/6 | Solde=928.38 ×0.93 | WR=28% PnL=-5.86
2026-06-19 15:59:16 [INFO] AVAXUSDT Score=60 action=HOLD regime=trending_up | Pos=1/6 | Solde=928.38 ×0.93 | WR=28% PnL=-5.86
2026-06-19 15:59:31 [INFO] SOLUSDT Score=54 action=HOLD regime=trending_up | Pos=1/6 | Solde=928.38 ×0.93 | WR=28% PnL=-5.86
2026-06-19 16:01:08 [INFO] AVAXUSDT Score=75 action=BUY regime=trending_up | Pos=1/6 | Solde=928.38 ×0.93 | WR=28% PnL=-5.86
2026-06-19 16:02:11 [INFO] AVAXUSDT Score=67 action=HOLD regime=trending_up | Pos=1/6 | Solde=928.38 ×0.93 | WR=28% PnL=-5.86
2026-06-19 16:04:34 [INFO] SOLUSDT Score=54 action=HOLD regime=trending_up | Pos=1/6 | Solde=928.38 ×0.93 | WR=28% PnL=-5.86
2026-06-19 16:07:14 [INFO] SOLUSDT Score=70 action=BUY regime=trending_up | Pos=1/6 | Solde=928.38 ×0.93 | WR=28% PnL=-5.86
2026-06-19 16:07:15 [INFO] Fear & Greed index = 14/100
2026-06-19 16:07:15 [INFO] SOLUSDT Fear extrême (14/100) — taille ×0.5
2026-06-19 16:07:15 [INFO] SOLUSDT bloqué — ATR trop faible (0.44% < 0.50%)
2026-06-19 16:07:15 [INFO] AVAXUSDT Score=75 action=BUY regime=trending_up | Pos=1/6 | Solde=928.38 ×0.93 | WR=28% PnL=-5.86
2026-06-19 16:07:31 [INFO] SOLUSDT Fear extrême (14/100) — taille ×0.5
2026-06-19 16:07:47 [INFO] SOLUSDT Fear extrême (14/100) — taille ×0.5
2026-06-19 16:07:59 [SL] 1.5300 AVAXUSDT @ 6.1400 | PnL=+0.0104 (+0.11%) | Compound ×0.94 | Session PnL=-5.85 WR=31% | Raison=trailing_sl
2026-06-19 16:08:03 [INFO] SOLUSDT Fear extrême (14/100) — taille ×0.5
2026-06-19 16:08:03 [INFO] AVAXUSDT SL-cooldown actif — 896s restantes
2026-06-19 16:08:18 [INFO] SOLUSDT Fear extrême (14/100) — taille ×0.5
2026-06-19 16:08:34 [INFO] SOLUSDT Fear extrême (14/100) — taille ×0.5
2026-06-19 16:08:49 [INFO] SOLUSDT Fear extrême (14/100) — taille ×0.5
2026-06-19 16:09:05 [INFO] SOLUSDT Fear extrême (14/100) — taille ×0.5
2026-06-19 16:09:20 [INFO] SOLUSDT Fear extrême (14/100) — taille ×0.5
2026-06-19 16:09:35 [INFO] SOLUSDT Fear extrême (14/100) — taille ×0.5
2026-06-19 16:09:51 [INFO] SOLUSDT Fear extrême (14/100) — taille ×0.5
2026-06-19 16:10:06 [INFO] SOLUSDT Fear extrême (14/100) — taille ×0.5
2026-06-19 16:10:22 [INFO] SOLUSDT Fear extrême (14/100) — taille ×0.5
2026-06-19 16:10:37 [INFO] SOLUSDT Fear extrême (14/100) — taille ×0.5
2026-06-19 16:10:53 [INFO] SOLUSDT Fear extrême (14/100) — taille ×0.5
2026-06-19 16:11:08 [INFO] SOLUSDT Fear extrême (14/100) — taille ×0.5
2026-06-19 16:11:24 [INFO] SOLUSDT Fear extrême (14/100) — taille ×0.5
2026-06-19 16:11:39 [INFO] SOLUSDT Fear extrême (14/100) — taille ×0.5
2026-06-19 16:11:55 [INFO] SOLUSDT Fear extrême (14/100) — taille ×0.5
2026-06-19 16:12:10 [INFO] SOLUSDT Fear extrême (14/100) — taille ×0.5
2026-06-19 16:12:26 [INFO] SOLUSDT Score=75 action=BUY regime=trending_up | Pos=0/6 | Solde=937.76 ×0.94 | WR=31% PnL=-5.85
2026-06-19 16:12:26 [INFO] SOLUSDT Fear extrême (14/100) — taille ×0.5
2026-06-19 16:12:26 [INFO] SOLUSDT bloqué — ATR trop faible (0.46% < 0.50%)
2026-06-19 16:12:41 [INFO] SOLUSDT Fear extrême (14/100) — taille ×0.5
2026-06-19 16:12:57 [INFO] SOLUSDT Fear extrême (14/100) — taille ×0.5
2026-06-19 16:13:12 [INFO] SOLUSDT Fear extrême (14/100) — taille ×0.5
2026-06-19 16:13:12 [INFO] AVAXUSDT SL-cooldown actif — 586s restantes
2026-06-19 16:13:28 [INFO] SOLUSDT Fear extrême (14/100) — taille ×0.5
2026-06-19 16:13:43 [INFO] SOLUSDT Fear extrême (14/100) — taille ×0.5
2026-06-19 16:13:59 [INFO] SOLUSDT Fear extrême (14/100) — taille ×0.5
2026-06-19 16:14:14 [INFO] SOLUSDT Fear extrême (14/100) — taille ×0.5
2026-06-19 16:14:30 [INFO] SOLUSDT Fear extrême (14/100) — taille ×0.5
2026-06-19 16:14:45 [INFO] SOLUSDT Fear extrême (14/100) — taille ×0.5
2026-06-19 16:15:01 [INFO] SOLUSDT Fear extrême (14/100) — taille ×0.5
2026-06-19 16:15:16 [INFO] SOLUSDT Fear extrême (14/100) — taille ×0.5
2026-06-19 16:15:32 [INFO] SOLUSDT Fear extrême (14/100) — taille ×0.5
2026-06-19 16:15:47 [INFO] SOLUSDT Fear extrême (14/100) — taille ×0.5
2026-06-19 16:16:03 [INFO] SOLUSDT Fear extrême (14/100) — taille ×0.5
2026-06-19 16:16:18 [INFO] SOLUSDT Fear extrême (14/100) — taille ×0.5
2026-06-19 16:16:34 [INFO] SOLUSDT Fear extrême (14/100) — taille ×0.5
2026-06-19 16:16:49 [INFO] SOLUSDT Fear extrême (14/100) — taille ×0.5
2026-06-19 16:17:05 [INFO] SOLUSDT Fear extrême (14/100) — taille ×0.5
2026-06-19 16:17:20 [INFO] SOLUSDT Fear extrême (14/100) — taille ×0.5
2026-06-19 16:17:36 [INFO] SOLUSDT Score=75 action=BUY regime=trending_up | Pos=0/6 | Solde=937.76 ×0.94 | WR=31% PnL=-5.85
2026-06-19 16:17:36 [INFO] SOLUSDT Fear extrême (14/100) — taille ×0.5
2026-06-19 16:17:36 [INFO] SOLUSDT bloqué — ATR trop faible (0.44% < 0.50%)
2026-06-19 16:17:51 [INFO] SOLUSDT Fear extrême (14/100) — taille ×0.5
2026-06-19 16:18:07 [INFO] SOLUSDT Fear extrême (14/100) — taille ×0.5
2026-06-19 16:18:22 [INFO] SOLUSDT Fear extrême (14/100) — taille ×0.5
2026-06-19 16:18:22 [INFO] AVAXUSDT SL-cooldown actif — 276s restantes
2026-06-19 16:18:38 [INFO] SOLUSDT Fear extrême (14/100) — taille ×0.5
2026-06-19 16:18:53 [INFO] SOLUSDT Fear extrême (14/100) — taille ×0.5
2026-06-19 16:19:09 [INFO] SOLUSDT Fear extrême (14/100) — taille ×0.5
2026-06-19 16:19:24 [INFO] SOLUSDT Fear extrême (14/100) — taille ×0.5
2026-06-19 16:19:40 [INFO] SOLUSDT Fear extrême (14/100) — taille ×0.5
2026-06-19 16:19:55 [INFO] SOLUSDT Fear extrême (14/100) — taille ×0.5
2026-06-19 16:20:11 [INFO] SOLUSDT Fear extrême (14/100) — taille ×0.5
2026-06-19 16:20:26 [INFO] SOLUSDT Fear extrême (14/100) — taille ×0.5
2026-06-19 16:20:42 [INFO] SOLUSDT Fear extrême (14/100) — taille ×0.5
2026-06-19 16:20:57 [INFO] SOLUSDT Fear extrême (14/100) — taille ×0.5
2026-06-19 16:21:13 [INFO] SOLUSDT Fear extrême (14/100) — taille ×0.5
2026-06-19 16:21:28 [INFO] SOLUSDT Fear extrême (14/100) — taille ×0.5
2026-06-19 16:21:44 [INFO] SOLUSDT Fear extrême (14/100) — taille ×0.5
2026-06-19 16:21:59 [INFO] SOLUSDT Fear extrême (14/100) — taille ×0.5
2026-06-19 16:22:15 [INFO] SOLUSDT Fear extrême (14/100) — taille ×0.5
2026-06-19 16:22:30 [INFO] SOLUSDT Fear extrême (14/100) — taille ×0.5
2026-06-19 16:22:45 [INFO] SOLUSDT Score=75 action=BUY regime=trending_up | Pos=0/6 | Solde=937.76 ×0.94 | WR=31% PnL=-5.85
2026-06-19 16:22:45 [INFO] SOLUSDT Fear extrême (14/100) — taille ×0.5
2026-06-19 16:22:46 [INFO] SOLUSDT bloqué — ATR trop faible (0.44% < 0.50%)
2026-06-19 16:23:01 [INFO] SOLUSDT Fear extrême (14/100) — taille ×0.5
2026-06-19 16:23:02 [INFO] AVAXUSDT Score=70 action=BUY regime=trending_up | Pos=0/6 | Solde=937.76 ×0.94 | WR=31% PnL=-5.85
2026-06-19 16:23:02 [INFO] AVAXUSDT Fear extrême (14/100) — taille ×0.5
2026-06-19 16:23:02 [BUY] Ordre limite | 6.1200 AVAXUSDT @ 6.1200 | Score=70 | SL=6.0710 TP1=6.1812 TP2=6.2121 TP3=6.3036
2026-06-19 16:23:17 [INFO] SOLUSDT Fear extrême (14/100) — taille ×0.5
2026-06-19 16:23:33 [INFO] SOLUSDT Fear extrême (14/100) — taille ×0.5
2026-06-19 16:23:39 [BUY] Ordre rempli | 6.1200 AVAXUSDT @ 6.1200 | SL=6.0710 TP1=6.1812 TP2=6.2121 | Score=70 | ×0.94 compound
2026-06-19 16:23:48 [INFO] SOLUSDT Fear extrême (14/100) — taille ×0.5
2026-06-19 16:24:04 [INFO] SOLUSDT Fear extrême (14/100) — taille ×0.5
2026-06-19 16:24:19 [INFO] SOLUSDT Fear extrême (14/100) — taille ×0.5
2026-06-19 16:24:35 [INFO] SOLUSDT Fear extrême (14/100) — taille ×0.5
2026-06-19 16:24:50 [INFO] SOLUSDT Fear extrême (14/100) — taille ×0.5
2026-06-19 16:25:06 [INFO] SOLUSDT Fear extrême (14/100) — taille ×0.5
2026-06-19 16:25:21 [INFO] SOLUSDT Fear extrême (14/100) — taille ×0.5
2026-06-19 16:25:37 [INFO] SOLUSDT Fear extrême (14/100) — taille ×0.5
2026-06-19 16:25:52 [INFO] SOLUSDT Fear extrême (14/100) — taille ×0.5
2026-06-19 16:26:08 [INFO] SOLUSDT Fear extrême (14/100) — taille ×0.5
2026-06-19 16:26:23 [INFO] SOLUSDT Fear extrême (14/100) — taille ×0.5
2026-06-19 16:26:39 [INFO] SOLUSDT Fear extrême (14/100) — taille ×0.5
2026-06-19 16:26:54 [INFO] SOLUSDT Fear extrême (14/100) — taille ×0.5
2026-06-19 16:27:10 [INFO] SOLUSDT Fear extrême (14/100) — taille ×0.5
2026-06-19 16:27:25 [INFO] SOLUSDT Fear extrême (14/100) — taille ×0.5
2026-06-19 16:27:40 [INFO] SOLUSDT Fear extrême (14/100) — taille ×0.5
2026-06-19 16:27:56 [INFO] SOLUSDT Score=70 action=BUY regime=trending_up | Pos=1/6 | Solde=900.28 ×0.94 | WR=31% PnL=-5.85
2026-06-19 16:27:56 [INFO] SOLUSDT Fear extrême (14/100) — taille ×0.5
2026-06-19 16:27:56 [INFO] SOLUSDT bloqué — ATR trop faible (0.48% < 0.50%)
2026-06-19 16:28:12 [INFO] SOLUSDT Fear extrême (14/100) — taille ×0.5
2026-06-19 16:28:12 [INFO] AVAXUSDT Score=85 action=BUY regime=trending_up | Pos=1/6 | Solde=900.28 ×0.94 | WR=31% PnL=-5.85
2026-06-19 16:28:28 [INFO] SOLUSDT Fear extrême (14/100) — taille ×0.5
2026-06-19 16:28:44 [INFO] SOLUSDT Fear extrême (14/100) — taille ×0.5
2026-06-19 16:29:00 [INFO] SOLUSDT Score=62 action=HOLD regime=trending_up | Pos=1/6 | Solde=900.28 ×0.94 | WR=31% PnL=-5.85
2026-06-19 16:30:03 [INFO] SOLUSDT Score=78 action=BUY regime=trending_up | Pos=1/6 | Solde=900.28 ×0.94 | WR=31% PnL=-5.85
2026-06-19 16:30:03 [INFO] SOLUSDT Fear extrême (14/100) — taille ×0.5
2026-06-19 16:30:20 [INFO] SOLUSDT Fear extrême (14/100) — taille ×0.5
2026-06-19 16:30:36 [INFO] SOLUSDT Fear extrême (14/100) — taille ×0.5
2026-06-19 16:30:52 [INFO] SOLUSDT Fear extrême (14/100) — taille ×0.5
2026-06-19 16:31:08 [INFO] SOLUSDT Fear extrême (14/100) — taille ×0.5
2026-06-19 16:31:24 [INFO] SOLUSDT Fear extrême (14/100) — taille ×0.5
2026-06-19 16:31:40 [INFO] SOLUSDT Fear extrême (14/100) — taille ×0.5
2026-06-19 16:31:56 [INFO] SOLUSDT Fear extrême (14/100) — taille ×0.5
2026-06-19 16:32:12 [INFO] SOLUSDT Fear extrême (14/100) — taille ×0.5
2026-06-19 16:32:28 [INFO] SOLUSDT Fear extrême (14/100) — taille ×0.5
2026-06-19 16:32:44 [INFO] SOLUSDT Fear extrême (14/100) — taille ×0.5
2026-06-19 16:33:00 [INFO] SOLUSDT Fear extrême (14/100) — taille ×0.5
2026-06-19 16:33:00 [INFO] SOLUSDT bloqué — ATR trop faible (0.47% < 0.50%)
2026-06-19 16:33:16 [INFO] SOLUSDT Fear extrême (14/100) — taille ×0.5
2026-06-19 16:33:16 [INFO] AVAXUSDT Score=75 action=BUY regime=trending_up | Pos=1/6 | Solde=900.28 ×0.94 | WR=31% PnL=-5.85
2026-06-19 16:33:32 [INFO] SOLUSDT Fear extrême (14/100) — taille ×0.5
2026-06-19 16:33:48 [INFO] SOLUSDT Fear extrême (14/100) — taille ×0.5
2026-06-19 16:34:04 [INFO] SOLUSDT Fear extrême (14/100) — taille ×0.5
2026-06-19 16:34:20 [INFO] SOLUSDT Fear extrême (14/100) — taille ×0.5
2026-06-19 16:34:36 [INFO] SOLUSDT Fear extrême (14/100) — taille ×0.5
2026-06-19 16:34:52 [INFO] SOLUSDT Fear extrême (14/100) — taille ×0.5
2026-06-19 16:35:08 [INFO] SOLUSDT Score=75 action=BUY regime=trending_up | Pos=1/6 | Solde=900.28 ×0.94 | WR=31% PnL=-5.85
2026-06-19 16:35:08 [INFO] SOLUSDT Fear extrême (14/100) — taille ×0.5
2026-06-19 16:35:24 [INFO] SOLUSDT Fear extrême (14/100) — taille ×0.5
2026-06-19 16:35:40 [INFO] SOLUSDT Fear extrême (14/100) — taille ×0.5
2026-06-19 16:35:56 [INFO] SOLUSDT Fear extrême (14/100) — taille ×0.5
2026-06-19 16:36:12 [INFO] SOLUSDT Fear extrême (14/100) — taille ×0.5
2026-06-19 16:36:28 [INFO] SOLUSDT Fear extrême (14/100) — taille ×0.5
2026-06-19 16:36:44 [INFO] SOLUSDT Score=54 action=HOLD regime=trending_up | Pos=1/6 | Solde=900.28 ×0.94 | WR=31% PnL=-5.85
2026-06-19 16:38:20 [INFO] AVAXUSDT Score=75 action=BUY regime=trending_up | Pos=1/6 | Solde=900.28 ×0.94 | WR=31% PnL=-5.85
2026-06-19 16:41:47 [INFO] SOLUSDT Score=54 action=HOLD regime=trending_up | Pos=1/6 | Solde=900.28 ×0.94 | WR=31% PnL=-5.85
2026-06-19 16:43:23 [INFO] AVAXUSDT Score=75 action=BUY regime=trending_up | Pos=1/6 | Solde=900.28 ×0.94 | WR=31% PnL=-5.85
2026-06-19 16:45:14 [INFO] SOLUSDT Score=70 action=BUY regime=trending_up | Pos=1/6 | Solde=900.28 ×0.94 | WR=31% PnL=-5.85
2026-06-19 16:45:14 [INFO] SOLUSDT Fear extrême (14/100) — taille ×0.5
2026-06-19 16:45:15 [INFO] SOLUSDT bloqué — ATR trop faible (0.45% < 0.50%)
2026-06-19 16:45:31 [INFO] SOLUSDT Fear extrême (14/100) — taille ×0.5
2026-06-19 16:45:46 [INFO] SOLUSDT Score=67 action=HOLD regime=trending_up | Pos=1/6 | Solde=900.28 ×0.94 | WR=31% PnL=-5.85
2026-06-19 16:48:27 [INFO] AVAXUSDT Score=84 action=BUY regime=trending_up | Pos=1/6 | Solde=900.28 ×0.94 | WR=31% PnL=-5.85
2026-06-19 16:50:50 [INFO] SOLUSDT Score=67 action=HOLD regime=trending_up | Pos=1/6 | Solde=900.28 ×0.94 | WR=31% PnL=-5.85
2026-06-19 16:51:54 [INFO] SOLUSDT Score=70 action=BUY regime=trending_up | Pos=1/6 | Solde=900.28 ×0.94 | WR=31% PnL=-5.85
2026-06-19 16:51:54 [INFO] SOLUSDT Fear extrême (14/100) — taille ×0.5
2026-06-19 16:51:54 [INFO] SOLUSDT bloqué — ATR trop faible (0.46% < 0.50%)
2026-06-19 16:52:10 [INFO] SOLUSDT Fear extrême (14/100) — taille ×0.5
2026-06-19 16:52:26 [INFO] SOLUSDT Fear extrême (14/100) — taille ×0.5
2026-06-19 16:52:42 [INFO] SOLUSDT Fear extrême (14/100) — taille ×0.5
2026-06-19 16:52:58 [INFO] SOLUSDT Fear extrême (14/100) — taille ×0.5
2026-06-19 16:53:14 [INFO] SOLUSDT Fear extrême (14/100) — taille ×0.5
2026-06-19 16:53:30 [INFO] SOLUSDT Score=65 action=HOLD regime=trending_up | Pos=1/6 | Solde=900.28 ×0.94 | WR=31% PnL=-5.85
2026-06-19 16:53:30 [INFO] AVAXUSDT Score=84 action=BUY regime=trending_up | Pos=1/6 | Solde=900.28 ×0.94 | WR=31% PnL=-5.85
2026-06-19 16:58:33 [INFO] SOLUSDT Score=65 action=HOLD regime=trending_up | Pos=1/6 | Solde=900.28 ×0.94 | WR=31% PnL=-5.85
2026-06-19 16:58:34 [INFO] AVAXUSDT Score=70 action=BUY regime=trending_up | Pos=1/6 | Solde=900.28 ×0.94 | WR=31% PnL=-5.85
2026-06-19 17:00:09 [INFO] SOLUSDT Score=78 action=BUY regime=trending_up | Pos=1/6 | Solde=900.28 ×0.94 | WR=31% PnL=-5.85
2026-06-19 17:00:09 [INFO] SOLUSDT Fear extrême (14/100) — taille ×0.5
2026-06-19 17:00:09 [INFO] SOLUSDT bloqué — ATR trop faible (0.45% < 0.50%)
2026-06-19 17:00:10 [INFO] AVAXUSDT Score=61 action=HOLD regime=ranging | Pos=1/6 | Solde=900.28 ×0.94 | WR=31% PnL=-5.85
2026-06-19 17:00:25 [INFO] SOLUSDT Fear extrême (14/100) — taille ×0.5
2026-06-19 17:00:41 [INFO] SOLUSDT Fear extrême (14/100) — taille ×0.5
2026-06-19 17:00:57 [INFO] SOLUSDT Fear extrême (14/100) — taille ×0.5
2026-06-19 17:01:13 [INFO] SOLUSDT Fear extrême (14/100) — taille ×0.5
2026-06-19 17:01:29 [INFO] SOLUSDT Fear extrême (14/100) — taille ×0.5
2026-06-19 17:01:45 [INFO] SOLUSDT Fear extrême (14/100) — taille ×0.5
2026-06-19 17:02:01 [INFO] SOLUSDT Fear extrême (14/100) — taille ×0.5
2026-06-19 17:02:17 [INFO] SOLUSDT Fear extrême (14/100) — taille ×0.5
2026-06-19 17:02:33 [INFO] SOLUSDT Fear extrême (14/100) — taille ×0.5
2026-06-19 17:02:49 [INFO] SOLUSDT Fear extrême (14/100) — taille ×0.5
2026-06-19 17:03:05 [INFO] SOLUSDT Fear extrême (14/100) — taille ×0.5
2026-06-19 17:03:21 [INFO] SOLUSDT Fear extrême (14/100) — taille ×0.5
2026-06-19 17:03:37 [INFO] SOLUSDT Fear extrême (14/100) — taille ×0.5
2026-06-19 17:03:53 [INFO] SOLUSDT Fear extrême (14/100) — taille ×0.5
2026-06-19 17:04:09 [INFO] SOLUSDT Fear extrême (14/100) — taille ×0.5
2026-06-19 17:04:25 [INFO] SOLUSDT Fear extrême (14/100) — taille ×0.5
2026-06-19 17:04:41 [INFO] SOLUSDT Fear extrême (14/100) — taille ×0.5
2026-06-19 17:04:57 [INFO] SOLUSDT Fear extrême (14/100) — taille ×0.5
2026-06-19 17:05:13 [INFO] SOLUSDT Score=84 action=BUY regime=trending_up | Pos=1/6 | Solde=900.28 ×0.94 | WR=31% PnL=-5.85
2026-06-19 17:05:13 [INFO] SOLUSDT Fear extrême (14/100) — taille ×0.5
2026-06-19 17:05:13 [INFO] SOLUSDT bloqué — ATR trop faible (0.47% < 0.50%)
2026-06-19 17:05:14 [INFO] AVAXUSDT Score=58 action=HOLD regime=ranging | Pos=1/6 | Solde=900.28 ×0.94 | WR=31% PnL=-5.85
2026-06-19 17:05:29 [INFO] SOLUSDT Fear extrême (14/100) — taille ×0.5
2026-06-19 17:05:45 [INFO] SOLUSDT Fear extrême (14/100) — taille ×0.5
2026-06-19 17:06:01 [INFO] SOLUSDT Fear extrême (14/100) — taille ×0.5
2026-06-19 17:06:17 [INFO] SOLUSDT Fear extrême (14/100) — taille ×0.5
2026-06-19 17:06:33 [INFO] SOLUSDT Fear extrême (14/100) — taille ×0.5
2026-06-19 17:06:49 [INFO] SOLUSDT Fear extrême (14/100) — taille ×0.5
2026-06-19 17:07:05 [INFO] SOLUSDT Fear extrême (14/100) — taille ×0.5
2026-06-19 17:07:22 [INFO] Fear & Greed index = 14/100
2026-06-19 17:07:22 [INFO] SOLUSDT Fear extrême (14/100) — taille ×0.5
2026-06-19 17:07:37 [INFO] SOLUSDT Fear extrême (14/100) — taille ×0.5
2026-06-19 17:07:53 [INFO] SOLUSDT Fear extrême (14/100) — taille ×0.5
2026-06-19 17:08:09 [INFO] SOLUSDT Fear extrême (14/100) — taille ×0.5
2026-06-19 17:08:25 [INFO] SOLUSDT Fear extrême (14/100) — taille ×0.5
2026-06-19 17:08:26 [INFO] AVAXUSDT Score=84 action=BUY regime=trending_up | Pos=1/6 | Solde=900.28 ×0.94 | WR=31% PnL=-5.85
2026-06-19 17:08:41 [INFO] SOLUSDT Fear extrême (14/100) — taille ×0.5
2026-06-19 17:08:57 [INFO] SOLUSDT Fear extrême (14/100) — taille ×0.5
2026-06-19 17:09:13 [INFO] SOLUSDT Fear extrême (14/100) — taille ×0.5
2026-06-19 17:09:14 [INFO] AVAXUSDT Score=58 action=HOLD regime=ranging | Pos=1/6 | Solde=900.28 ×0.94 | WR=31% PnL=-5.85
2026-06-19 17:09:30 [INFO] SOLUSDT Fear extrême (14/100) — taille ×0.5
2026-06-19 17:09:46 [INFO] SOLUSDT Fear extrême (14/100) — taille ×0.5
2026-06-19 17:09:46 [INFO] AVAXUSDT Score=84 action=BUY regime=trending_up | Pos=1/6 | Solde=900.28 ×0.94 | WR=31% PnL=-5.85
2026-06-19 17:10:02 [INFO] SOLUSDT Fear extrême (14/100) — taille ×0.5
2026-06-19 17:10:02 [INFO] AVAXUSDT Score=61 action=HOLD regime=ranging | Pos=1/6 | Solde=900.28 ×0.94 | WR=31% PnL=-5.85
2026-06-19 17:10:17 [INFO] SOLUSDT Score=80 action=BUY regime=trending_up | Pos=1/6 | Solde=900.28 ×0.94 | WR=31% PnL=-5.85
2026-06-19 17:10:17 [INFO] SOLUSDT Fear extrême (14/100) — taille ×0.5
2026-06-19 17:10:18 [INFO] SOLUSDT bloqué — ATR trop faible (0.47% < 0.50%)
2026-06-19 17:10:34 [INFO] SOLUSDT Fear extrême (14/100) — taille ×0.5
2026-06-19 17:10:50 [INFO] SOLUSDT Fear extrême (14/100) — taille ×0.5
2026-06-19 17:11:06 [INFO] SOLUSDT Fear extrême (14/100) — taille ×0.5
2026-06-19 17:11:22 [INFO] SOLUSDT Fear extrême (14/100) — taille ×0.5
2026-06-19 17:11:22 [INFO] AVAXUSDT Score=84 action=BUY regime=trending_up | Pos=1/6 | Solde=900.28 ×0.94 | WR=31% PnL=-5.85
2026-06-19 17:11:37 [INFO] SOLUSDT Fear extrême (14/100) — taille ×0.5
2026-06-19 17:11:53 [INFO] SOLUSDT Fear extrême (14/100) — taille ×0.5
2026-06-19 17:12:09 [INFO] SOLUSDT Fear extrême (14/100) — taille ×0.5
2026-06-19 17:12:10 [INFO] AVAXUSDT Score=58 action=HOLD regime=ranging | Pos=1/6 | Solde=900.28 ×0.94 | WR=31% PnL=-5.85
2026-06-19 17:12:25 [INFO] SOLUSDT Fear extrême (14/100) — taille ×0.5
2026-06-19 17:12:41 [INFO] SOLUSDT Fear extrême (14/100) — taille ×0.5
2026-06-19 17:12:42 [INFO] AVAXUSDT Score=84 action=BUY regime=trending_up | Pos=1/6 | Solde=900.28 ×0.94 | WR=31% PnL=-5.85
2026-06-19 17:12:57 [INFO] SOLUSDT Fear extrême (14/100) — taille ×0.5
2026-06-19 17:12:58 [INFO] AVAXUSDT Score=61 action=HOLD regime=ranging | Pos=1/6 | Solde=900.28 ×0.94 | WR=31% PnL=-5.85
2026-06-19 17:13:13 [INFO] SOLUSDT Fear extrême (14/100) — taille ×0.5
2026-06-19 17:13:29 [INFO] SOLUSDT Fear extrême (14/100) — taille ×0.5
2026-06-19 17:13:30 [INFO] AVAXUSDT Score=84 action=BUY regime=trending_up | Pos=1/6 | Solde=900.28 ×0.94 | WR=31% PnL=-5.85
2026-06-19 17:13:45 [INFO] SOLUSDT Fear extrême (14/100) — taille ×0.5
2026-06-19 17:14:01 [INFO] SOLUSDT Fear extrême (14/100) — taille ×0.5
2026-06-19 17:14:17 [INFO] SOLUSDT Fear extrême (14/100) — taille ×0.5
2026-06-19 17:14:33 [INFO] SOLUSDT Fear extrême (14/100) — taille ×0.5
2026-06-19 17:14:49 [INFO] SOLUSDT Fear extrême (14/100) — taille ×0.5
2026-06-19 17:15:05 [INFO] SOLUSDT Fear extrême (14/100) — taille ×0.5
2026-06-19 17:15:21 [INFO] SOLUSDT Score=84 action=BUY regime=trending_up | Pos=1/6 | Solde=900.28 ×0.94 | WR=31% PnL=-5.85
2026-06-19 17:15:21 [INFO] SOLUSDT Fear extrême (14/100) — taille ×0.5
2026-06-19 17:15:21 [INFO] SOLUSDT bloqué — ATR trop faible (0.44% < 0.50%)
2026-06-19 17:15:37 [INFO] SOLUSDT Fear extrême (14/100) — taille ×0.5
2026-06-19 17:15:53 [INFO] SOLUSDT Fear extrême (14/100) — taille ×0.5
2026-06-19 17:16:09 [INFO] SOLUSDT Fear extrême (14/100) — taille ×0.5
2026-06-19 17:16:25 [INFO] SOLUSDT Fear extrême (14/100) — taille ×0.5
2026-06-19 17:16:41 [INFO] SOLUSDT Fear extrême (14/100) — taille ×0.5
2026-06-19 17:16:57 [INFO] SOLUSDT bloque — 3 bougies baissières consecutives
2026-06-19 17:18:17 [INFO] SOLUSDT Fear extrême (14/100) — taille ×0.5
2026-06-19 17:18:33 [INFO] SOLUSDT Fear extrême (14/100) — taille ×0.5
2026-06-19 17:18:33 [INFO] AVAXUSDT Score=80 action=BUY regime=trending_up | Pos=1/6 | Solde=900.28 ×0.94 | WR=31% PnL=-5.85
2026-06-19 17:18:49 [INFO] SOLUSDT Fear extrême (14/100) — taille ×0.5
2026-06-19 17:19:05 [INFO] SOLUSDT Fear extrême (14/100) — taille ×0.5
2026-06-19 17:19:21 [INFO] SOLUSDT Fear extrême (14/100) — taille ×0.5
2026-06-19 17:19:37 [INFO] SOLUSDT Fear extrême (14/100) — taille ×0.5
2026-06-19 17:19:53 [INFO] SOLUSDT Fear extrême (14/100) — taille ×0.5
2026-06-19 17:20:09 [INFO] SOLUSDT Score=66 action=HOLD regime=trending_up | Pos=1/6 | Solde=900.28 ×0.94 | WR=31% PnL=-5.85
2026-06-19 17:20:25 [INFO] AVAXUSDT Score=58 action=HOLD regime=ranging | Pos=1/6 | Solde=900.28 ×0.94 | WR=31% PnL=-5.85
2026-06-19 17:21:13 [INFO] AVAXUSDT Score=84 action=BUY regime=trending_up | Pos=1/6 | Solde=900.28 ×0.94 | WR=31% PnL=-5.85
2026-06-19 17:23:20 [INFO] SOLUSDT Score=74 action=BUY regime=trending_up | Pos=1/6 | Solde=900.28 ×0.94 | WR=31% PnL=-5.85
2026-06-19 17:23:20 [INFO] SOLUSDT bloque — 3 bougies baissières consecutives
2026-06-19 17:24:56 [INFO] SOLUSDT Score=66 action=HOLD regime=trending_up | Pos=1/6 | Solde=900.28 ×0.94 | WR=31% PnL=-5.85
2026-06-19 17:25:12 [INFO] SOLUSDT Score=74 action=BUY regime=trending_up | Pos=1/6 | Solde=900.28 ×0.94 | WR=31% PnL=-5.85
2026-06-19 17:25:13 [INFO] AVAXUSDT Score=48 action=HOLD regime=ranging | Pos=1/6 | Solde=900.28 ×0.94 | WR=31% PnL=-5.85
2026-06-19 17:26:48 [INFO] SOLUSDT Score=66 action=HOLD regime=trending_up | Pos=1/6 | Solde=900.28 ×0.94 | WR=31% PnL=-5.85
2026-06-19 17:30:16 [INFO] SOLUSDT Score=84 action=BUY regime=trending_up | Pos=1/6 | Solde=900.28 ×0.94 | WR=31% PnL=-5.85
2026-06-19 17:30:16 [INFO] SOLUSDT Fear extrême (14/100) — taille ×0.5
2026-06-19 17:30:16 [INFO] SOLUSDT bloqué — ATR trop faible (0.44% < 0.50%)
2026-06-19 17:30:17 [INFO] AVAXUSDT Score=61 action=HOLD regime=ranging | Pos=1/6 | Solde=900.28 ×0.94 | WR=31% PnL=-5.85
2026-06-19 17:30:32 [INFO] SOLUSDT Fear extrême (14/100) — taille ×0.5
2026-06-19 17:30:48 [INFO] SOLUSDT Fear extrême (14/100) — taille ×0.5
2026-06-19 17:31:04 [INFO] SOLUSDT Fear extrême (14/100) — taille ×0.5
2026-06-19 17:31:20 [INFO] SOLUSDT Fear extrême (14/100) — taille ×0.5
2026-06-19 17:31:36 [INFO] SOLUSDT Fear extrême (14/100) — taille ×0.5
2026-06-19 17:31:52 [INFO] SOLUSDT Fear extrême (14/100) — taille ×0.5
2026-06-19 17:32:08 [INFO] SOLUSDT Fear extrême (14/100) — taille ×0.5
2026-06-19 17:32:24 [INFO] SOLUSDT Fear extrême (14/100) — taille ×0.5
2026-06-19 17:32:40 [INFO] SOLUSDT Fear extrême (14/100) — taille ×0.5
2026-06-19 17:32:56 [INFO] SOLUSDT Fear extrême (14/100) — taille ×0.5
2026-06-19 17:33:12 [INFO] SOLUSDT Fear extrême (14/100) — taille ×0.5
2026-06-19 17:33:28 [INFO] SOLUSDT Fear extrême (14/100) — taille ×0.5
2026-06-19 17:33:44 [INFO] SOLUSDT Fear extrême (14/100) — taille ×0.5
2026-06-19 17:34:00 [INFO] SOLUSDT Fear extrême (14/100) — taille ×0.5
2026-06-19 17:34:16 [INFO] SOLUSDT Fear extrême (14/100) — taille ×0.5
2026-06-19 17:34:32 [INFO] SOLUSDT Fear extrême (14/100) — taille ×0.5
2026-06-19 17:34:48 [INFO] SOLUSDT Fear extrême (14/100) — taille ×0.5
2026-06-19 17:35:04 [INFO] SOLUSDT Fear extrême (14/100) — taille ×0.5
2026-06-19 17:35:04 [INFO] AVAXUSDT Score=80 action=BUY regime=trending_up | Pos=1/6 | Solde=900.28 ×0.94 | WR=31% PnL=-5.85
2026-06-19 17:35:19 [INFO] SOLUSDT Score=75 action=BUY regime=trending_up | Pos=1/6 | Solde=900.28 ×0.94 | WR=31% PnL=-5.85
2026-06-19 17:35:19 [INFO] SOLUSDT Fear extrême (14/100) — taille ×0.5
2026-06-19 17:35:20 [INFO] SOLUSDT bloqué — ATR trop faible (0.47% < 0.50%)
2026-06-19 17:35:36 [INFO] SOLUSDT Fear extrême (14/100) — taille ×0.5
2026-06-19 17:35:52 [INFO] SOLUSDT Fear extrême (14/100) — taille ×0.5
2026-06-19 17:36:08 [INFO] SOLUSDT Fear extrême (14/100) — taille ×0.5
2026-06-19 17:36:24 [INFO] SOLUSDT Fear extrême (14/100) — taille ×0.5
2026-06-19 17:36:40 [INFO] SOLUSDT Fear extrême (14/100) — taille ×0.5
2026-06-19 17:36:56 [INFO] SOLUSDT Fear extrême (14/100) — taille ×0.5
2026-06-19 17:37:12 [INFO] SOLUSDT Fear extrême (14/100) — taille ×0.5
2026-06-19 17:37:28 [INFO] SOLUSDT Fear extrême (14/100) — taille ×0.5
2026-06-19 17:37:44 [INFO] SOLUSDT Fear extrême (14/100) — taille ×0.5
2026-06-19 17:38:00 [INFO] SOLUSDT Fear extrême (14/100) — taille ×0.5
2026-06-19 17:38:16 [INFO] SOLUSDT Fear extrême (14/100) — taille ×0.5
2026-06-19 17:38:32 [INFO] SOLUSDT Fear extrême (14/100) — taille ×0.5
2026-06-19 17:38:48 [INFO] SOLUSDT Fear extrême (14/100) — taille ×0.5
2026-06-19 17:39:04 [INFO] SOLUSDT Fear extrême (14/100) — taille ×0.5
2026-06-19 17:39:20 [INFO] SOLUSDT Fear extrême (14/100) — taille ×0.5
2026-06-19 17:39:36 [INFO] SOLUSDT Fear extrême (14/100) — taille ×0.5
2026-06-19 17:39:52 [INFO] SOLUSDT Fear extrême (14/100) — taille ×0.5
2026-06-19 17:40:08 [INFO] SOLUSDT Fear extrême (14/100) — taille ×0.5
2026-06-19 17:40:08 [INFO] AVAXUSDT Score=61 action=HOLD regime=ranging | Pos=1/6 | Solde=900.28 ×0.94 | WR=31% PnL=-5.85
2026-06-19 17:40:24 [INFO] SOLUSDT Score=75 action=BUY regime=trending_up | Pos=1/6 | Solde=900.28 ×0.94 | WR=31% PnL=-5.85
2026-06-19 17:40:24 [INFO] SOLUSDT Fear extrême (14/100) — taille ×0.5
2026-06-19 17:40:24 [INFO] SOLUSDT bloqué — ATR trop faible (0.47% < 0.50%)
2026-06-19 17:40:40 [INFO] SOLUSDT Fear extrême (14/100) — taille ×0.5
2026-06-19 17:40:56 [INFO] SOLUSDT Fear extrême (14/100) — taille ×0.5
2026-06-19 17:41:12 [INFO] SOLUSDT Fear extrême (14/100) — taille ×0.5
2026-06-19 17:41:28 [INFO] SOLUSDT Fear extrême (14/100) — taille ×0.5
2026-06-19 17:41:44 [INFO] SOLUSDT Fear extrême (14/100) — taille ×0.5
2026-06-19 17:42:00 [INFO] SOLUSDT Fear extrême (14/100) — taille ×0.5
2026-06-19 17:42:17 [INFO] SOLUSDT Score=59 action=HOLD regime=trending_up | Pos=1/6 | Solde=900.28 ×0.94 | WR=31% PnL=-5.85
2026-06-19 17:42:49 [INFO] AVAXUSDT Score=80 action=BUY regime=trending_up | Pos=1/6 | Solde=900.28 ×0.94 | WR=31% PnL=-5.85
2026-06-19 17:43:52 [INFO] SOLUSDT Score=75 action=BUY regime=trending_up | Pos=1/6 | Solde=900.28 ×0.94 | WR=31% PnL=-5.85
2026-06-19 17:43:52 [INFO] SOLUSDT Fear extrême (14/100) — taille ×0.5
2026-06-19 17:44:08 [INFO] SOLUSDT Fear extrême (14/100) — taille ×0.5
2026-06-19 17:44:24 [INFO] SOLUSDT Score=67 action=HOLD regime=trending_up | Pos=1/6 | Solde=900.28 ×0.94 | WR=31% PnL=-5.85
2026-06-19 17:45:12 [INFO] SOLUSDT Score=70 action=BUY regime=trending_up | Pos=1/6 | Solde=900.28 ×0.94 | WR=31% PnL=-5.85
2026-06-19 17:45:12 [INFO] SOLUSDT Fear extrême (14/100) — taille ×0.5
2026-06-19 17:45:28 [INFO] SOLUSDT Score=67 action=HOLD regime=trending_up | Pos=1/6 | Solde=900.28 ×0.94 | WR=31% PnL=-5.85
2026-06-19 17:46:32 [INFO] SOLUSDT Score=75 action=BUY regime=trending_up | Pos=1/6 | Solde=900.28 ×0.94 | WR=31% PnL=-5.85
2026-06-19 17:46:32 [INFO] SOLUSDT Fear extrême (14/100) — taille ×0.5
2026-06-19 17:46:32 [INFO] SOLUSDT bloqué — ATR trop faible (0.45% < 0.50%)
2026-06-19 17:46:48 [INFO] SOLUSDT Fear extrême (14/100) — taille ×0.5
2026-06-19 17:47:04 [INFO] SOLUSDT Fear extrême (14/100) — taille ×0.5
2026-06-19 17:47:20 [INFO] SOLUSDT Fear extrême (14/100) — taille ×0.5
2026-06-19 17:47:36 [INFO] SOLUSDT Fear extrême (14/100) — taille ×0.5
2026-06-19 17:47:52 [INFO] SOLUSDT Fear extrême (14/100) — taille ×0.5
2026-06-19 17:47:53 [INFO] AVAXUSDT Score=84 action=BUY regime=trending_up | Pos=1/6 | Solde=900.28 ×0.94 | WR=31% PnL=-5.85
2026-06-19 17:48:08 [INFO] SOLUSDT Fear extrême (14/100) — taille ×0.5
2026-06-19 17:48:24 [INFO] SOLUSDT Fear extrême (14/100) — taille ×0.5
2026-06-19 17:48:40 [INFO] SOLUSDT Fear extrême (14/100) — taille ×0.5
2026-06-19 17:48:56 [INFO] SOLUSDT Fear extrême (14/100) — taille ×0.5
2026-06-19 17:49:12 [INFO] SOLUSDT Fear extrême (14/100) — taille ×0.5
2026-06-19 17:49:28 [INFO] SOLUSDT Fear extrême (14/100) — taille ×0.5
2026-06-19 17:49:44 [INFO] SOLUSDT Fear extrême (14/100) — taille ×0.5
2026-06-19 17:50:00 [INFO] SOLUSDT Fear extrême (14/100) — taille ×0.5
2026-06-19 17:50:16 [INFO] SOLUSDT Fear extrême (14/100) — taille ×0.5
2026-06-19 17:50:32 [INFO] SOLUSDT Fear extrême (14/100) — taille ×0.5
2026-06-19 17:50:48 [INFO] SOLUSDT Fear extrême (14/100) — taille ×0.5
2026-06-19 17:51:04 [INFO] SOLUSDT Fear extrême (14/100) — taille ×0.5
2026-06-19 17:51:20 [INFO] SOLUSDT Fear extrême (14/100) — taille ×0.5
2026-06-19 17:51:36 [INFO] SOLUSDT Score=80 action=BUY regime=trending_up | Pos=1/6 | Solde=900.28 ×0.94 | WR=31% PnL=-5.85
2026-06-19 17:51:36 [INFO] SOLUSDT Fear extrême (14/100) — taille ×0.5
2026-06-19 17:51:36 [INFO] SOLUSDT bloqué — ATR trop faible (0.47% < 0.50%)
2026-06-19 17:51:52 [INFO] SOLUSDT Fear extrême (14/100) — taille ×0.5
2026-06-19 17:52:08 [INFO] SOLUSDT Fear extrême (14/100) — taille ×0.5
2026-06-19 17:52:24 [INFO] SOLUSDT Fear extrême (14/100) — taille ×0.5
2026-06-19 17:52:41 [INFO] SOLUSDT Fear extrême (14/100) — taille ×0.5
2026-06-19 17:52:57 [INFO] SOLUSDT Fear extrême (14/100) — taille ×0.5
2026-06-19 17:52:57 [INFO] AVAXUSDT Score=84 action=BUY regime=trending_up | Pos=1/6 | Solde=900.28 ×0.94 | WR=31% PnL=-5.85
2026-06-19 17:53:13 [INFO] SOLUSDT Fear extrême (14/100) — taille ×0.5
2026-06-19 17:53:29 [INFO] SOLUSDT Fear extrême (14/100) — taille ×0.5
2026-06-19 17:53:45 [INFO] SOLUSDT Fear extrême (14/100) — taille ×0.5
2026-06-19 17:54:01 [INFO] SOLUSDT Fear extrême (14/100) — taille ×0.5
2026-06-19 17:54:17 [INFO] SOLUSDT Fear extrême (14/100) — taille ×0.5
2026-06-19 17:54:33 [INFO] SOLUSDT Fear extrême (14/100) — taille ×0.5
2026-06-19 17:54:49 [INFO] SOLUSDT Fear extrême (14/100) — taille ×0.5
2026-06-19 17:55:05 [INFO] SOLUSDT Fear extrême (14/100) — taille ×0.5
2026-06-19 17:55:20 [INFO] SOLUSDT Fear extrême (14/100) — taille ×0.5
2026-06-19 17:55:36 [INFO] SOLUSDT Fear extrême (14/100) — taille ×0.5
2026-06-19 17:55:37 [INFO] AVAXUSDT Score=69 action=BUY regime=ranging | Pos=1/6 | Solde=900.28 ×0.94 | WR=31% PnL=-5.85
2026-06-19 17:55:52 [INFO] SOLUSDT Fear extrême (14/100) — taille ×0.5
2026-06-19 17:56:08 [INFO] SOLUSDT Fear extrême (14/100) — taille ×0.5
2026-06-19 17:56:09 [INFO] AVAXUSDT Score=85 action=BUY regime=trending_up | Pos=1/6 | Solde=900.28 ×0.94 | WR=31% PnL=-5.85
2026-06-19 17:56:24 [INFO] SOLUSDT Fear extrême (14/100) — taille ×0.5
2026-06-19 17:56:40 [INFO] SOLUSDT Score=75 action=BUY regime=trending_up | Pos=1/6 | Solde=900.28 ×0.94 | WR=31% PnL=-5.85
2026-06-19 17:56:40 [INFO] SOLUSDT Fear extrême (14/100) — taille ×0.5
2026-06-19 17:56:41 [INFO] SOLUSDT bloqué — ATR trop faible (0.47% < 0.50%)
2026-06-19 17:56:57 [INFO] SOLUSDT Fear extrême (14/100) — taille ×0.5
2026-06-19 17:57:13 [INFO] SOLUSDT Fear extrême (14/100) — taille ×0.5
2026-06-19 17:57:29 [INFO] SOLUSDT Fear extrême (14/100) — taille ×0.5
2026-06-19 17:57:45 [INFO] SOLUSDT Fear extrême (14/100) — taille ×0.5
2026-06-19 17:58:00 [INFO] SOLUSDT Fear extrême (14/100) — taille ×0.5
2026-06-19 17:58:16 [INFO] SOLUSDT Fear extrême (14/100) — taille ×0.5
2026-06-19 17:58:32 [INFO] SOLUSDT Fear extrême (14/100) — taille ×0.5
2026-06-19 17:58:48 [INFO] SOLUSDT Fear extrême (14/100) — taille ×0.5
2026-06-19 17:59:04 [INFO] SOLUSDT Fear extrême (14/100) — taille ×0.5
2026-06-19 17:59:20 [INFO] SOLUSDT Fear extrême (14/100) — taille ×0.5
2026-06-19 17:59:36 [INFO] SOLUSDT Fear extrême (14/100) — taille ×0.5
2026-06-19 17:59:52 [INFO] SOLUSDT Fear extrême (14/100) — taille ×0.5
2026-06-19 18:00:08 [INFO] SOLUSDT Fear extrême (14/100) — taille ×0.5
2026-06-19 18:00:09 [INFO] AVAXUSDT Score=73 action=BUY regime=ranging | Pos=1/6 | Solde=900.28 ×0.94 | WR=31% PnL=-5.85
2026-06-19 18:00:24 [INFO] SOLUSDT Fear extrême (14/100) — taille ×0.5
2026-06-19 18:00:40 [INFO] SOLUSDT Fear extrême (14/100) — taille ×0.5
2026-06-19 18:00:56 [INFO] SOLUSDT Fear extrême (14/100) — taille ×0.5
2026-06-19 18:01:12 [INFO] SOLUSDT Fear extrême (14/100) — taille ×0.5
2026-06-19 18:01:28 [INFO] SOLUSDT Fear extrême (14/100) — taille ×0.5
2026-06-19 18:01:44 [INFO] SOLUSDT Score=96 action=BUY regime=trending_up | Pos=1/6 | Solde=900.28 ×0.94 | WR=31% PnL=-5.85
2026-06-19 18:01:44 [INFO] SOLUSDT Fear extrême (14/100) — taille ×0.5
2026-06-19 18:01:44 [INFO] SOLUSDT bloqué — ATR trop faible (0.44% < 0.50%)
2026-06-19 18:02:00 [INFO] SOLUSDT Fear extrême (14/100) — taille ×0.5
2026-06-19 18:02:00 [INFO] AVAXUSDT Score=85 action=BUY regime=trending_up | Pos=1/6 | Solde=900.28 ×0.94 | WR=31% PnL=-5.85
2026-06-19 18:02:16 [INFO] SOLUSDT Fear extrême (14/100) — taille ×0.5
2026-06-19 18:02:32 [INFO] SOLUSDT Fear extrême (14/100) — taille ×0.5
2026-06-19 18:02:48 [INFO] SOLUSDT Fear extrême (14/100) — taille ×0.5
2026-06-19 18:03:04 [INFO] SOLUSDT Fear extrême (14/100) — taille ×0.5
2026-06-19 18:03:20 [INFO] SOLUSDT Fear extrême (14/100) — taille ×0.5
2026-06-19 18:03:36 [INFO] SOLUSDT Fear extrême (14/100) — taille ×0.5
2026-06-19 18:03:52 [INFO] SOLUSDT Fear extrême (14/100) — taille ×0.5
2026-06-19 18:04:08 [INFO] SOLUSDT Fear extrême (14/100) — taille ×0.5
2026-06-19 18:04:24 [INFO] SOLUSDT Fear extrême (14/100) — taille ×0.5
2026-06-19 18:04:24 [INFO] AVAXUSDT Score=63 action=HOLD regime=ranging | Pos=1/6 | Solde=900.28 ×0.94 | WR=31% PnL=-5.85
2026-06-19 18:04:40 [INFO] SOLUSDT Fear extrême (14/100) — taille ×0.5
2026-06-19 18:04:56 [INFO] SOLUSDT Fear extrême (14/100) — taille ×0.5
2026-06-19 18:05:12 [INFO] SOLUSDT Fear extrême (14/100) — taille ×0.5
2026-06-19 18:05:28 [INFO] SOLUSDT Fear extrême (14/100) — taille ×0.5
2026-06-19 18:05:44 [INFO] SOLUSDT Fear extrême (14/100) — taille ×0.5
2026-06-19 18:06:00 [INFO] SOLUSDT Fear extrême (14/100) — taille ×0.5
2026-06-19 18:06:16 [INFO] SOLUSDT Fear extrême (14/100) — taille ×0.5
2026-06-19 18:06:32 [INFO] SOLUSDT Fear extrême (14/100) — taille ×0.5
2026-06-19 18:06:48 [INFO] SOLUSDT Score=96 action=BUY regime=trending_up | Pos=1/6 | Solde=900.28 ×0.94 | WR=31% PnL=-5.85
2026-06-19 18:06:48 [INFO] SOLUSDT Fear extrême (14/100) — taille ×0.5
2026-06-19 18:06:48 [INFO] SOLUSDT bloqué — ATR trop faible (0.45% < 0.50%)
2026-06-19 18:07:04 [INFO] SOLUSDT Fear extrême (14/100) — taille ×0.5
2026-06-19 18:07:20 [INFO] SOLUSDT Fear extrême (14/100) — taille ×0.5
2026-06-19 18:07:37 [INFO] Fear & Greed index = 14/100
2026-06-19 18:07:37 [INFO] SOLUSDT Fear extrême (14/100) — taille ×0.5
2026-06-19 18:07:53 [INFO] SOLUSDT Fear extrême (14/100) — taille ×0.5
2026-06-19 18:08:08 [INFO] SOLUSDT Fear extrême (14/100) — taille ×0.5
2026-06-19 18:08:24 [INFO] SOLUSDT Fear extrême (14/100) — taille ×0.5
2026-06-19 18:08:40 [INFO] SOLUSDT Fear extrême (14/100) — taille ×0.5
2026-06-19 18:08:56 [INFO] SOLUSDT Fear extrême (14/100) — taille ×0.5
2026-06-19 18:09:12 [INFO] SOLUSDT Fear extrême (14/100) — taille ×0.5
2026-06-19 18:09:28 [INFO] SOLUSDT Fear extrême (14/100) — taille ×0.5
2026-06-19 18:09:29 [INFO] AVAXUSDT Score=63 action=HOLD regime=ranging | Pos=1/6 | Solde=900.28 ×0.94 | WR=31% PnL=-5.85
2026-06-19 18:09:44 [INFO] SOLUSDT Fear extrême (14/100) — taille ×0.5
2026-06-19 18:10:00 [INFO] SOLUSDT Fear extrême (14/100) — taille ×0.5
2026-06-19 18:10:16 [INFO] SOLUSDT Fear extrême (14/100) — taille ×0.5
2026-06-19 18:10:32 [INFO] SOLUSDT Fear extrême (14/100) — taille ×0.5
2026-06-19 18:10:48 [INFO] SOLUSDT Fear extrême (14/100) — taille ×0.5
2026-06-19 18:11:04 [INFO] SOLUSDT Fear extrême (14/100) — taille ×0.5
2026-06-19 18:11:20 [INFO] SOLUSDT Fear extrême (14/100) — taille ×0.5
2026-06-19 18:11:36 [INFO] SOLUSDT Fear extrême (14/100) — taille ×0.5
2026-06-19 18:11:52 [INFO] SOLUSDT Score=88 action=BUY regime=trending_up | Pos=1/6 | Solde=900.28 ×0.94 | WR=31% PnL=-5.85
2026-06-19 18:11:52 [INFO] SOLUSDT Fear extrême (14/100) — taille ×0.5
2026-06-19 18:11:52 [INFO] SOLUSDT bloqué — ATR trop faible (0.46% < 0.50%)
2026-06-19 18:12:08 [INFO] SOLUSDT Fear extrême (14/100) — taille ×0.5
2026-06-19 18:12:24 [INFO] SOLUSDT Fear extrême (14/100) — taille ×0.5
2026-06-19 18:12:40 [INFO] SOLUSDT Fear extrême (14/100) — taille ×0.5
2026-06-19 18:12:56 [INFO] SOLUSDT Fear extrême (14/100) — taille ×0.5
2026-06-19 18:13:12 [INFO] SOLUSDT Fear extrême (14/100) — taille ×0.5
2026-06-19 18:13:28 [INFO] SOLUSDT Fear extrême (14/100) — taille ×0.5
2026-06-19 18:13:44 [INFO] SOLUSDT Fear extrême (14/100) — taille ×0.5
2026-06-19 18:14:00 [INFO] SOLUSDT Fear extrême (14/100) — taille ×0.5
2026-06-19 18:14:01 [INFO] AVAXUSDT Score=74 action=BUY regime=trending_up | Pos=1/6 | Solde=900.28 ×0.94 | WR=31% PnL=-5.85
2026-06-19 18:14:16 [INFO] SOLUSDT Fear extrême (14/100) — taille ×0.5
2026-06-19 18:14:32 [INFO] SOLUSDT Fear extrême (14/100) — taille ×0.5
2026-06-19 18:14:48 [INFO] SOLUSDT Fear extrême (14/100) — taille ×0.5
2026-06-19 18:15:04 [INFO] SOLUSDT Fear extrême (14/100) — taille ×0.5
2026-06-19 18:15:20 [INFO] SOLUSDT Fear extrême (14/100) — taille ×0.5
2026-06-19 18:15:36 [INFO] SOLUSDT Fear extrême (14/100) — taille ×0.5
2026-06-19 18:15:52 [INFO] SOLUSDT Fear extrême (14/100) — taille ×0.5
2026-06-19 18:16:08 [INFO] SOLUSDT Fear extrême (14/100) — taille ×0.5
2026-06-19 18:16:24 [INFO] SOLUSDT Fear extrême (14/100) — taille ×0.5
2026-06-19 18:16:40 [INFO] SOLUSDT Fear extrême (14/100) — taille ×0.5
2026-06-19 18:16:56 [INFO] SOLUSDT Score=88 action=BUY regime=trending_up | Pos=1/6 | Solde=900.28 ×0.94 | WR=31% PnL=-5.85
2026-06-19 18:16:56 [INFO] SOLUSDT Fear extrême (14/100) — taille ×0.5
2026-06-19 18:16:56 [INFO] SOLUSDT bloqué — ATR trop faible (0.44% < 0.50%)
2026-06-19 18:17:12 [INFO] SOLUSDT Fear extrême (14/100) — taille ×0.5
2026-06-19 18:17:28 [INFO] SOLUSDT Fear extrême (14/100) — taille ×0.5
2026-06-19 18:17:44 [INFO] SOLUSDT Fear extrême (14/100) — taille ×0.5
2026-06-19 18:18:00 [INFO] SOLUSDT Fear extrême (14/100) — taille ×0.5
2026-06-19 18:18:16 [INFO] SOLUSDT Fear extrême (14/100) — taille ×0.5
2026-06-19 18:18:31 [INFO] SOLUSDT Fear extrême (14/100) — taille ×0.5
2026-06-19 18:18:47 [INFO] SOLUSDT Fear extrême (14/100) — taille ×0.5
2026-06-19 18:19:03 [INFO] SOLUSDT Fear extrême (14/100) — taille ×0.5
2026-06-19 18:19:04 [INFO] AVAXUSDT Score=70 action=BUY regime=trending_up | Pos=1/6 | Solde=900.28 ×0.94 | WR=31% PnL=-5.85
2026-06-19 18:19:19 [INFO] SOLUSDT Fear extrême (14/100) — taille ×0.5
2026-06-19 18:19:35 [INFO] SOLUSDT Fear extrême (14/100) — taille ×0.5
2026-06-19 18:19:51 [INFO] SOLUSDT Fear extrême (14/100) — taille ×0.5
2026-06-19 18:20:08 [INFO] SOLUSDT Fear extrême (14/100) — taille ×0.5
2026-06-19 18:20:24 [INFO] SOLUSDT Fear extrême (14/100) — taille ×0.5
2026-06-19 18:20:39 [INFO] SOLUSDT Fear extrême (14/100) — taille ×0.5
2026-06-19 18:20:55 [INFO] SOLUSDT Fear extrême (14/100) — taille ×0.5
2026-06-19 18:21:11 [INFO] SOLUSDT Fear extrême (14/100) — taille ×0.5
2026-06-19 18:21:27 [INFO] SOLUSDT Fear extrême (14/100) — taille ×0.5
2026-06-19 18:21:43 [INFO] SOLUSDT Fear extrême (14/100) — taille ×0.5
2026-06-19 18:21:59 [INFO] SOLUSDT Score=82 action=BUY regime=trending_up | Pos=1/6 | Solde=900.28 ×0.94 | WR=31% PnL=-5.85
2026-06-19 18:21:59 [INFO] SOLUSDT Fear extrême (14/100) — taille ×0.5
2026-06-19 18:22:00 [INFO] SOLUSDT bloqué — ATR trop faible (0.44% < 0.50%)
2026-06-19 18:22:16 [INFO] SOLUSDT Fear extrême (14/100) — taille ×0.5
2026-06-19 18:22:31 [INFO] SOLUSDT Fear extrême (14/100) — taille ×0.5
2026-06-19 18:22:47 [INFO] SOLUSDT Fear extrême (14/100) — taille ×0.5
2026-06-19 18:23:03 [INFO] SOLUSDT Fear extrême (14/100) — taille ×0.5
2026-06-19 18:23:19 [INFO] SOLUSDT Fear extrême (14/100) — taille ×0.5
2026-06-19 18:23:35 [INFO] SOLUSDT Fear extrême (14/100) — taille ×0.5
2026-06-19 18:23:51 [INFO] SOLUSDT Fear extrême (14/100) — taille ×0.5
2026-06-19 18:24:07 [INFO] SOLUSDT Fear extrême (14/100) — taille ×0.5
2026-06-19 18:24:08 [INFO] AVAXUSDT Score=74 action=BUY regime=trending_up | Pos=1/6 | Solde=900.28 ×0.94 | WR=31% PnL=-5.85
2026-06-19 18:24:23 [INFO] SOLUSDT Fear extrême (14/100) — taille ×0.5
2026-06-19 18:24:39 [INFO] SOLUSDT Fear extrême (14/100) — taille ×0.5
2026-06-19 18:24:55 [INFO] SOLUSDT Fear extrême (14/100) — taille ×0.5
2026-06-19 18:25:11 [INFO] SOLUSDT Fear extrême (14/100) — taille ×0.5
2026-06-19 18:25:27 [INFO] SOLUSDT Fear extrême (14/100) — taille ×0.5
2026-06-19 18:25:43 [INFO] SOLUSDT Fear extrême (14/100) — taille ×0.5
2026-06-19 18:25:59 [INFO] SOLUSDT Fear extrême (14/100) — taille ×0.5
2026-06-19 18:26:15 [INFO] SOLUSDT Fear extrême (14/100) — taille ×0.5
2026-06-19 18:26:31 [INFO] SOLUSDT Fear extrême (14/100) — taille ×0.5
2026-06-19 18:26:47 [INFO] SOLUSDT Fear extrême (14/100) — taille ×0.5
2026-06-19 18:27:03 [INFO] SOLUSDT Score=88 action=BUY regime=trending_up | Pos=1/6 | Solde=900.28 ×0.94 | WR=31% PnL=-5.85
2026-06-19 18:27:03 [INFO] SOLUSDT Fear extrême (14/100) — taille ×0.5
2026-06-19 18:27:03 [INFO] SOLUSDT bloqué — ATR trop faible (0.44% < 0.50%)
2026-06-19 18:27:19 [INFO] SOLUSDT Fear extrême (14/100) — taille ×0.5
2026-06-19 18:27:35 [INFO] SOLUSDT Fear extrême (14/100) — taille ×0.5
2026-06-19 18:27:51 [INFO] SOLUSDT Fear extrême (14/100) — taille ×0.5
2026-06-19 18:28:08 [INFO] SOLUSDT Fear extrême (14/100) — taille ×0.5
2026-06-19 18:28:24 [INFO] SOLUSDT Fear extrême (14/100) — taille ×0.5
2026-06-19 18:28:40 [INFO] SOLUSDT Fear extrême (14/100) — taille ×0.5
2026-06-19 18:28:55 [INFO] SOLUSDT Fear extrême (14/100) — taille ×0.5
2026-06-19 18:29:11 [INFO] SOLUSDT Fear extrême (14/100) — taille ×0.5
2026-06-19 18:29:12 [INFO] AVAXUSDT Score=74 action=BUY regime=trending_up | Pos=1/6 | Solde=900.28 ×0.94 | WR=31% PnL=-5.85
2026-06-19 18:29:27 [INFO] SOLUSDT Fear extrême (14/100) — taille ×0.5
2026-06-19 18:29:43 [INFO] SOLUSDT Fear extrême (14/100) — taille ×0.5
2026-06-19 18:29:59 [INFO] SOLUSDT Fear extrême (14/100) — taille ×0.5
2026-06-19 18:30:15 [INFO] SOLUSDT Fear extrême (14/100) — taille ×0.5
2026-06-19 18:30:31 [INFO] SOLUSDT Fear extrême (14/100) — taille ×0.5
2026-06-19 18:30:47 [INFO] SOLUSDT Fear extrême (14/100) — taille ×0.5
2026-06-19 18:31:03 [INFO] SOLUSDT Fear extrême (14/100) — taille ×0.5
2026-06-19 18:31:19 [INFO] SOLUSDT Fear extrême (14/100) — taille ×0.5
2026-06-19 18:31:35 [INFO] SOLUSDT Fear extrême (14/100) — taille ×0.5
2026-06-19 18:31:51 [INFO] SOLUSDT Fear extrême (14/100) — taille ×0.5
2026-06-19 18:32:07 [INFO] SOLUSDT Score=96 action=BUY regime=trending_up | Pos=1/6 | Solde=900.28 ×0.94 | WR=31% PnL=-5.85
2026-06-19 18:32:07 [INFO] SOLUSDT Fear extrême (14/100) — taille ×0.5
2026-06-19 18:32:07 [INFO] SOLUSDT bloqué — ATR trop faible (0.42% < 0.50%)
2026-06-19 18:32:23 [INFO] SOLUSDT Fear extrême (14/100) — taille ×0.5
2026-06-19 18:32:39 [INFO] SOLUSDT Fear extrême (14/100) — taille ×0.5
2026-06-19 18:32:55 [INFO] SOLUSDT Fear extrême (14/100) — taille ×0.5
2026-06-19 18:33:11 [INFO] SOLUSDT Fear extrême (14/100) — taille ×0.5
2026-06-19 18:33:27 [INFO] SOLUSDT Fear extrême (14/100) — taille ×0.5
2026-06-19 18:33:43 [INFO] SOLUSDT Fear extrême (14/100) — taille ×0.5
2026-06-19 18:33:59 [INFO] SOLUSDT Fear extrême (14/100) — taille ×0.5
2026-06-19 18:34:15 [INFO] SOLUSDT Fear extrême (14/100) — taille ×0.5
2026-06-19 18:34:15 [INFO] AVAXUSDT Score=74 action=BUY regime=trending_up | Pos=1/6 | Solde=900.28 ×0.94 | WR=31% PnL=-5.85
2026-06-19 18:34:31 [INFO] SOLUSDT Fear extrême (14/100) — taille ×0.5
2026-06-19 18:34:47 [INFO] SOLUSDT Fear extrême (14/100) — taille ×0.5
2026-06-19 18:35:03 [INFO] SOLUSDT Fear extrême (14/100) — taille ×0.5
2026-06-19 18:35:19 [INFO] SOLUSDT Fear extrême (14/100) — taille ×0.5
2026-06-19 18:35:35 [INFO] SOLUSDT Fear extrême (14/100) — taille ×0.5
2026-06-19 18:35:51 [INFO] SOLUSDT Fear extrême (14/100) — taille ×0.5
2026-06-19 18:36:07 [INFO] SOLUSDT Fear extrême (14/100) — taille ×0.5
2026-06-19 18:36:23 [INFO] SOLUSDT Fear extrême (14/100) — taille ×0.5
2026-06-19 18:36:39 [INFO] SOLUSDT Fear extrême (14/100) — taille ×0.5
2026-06-19 18:36:55 [INFO] SOLUSDT Fear extrême (14/100) — taille ×0.5
2026-06-19 18:37:11 [INFO] SOLUSDT Score=96 action=BUY regime=trending_up | Pos=1/6 | Solde=900.28 ×0.94 | WR=31% PnL=-5.85
2026-06-19 18:37:11 [INFO] SOLUSDT Fear extrême (14/100) — taille ×0.5
2026-06-19 18:37:11 [INFO] SOLUSDT bloqué — ATR trop faible (0.43% < 0.50%)
2026-06-19 18:37:27 [INFO] SOLUSDT Fear extrême (14/100) — taille ×0.5
2026-06-19 18:37:43 [INFO] SOLUSDT Fear extrême (14/100) — taille ×0.5
2026-06-19 18:37:43 [INFO] AVAXUSDT Score=60 action=HOLD regime=trending_up | Pos=1/6 | Solde=900.28 ×0.94 | WR=31% PnL=-5.85
2026-06-19 18:37:59 [INFO] SOLUSDT Fear extrême (14/100) — taille ×0.5
2026-06-19 18:38:15 [INFO] SOLUSDT Fear extrême (14/100) — taille ×0.5
2026-06-19 18:38:15 [INFO] AVAXUSDT Score=72 action=BUY regime=trending_up | Pos=1/6 | Solde=900.28 ×0.94 | WR=31% PnL=-5.85
2026-06-19 18:38:31 [INFO] SOLUSDT Fear extrême (14/100) — taille ×0.5
2026-06-19 18:38:47 [INFO] SOLUSDT Fear extrême (14/100) — taille ×0.5
2026-06-19 18:39:03 [INFO] SOLUSDT Fear extrême (14/100) — taille ×0.5
2026-06-19 18:39:19 [INFO] SOLUSDT Fear extrême (14/100) — taille ×0.5
2026-06-19 18:39:19 [INFO] AVAXUSDT Score=46 action=HOLD regime=ranging | Pos=1/6 | Solde=900.28 ×0.94 | WR=31% PnL=-5.85
2026-06-19 18:39:35 [INFO] SOLUSDT Fear extrême (14/100) — taille ×0.5
2026-06-19 18:39:51 [INFO] SOLUSDT Fear extrême (14/100) — taille ×0.5
2026-06-19 18:40:07 [INFO] SOLUSDT Fear extrême (14/100) — taille ×0.5
2026-06-19 18:40:07 [INFO] AVAXUSDT Score=72 action=BUY regime=trending_up | Pos=1/6 | Solde=900.28 ×0.94 | WR=31% PnL=-5.85
2026-06-19 18:40:23 [INFO] SOLUSDT Fear extrême (14/100) — taille ×0.5
2026-06-19 18:40:39 [INFO] SOLUSDT Fear extrême (14/100) — taille ×0.5
2026-06-19 18:40:39 [INFO] AVAXUSDT Score=46 action=HOLD regime=ranging | Pos=1/6 | Solde=900.28 ×0.94 | WR=31% PnL=-5.85
2026-06-19 18:40:55 [INFO] SOLUSDT Fear extrême (14/100) — taille ×0.5
2026-06-19 18:41:11 [INFO] SOLUSDT Fear extrême (14/100) — taille ×0.5
2026-06-19 18:41:27 [INFO] SOLUSDT Fear extrême (14/100) — taille ×0.5
2026-06-19 18:41:43 [INFO] SOLUSDT Fear extrême (14/100) — taille ×0.5
2026-06-19 18:41:59 [INFO] SOLUSDT Fear extrême (14/100) — taille ×0.5
2026-06-19 18:42:14 [INFO] SOLUSDT Score=100 action=BUY regime=trending_up | Pos=1/6 | Solde=900.28 ×0.94 | WR=31% PnL=-5.85
2026-06-19 18:42:14 [INFO] SOLUSDT Fear extrême (14/100) — taille ×0.5
2026-06-19 18:42:15 [INFO] SOLUSDT bloqué — ATR trop faible (0.44% < 0.50%)
2026-06-19 18:42:31 [INFO] SOLUSDT Fear extrême (14/100) — taille ×0.5
2026-06-19 18:42:47 [INFO] SOLUSDT Fear extrême (14/100) — taille ×0.5
2026-06-19 18:43:03 [INFO] SOLUSDT Fear extrême (14/100) — taille ×0.5
2026-06-19 18:43:18 [INFO] SOLUSDT Fear extrême (14/100) — taille ×0.5
2026-06-19 18:43:34 [INFO] SOLUSDT Fear extrême (14/100) — taille ×0.5
2026-06-19 18:43:50 [INFO] SOLUSDT Fear extrême (14/100) — taille ×0.5
2026-06-19 18:44:06 [INFO] SOLUSDT Fear extrême (14/100) — taille ×0.5
2026-06-19 18:44:22 [INFO] SOLUSDT Fear extrême (14/100) — taille ×0.5
2026-06-19 18:44:38 [INFO] SOLUSDT Fear extrême (14/100) — taille ×0.5
2026-06-19 18:44:54 [INFO] SOLUSDT Fear extrême (14/100) — taille ×0.5
2026-06-19 18:45:10 [INFO] SOLUSDT Fear extrême (14/100) — taille ×0.5
2026-06-19 18:45:26 [INFO] SOLUSDT Fear extrême (14/100) — taille ×0.5
2026-06-19 18:45:42 [INFO] SOLUSDT Fear extrême (14/100) — taille ×0.5
2026-06-19 18:45:43 [INFO] AVAXUSDT Score=46 action=HOLD regime=ranging | Pos=1/6 | Solde=900.28 ×0.94 | WR=31% PnL=-5.85
2026-06-19 18:45:58 [INFO] SOLUSDT bloque — 3 bougies baissières consecutives
2026-06-19 18:47:18 [INFO] SOLUSDT Score=94 action=BUY regime=trending_up | Pos=1/6 | Solde=900.28 ×0.94 | WR=31% PnL=-5.85
2026-06-19 18:50:46 [INFO] AVAXUSDT Score=46 action=HOLD regime=ranging | Pos=1/6 | Solde=900.28 ×0.94 | WR=31% PnL=-5.85
2026-06-19 18:51:01 [INFO] SOLUSDT bloque — 3 bougies baissières consecutives
2026-06-19 18:52:21 [INFO] SOLUSDT Score=98 action=BUY regime=trending_up | Pos=1/6 | Solde=900.28 ×0.94 | WR=31% PnL=-5.85
2026-06-19 18:55:48 [INFO] SOLUSDT Score=42 action=HOLD regime=trending_up | Pos=1/6 | Solde=900.28 ×0.94 | WR=31% PnL=-5.85
2026-06-19 18:55:49 [INFO] AVAXUSDT Score=46 action=HOLD regime=ranging | Pos=1/6 | Solde=900.28 ×0.94 | WR=31% PnL=-5.85
2026-06-19 18:56:09 [SL] 6.1200 AVAXUSDT @ 6.0710 | PnL=-0.3558 (-0.95%) | Compound ×0.94 | Session PnL=-6.21 WR=30% | Raison=sl
2026-06-19 18:56:20 [INFO] AVAXUSDT SL-cooldown actif — 888s restantes
2026-06-19 19:00:59 [INFO] SOLUSDT Score=46 action=HOLD regime=trending_up | Pos=0/6 | Solde=937.41 ×0.94 | WR=30% PnL=-6.21
2026-06-19 19:01:30 [INFO] AVAXUSDT SL-cooldown actif — 578s restantes
2026-06-19 19:06:08 [INFO] SOLUSDT Score=46 action=HOLD regime=trending_up | Pos=0/6 | Solde=937.41 ×0.94 | WR=30% PnL=-6.21
2026-06-19 19:06:40 [INFO] AVAXUSDT SL-cooldown actif — 269s restantes
2026-06-19 19:11:19 [INFO] SOLUSDT Score=46 action=HOLD regime=trending_up | Pos=0/6 | Solde=937.41 ×0.94 | WR=30% PnL=-6.21
2026-06-19 19:11:19 [INFO] AVAXUSDT Score=46 action=HOLD regime=ranging | Pos=0/6 | Solde=937.41 ×0.94 | WR=30% PnL=-6.21
2026-06-19 19:15:34 [INFO] SOLUSDT Score=38 action=HOLD regime=ranging | Pos=0/6 | Solde=937.41 ×0.94 | WR=30% PnL=-6.21
2026-06-19 19:16:23 [INFO] AVAXUSDT Score=38 action=HOLD regime=ranging | Pos=0/6 | Solde=937.41 ×0.94 | WR=30% PnL=-6.21
2026-06-19 19:17:10 [INFO] SOLUSDT Score=56 action=HOLD regime=trending_up | Pos=0/6 | Solde=937.41 ×0.94 | WR=30% PnL=-6.21
2026-06-19 19:21:26 [INFO] AVAXUSDT Score=38 action=HOLD regime=ranging | Pos=0/6 | Solde=937.41 ×0.94 | WR=30% PnL=-6.21
2026-06-19 19:22:13 [INFO] SOLUSDT Score=54 action=HOLD regime=trending_up | Pos=0/6 | Solde=937.41 ×0.94 | WR=30% PnL=-6.21
2026-06-19 19:26:29 [INFO] AVAXUSDT Score=38 action=HOLD regime=ranging | Pos=0/6 | Solde=937.41 ×0.94 | WR=30% PnL=-6.21
2026-06-19 19:27:17 [INFO] SOLUSDT Score=56 action=HOLD regime=trending_up | Pos=0/6 | Solde=937.41 ×0.94 | WR=30% PnL=-6.21
2026-06-19 19:31:32 [INFO] AVAXUSDT Score=38 action=HOLD regime=ranging | Pos=0/6 | Solde=937.41 ×0.94 | WR=30% PnL=-6.21
2026-06-19 19:32:20 [INFO] SOLUSDT Score=54 action=HOLD regime=trending_up | Pos=0/6 | Solde=937.41 ×0.94 | WR=30% PnL=-6.21
2026-06-19 19:36:35 [INFO] AVAXUSDT Score=38 action=HOLD regime=ranging | Pos=0/6 | Solde=937.41 ×0.94 | WR=30% PnL=-6.21
2026-06-19 19:37:23 [INFO] SOLUSDT Score=60 action=HOLD regime=trending_up | Pos=0/6 | Solde=937.41 ×0.94 | WR=30% PnL=-6.21
2026-06-19 19:41:39 [INFO] AVAXUSDT Score=38 action=HOLD regime=ranging | Pos=0/6 | Solde=937.41 ×0.94 | WR=30% PnL=-6.21
2026-06-19 19:42:26 [INFO] SOLUSDT Score=52 action=HOLD regime=trending_up | Pos=0/6 | Solde=937.41 ×0.94 | WR=30% PnL=-6.21
2026-06-19 19:46:42 [INFO] AVAXUSDT Score=38 action=HOLD regime=ranging | Pos=0/6 | Solde=937.41 ×0.94 | WR=30% PnL=-6.21
2026-06-19 19:47:29 [INFO] SOLUSDT Score=60 action=HOLD regime=trending_up | Pos=0/6 | Solde=937.41 ×0.94 | WR=30% PnL=-6.21
2026-06-19 19:49:22 [INFO] AVAXUSDT Score=54 action=HOLD regime=trending_up | Pos=0/6 | Solde=937.41 ×0.94 | WR=30% PnL=-6.21
2026-06-19 19:49:38 [INFO] AVAXUSDT Score=44 action=HOLD regime=ranging | Pos=0/6 | Solde=937.41 ×0.94 | WR=30% PnL=-6.21
2026-06-19 19:52:33 [INFO] SOLUSDT Score=60 action=HOLD regime=trending_up | Pos=0/6 | Solde=937.41 ×0.94 | WR=30% PnL=-6.21
2026-06-19 19:54:41 [INFO] AVAXUSDT Score=64 action=HOLD regime=ranging | Pos=0/6 | Solde=937.41 ×0.94 | WR=30% PnL=-6.21
2026-06-19 19:56:01 [INFO] AVAXUSDT Score=70 action=BUY regime=ranging | Pos=0/6 | Solde=937.41 ×0.94 | WR=30% PnL=-6.21
2026-06-19 19:56:01 [INFO] Fear & Greed index = 14/100
2026-06-19 19:56:01 [INFO] AVAXUSDT Fear extrême (14/100) — taille ×0.5
2026-06-19 19:56:02 [BUY] Ordre limite | 6.2100 AVAXUSDT @ 6.0300 | Score=70 | SL=5.9864 TP1=6.0903 TP2=6.1208
2026-06-19 19:56:06 [BUY] Ordre rempli | 6.2100 AVAXUSDT @ 6.0300 | SL=5.9864 TP1=6.0903 TP2=6.1208 | Score=70 | ×0.94 compound
2026-06-19 19:57:35 [INFO] SOLUSDT Score=60 action=HOLD regime=trending_up | Pos=1/6 | Solde=899.93 ×0.94 | WR=30% PnL=-6.21
2026-06-19 20:01:12 [INFO] AVAXUSDT Score=64 action=HOLD regime=ranging | Pos=1/6 | Solde=899.93 ×0.94 | WR=30% PnL=-6.21
2026-06-19 20:02:47 [INFO] SOLUSDT Score=54 action=HOLD regime=trending_up | Pos=1/6 | Solde=899.93 ×0.94 | WR=30% PnL=-6.21
2026-06-19 20:06:15 [INFO] AVAXUSDT Score=64 action=HOLD regime=ranging | Pos=1/6 | Solde=899.93 ×0.94 | WR=30% PnL=-6.21
2026-06-19 20:07:50 [INFO] SOLUSDT Score=54 action=HOLD regime=trending_up | Pos=1/6 | Solde=899.93 ×0.94 | WR=30% PnL=-6.21
2026-06-19 20:11:18 [INFO] AVAXUSDT Score=64 action=HOLD regime=ranging | Pos=1/6 | Solde=899.93 ×0.94 | WR=30% PnL=-6.21
2026-06-19 20:12:54 [INFO] SOLUSDT Score=54 action=HOLD regime=trending_up | Pos=1/6 | Solde=899.93 ×0.94 | WR=30% PnL=-6.21
2026-06-19 20:16:21 [INFO] AVAXUSDT Score=62 action=HOLD regime=ranging | Pos=1/6 | Solde=899.93 ×0.94 | WR=30% PnL=-6.21
2026-06-19 20:17:57 [INFO] SOLUSDT Score=54 action=HOLD regime=trending_up | Pos=1/6 | Solde=899.93 ×0.94 | WR=30% PnL=-6.21
2026-06-19 20:21:25 [INFO] AVAXUSDT Score=52 action=HOLD regime=ranging | Pos=1/6 | Solde=899.93 ×0.94 | WR=30% PnL=-6.21
2026-06-19 20:23:00 [INFO] SOLUSDT Score=54 action=HOLD regime=trending_up | Pos=1/6 | Solde=899.93 ×0.94 | WR=30% PnL=-6.21
2026-06-19 20:26:28 [INFO] AVAXUSDT Score=64 action=HOLD regime=ranging | Pos=1/6 | Solde=899.93 ×0.94 | WR=30% PnL=-6.21
2026-06-19 20:28:03 [INFO] SOLUSDT Score=54 action=HOLD regime=trending_up | Pos=1/6 | Solde=899.93 ×0.94 | WR=30% PnL=-6.21
2026-06-19 20:28:20 [INFO] AVAXUSDT Score=70 action=BUY regime=ranging | Pos=1/6 | Solde=899.93 ×0.94 | WR=30% PnL=-6.21
2026-06-19 20:28:32 [SL] 6.2100 AVAXUSDT @ 5.9860 | PnL=-0.3292 (-0.88%) | Compound ×0.94 | Session PnL=-6.54 WR=29% | Raison=sl
2026-06-19 20:28:35 [INFO] AVAXUSDT SL-cooldown actif — 896s restantes
2026-06-19 20:31:25 [INFO] SOLUSDT Score=38 action=HOLD regime=ranging | Pos=0/6 | Solde=937.08 ×0.94 | WR=29% PnL=-6.54
2026-06-19 20:31:56 [INFO] SOLUSDT Score=54 action=HOLD regime=trending_up | Pos=0/6 | Solde=937.08 ×0.94 | WR=29% PnL=-6.54
2026-06-19 20:33:45 [INFO] AVAXUSDT SL-cooldown actif — 587s restantes
2026-06-19 20:37:06 [INFO] SOLUSDT Score=54 action=HOLD regime=trending_up | Pos=0/6 | Solde=937.08 ×0.94 | WR=29% PnL=-6.54
2026-06-19 20:38:55 [INFO] AVAXUSDT SL-cooldown actif — 277s restantes
2026-06-19 20:39:10 [INFO] SOLUSDT Score=38 action=HOLD regime=ranging | Pos=0/6 | Solde=937.08 ×0.94 | WR=29% PnL=-6.54
2026-06-19 20:43:34 [INFO] AVAXUSDT Score=85 action=BUY regime=ranging | Pos=0/6 | Solde=937.08 ×0.94 | WR=29% PnL=-6.54
2026-06-19 20:43:34 [INFO] AVAXUSDT Fear extrême (14/100) — taille ×0.5
2026-06-19 20:43:35 [BUY] Ordre limite | 6.4600 AVAXUSDT @ 5.7990 | Score=85 | SL=5.7526 TP1=5.8570 TP2=5.8999
2026-06-19 20:43:56 [BUY] Ordre rempli | 6.4600 AVAXUSDT @ 5.7990 | SL=5.7526 TP1=5.8570 TP2=5.8999 | Score=85 | ×0.94 compound
2026-06-19 20:44:21 [INFO] SOLUSDT Score=60 action=HOLD regime=ranging | Pos=1/6 | Solde=899.59 ×0.94 | WR=29% PnL=-6.54
2026-06-19 20:44:29 [WARNING] Circuit breaker déclenché — 3 pertes consécutives — achats suspendus 1h
2026-06-19 20:44:30 [SL] 6.4600 AVAXUSDT @ 5.7500 | PnL=-0.3725 (-0.99%) | Compound ×0.94 | Session PnL=-6.91 WR=28% | Raison=sl
2026-06-19 20:44:36 [INFO] Circuit breaker actif — reprend dans 59 min
2026-06-19 20:48:36 [INFO] AVAXUSDT SL-cooldown actif — 652s restantes
2026-06-19 20:49:36 [INFO] Circuit breaker actif — reprend dans 54 min
2026-06-19 20:53:36 [INFO] AVAXUSDT SL-cooldown actif — 352s restantes
2026-06-19 20:54:36 [INFO] Circuit breaker actif — reprend dans 49 min
2026-06-19 20:58:36 [INFO] AVAXUSDT SL-cooldown actif — 52s restantes
2026-06-19 20:59:36 [INFO] Circuit breaker actif — reprend dans 44 min
2026-06-19 21:04:37 [INFO] Circuit breaker actif — reprend dans 39 min
2026-06-19 21:09:37 [INFO] Circuit breaker actif — reprend dans 34 min
2026-06-19 21:14:37 [INFO] Circuit breaker actif — reprend dans 29 min
2026-06-19 21:19:37 [INFO] Circuit breaker actif — reprend dans 24 min
2026-06-19 21:24:37 [INFO] Circuit breaker actif — reprend dans 19 min
2026-06-19 21:29:37 [INFO] Circuit breaker actif — reprend dans 14 min
2026-06-19 21:34:37 [INFO] Circuit breaker actif — reprend dans 9 min
2026-06-19 21:39:37 [INFO] Circuit breaker actif — reprend dans 4 min
2026-06-19 21:44:38 [INFO] SOLUSDT Score=32 action=HOLD regime=ranging | Pos=0/6 | Solde=936.71 ×0.94 | WR=28% PnL=-6.91
2026-06-19 21:44:38 [INFO] AVAXUSDT Score=10 action=HOLD regime=volatile | Pos=0/6 | Solde=936.71 ×0.94 | WR=28% PnL=-6.91
2026-06-19 21:49:41 [INFO] SOLUSDT Score=34 action=HOLD regime=ranging | Pos=0/6 | Solde=936.71 ×0.94 | WR=28% PnL=-6.91
2026-06-19 21:49:42 [INFO] AVAXUSDT Score=10 action=HOLD regime=volatile | Pos=0/6 | Solde=936.71 ×0.94 | WR=28% PnL=-6.91
2026-06-19 21:54:45 [INFO] SOLUSDT Score=40 action=HOLD regime=ranging | Pos=0/6 | Solde=936.71 ×0.94 | WR=28% PnL=-6.91
2026-06-19 21:54:46 [INFO] AVAXUSDT Score=0 action=HOLD regime=volatile | Pos=0/6 | Solde=936.71 ×0.94 | WR=28% PnL=-6.91
2026-06-19 21:59:48 [INFO] SOLUSDT Score=34 action=HOLD regime=ranging | Pos=0/6 | Solde=936.71 ×0.94 | WR=28% PnL=-6.91
2026-06-19 21:59:49 [INFO] AVAXUSDT Score=0 action=HOLD regime=volatile | Pos=0/6 | Solde=936.71 ×0.94 | WR=28% PnL=-6.91
2026-06-19 22:04:53 [INFO] SOLUSDT Score=27 action=HOLD regime=ranging | Pos=0/6 | Solde=936.71 ×0.94 | WR=28% PnL=-6.91
2026-06-19 22:04:53 [INFO] AVAXUSDT Score=0 action=HOLD regime=volatile | Pos=0/6 | Solde=936.71 ×0.94 | WR=28% PnL=-6.91
2026-06-19 22:09:56 [INFO] SOLUSDT Score=30 action=HOLD regime=ranging | Pos=0/6 | Solde=936.71 ×0.94 | WR=28% PnL=-6.91
2026-06-19 22:09:57 [INFO] AVAXUSDT Score=0 action=HOLD regime=volatile | Pos=0/6 | Solde=936.71 ×0.94 | WR=28% PnL=-6.91
2026-06-19 22:14:59 [INFO] SOLUSDT Score=30 action=HOLD regime=ranging | Pos=0/6 | Solde=936.71 ×0.94 | WR=28% PnL=-6.91
2026-06-19 22:15:00 [INFO] AVAXUSDT Score=0 action=HOLD regime=volatile | Pos=0/6 | Solde=936.71 ×0.94 | WR=28% PnL=-6.91
2026-06-19 22:20:02 [INFO] SOLUSDT Score=32 action=HOLD regime=ranging | Pos=0/6 | Solde=936.71 ×0.94 | WR=28% PnL=-6.91
2026-06-19 22:20:03 [INFO] AVAXUSDT Score=0 action=HOLD regime=volatile | Pos=0/6 | Solde=936.71 ×0.94 | WR=28% PnL=-6.91
2026-06-19 22:25:06 [INFO] SOLUSDT Score=32 action=HOLD regime=ranging | Pos=0/6 | Solde=936.71 ×0.94 | WR=28% PnL=-6.91
2026-06-19 22:25:07 [INFO] AVAXUSDT Score=0 action=HOLD regime=volatile | Pos=0/6 | Solde=936.71 ×0.94 | WR=28% PnL=-6.91
2026-06-19 22:30:09 [INFO] SOLUSDT Score=27 action=HOLD regime=ranging | Pos=0/6 | Solde=936.71 ×0.94 | WR=28% PnL=-6.91
2026-06-19 22:30:10 [INFO] AVAXUSDT Score=0 action=HOLD regime=volatile | Pos=0/6 | Solde=936.71 ×0.94 | WR=28% PnL=-6.91
2026-06-19 22:35:13 [INFO] SOLUSDT Score=32 action=HOLD regime=ranging | Pos=0/6 | Solde=936.71 ×0.94 | WR=28% PnL=-6.91
2026-06-19 22:35:14 [INFO] AVAXUSDT Score=0 action=HOLD regime=volatile | Pos=0/6 | Solde=936.71 ×0.94 | WR=28% PnL=-6.91
2026-06-19 22:40:17 [INFO] SOLUSDT Score=32 action=HOLD regime=ranging | Pos=0/6 | Solde=936.71 ×0.94 | WR=28% PnL=-6.91
2026-06-19 22:40:18 [INFO] AVAXUSDT Score=0 action=HOLD regime=volatile | Pos=0/6 | Solde=936.71 ×0.94 | WR=28% PnL=-6.91
2026-06-19 22:45:20 [INFO] SOLUSDT Score=32 action=HOLD regime=ranging | Pos=0/6 | Solde=936.71 ×0.94 | WR=28% PnL=-6.91
2026-06-19 22:45:21 [INFO] AVAXUSDT Score=0 action=HOLD regime=volatile | Pos=0/6 | Solde=936.71 ×0.94 | WR=28% PnL=-6.91
2026-06-19 22:50:24 [INFO] SOLUSDT Score=40 action=HOLD regime=ranging | Pos=0/6 | Solde=936.71 ×0.94 | WR=28% PnL=-6.91
2026-06-19 22:50:24 [INFO] AVAXUSDT Score=10 action=HOLD regime=volatile | Pos=0/6 | Solde=936.71 ×0.94 | WR=28% PnL=-6.91
2026-06-19 22:55:28 [INFO] SOLUSDT Score=40 action=HOLD regime=ranging | Pos=0/6 | Solde=936.71 ×0.94 | WR=28% PnL=-6.91
2026-06-19 22:55:28 [INFO] AVAXUSDT Score=6 action=HOLD regime=volatile | Pos=0/6 | Solde=936.71 ×0.94 | WR=28% PnL=-6.91
2026-06-19 22:55:59 [INFO] SOLUSDT Score=16 action=HOLD regime=trending_up | Pos=0/6 | Solde=936.71 ×0.94 | WR=28% PnL=-6.91
2026-06-19 22:56:31 [INFO] SOLUSDT Score=40 action=HOLD regime=ranging | Pos=0/6 | Solde=936.71 ×0.94 | WR=28% PnL=-6.91
2026-06-19 22:57:19 [INFO] SOLUSDT Score=20 action=HOLD regime=trending_up | Pos=0/6 | Solde=936.71 ×0.94 | WR=28% PnL=-6.91
2026-06-19 23:00:16 [INFO] SOLUSDT Score=70 action=BUY regime=trending_up | Pos=0/6 | Solde=936.71 ×0.94 | WR=28% PnL=-6.91
2026-06-19 23:00:17 [INFO] Fear & Greed index = 14/100
2026-06-19 23:00:17 [INFO] SOLUSDT Fear extrême (14/100) — taille ×0.5
2026-06-19 23:00:17 [INFO] SOLUSDT bloqué — ATR trop faible (0.36% < 0.50%)
2026-06-19 23:00:33 [INFO] SOLUSDT Score=34 action=HOLD regime=trending_up | Pos=0/6 | Solde=936.71 ×0.94 | WR=28% PnL=-6.91
2026-06-19 23:00:33 [INFO] AVAXUSDT Score=14 action=HOLD regime=volatile | Pos=0/6 | Solde=936.71 ×0.94 | WR=28% PnL=-6.91
2026-06-19 23:01:53 [INFO] SOLUSDT Score=70 action=BUY regime=trending_up | Pos=0/6 | Solde=936.71 ×0.94 | WR=28% PnL=-6.91
2026-06-19 23:01:53 [INFO] SOLUSDT Fear extrême (14/100) — taille ×0.5
2026-06-19 23:02:09 [INFO] SOLUSDT Fear extrême (14/100) — taille ×0.5
2026-06-19 23:02:25 [INFO] SOLUSDT Fear extrême (14/100) — taille ×0.5
2026-06-19 23:02:40 [INFO] SOLUSDT Score=46 action=HOLD regime=trending_up | Pos=0/6 | Solde=936.71 ×0.94 | WR=28% PnL=-6.91
2026-06-19 23:05:38 [INFO] AVAXUSDT Score=14 action=HOLD regime=volatile | Pos=0/6 | Solde=936.71 ×0.94 | WR=28% PnL=-6.91
2026-06-19 23:07:45 [INFO] SOLUSDT Score=54 action=HOLD regime=trending_up | Pos=0/6 | Solde=936.71 ×0.94 | WR=28% PnL=-6.91
2026-06-19 23:10:41 [INFO] AVAXUSDT Score=14 action=HOLD regime=volatile | Pos=0/6 | Solde=936.71 ×0.94 | WR=28% PnL=-6.91
2026-06-19 23:12:48 [INFO] SOLUSDT Score=46 action=HOLD regime=trending_up | Pos=0/6 | Solde=936.71 ×0.94 | WR=28% PnL=-6.91
2026-06-19 23:13:36 [INFO] SOLUSDT Score=73 action=BUY regime=trending_up | Pos=0/6 | Solde=936.71 ×0.94 | WR=28% PnL=-6.91
2026-06-19 23:13:36 [INFO] SOLUSDT Fear extrême (14/100) — taille ×0.5
2026-06-19 23:13:37 [INFO] SOLUSDT bloqué — ATR trop faible (0.38% < 0.50%)
2026-06-19 23:13:53 [INFO] SOLUSDT Fear extrême (14/100) — taille ×0.5
2026-06-19 23:14:08 [INFO] SOLUSDT Fear extrême (14/100) — taille ×0.5
2026-06-19 23:14:24 [INFO] SOLUSDT Fear extrême (14/100) — taille ×0.5
2026-06-19 23:14:40 [INFO] SOLUSDT Fear extrême (14/100) — taille ×0.5
2026-06-19 23:14:56 [INFO] SOLUSDT Fear extrême (14/100) — taille ×0.5
2026-06-19 23:15:12 [INFO] SOLUSDT Score=58 action=HOLD regime=trending_up | Pos=0/6 | Solde=936.71 ×0.94 | WR=28% PnL=-6.91
2026-06-19 23:15:45 [INFO] AVAXUSDT Score=14 action=HOLD regime=volatile | Pos=0/6 | Solde=936.71 ×0.94 | WR=28% PnL=-6.91
2026-06-19 23:20:16 [INFO] SOLUSDT Score=58 action=HOLD regime=trending_up | Pos=0/6 | Solde=936.71 ×0.94 | WR=28% PnL=-6.91
2026-06-19 23:20:49 [INFO] AVAXUSDT Score=14 action=HOLD regime=volatile | Pos=0/6 | Solde=936.71 ×0.94 | WR=28% PnL=-6.91
2026-06-19 23:25:20 [INFO] SOLUSDT Score=56 action=HOLD regime=trending_up | Pos=0/6 | Solde=936.71 ×0.94 | WR=28% PnL=-6.91
2026-06-19 23:25:52 [INFO] AVAXUSDT Score=16 action=HOLD regime=volatile | Pos=0/6 | Solde=936.71 ×0.94 | WR=28% PnL=-6.91
2026-06-19 23:30:07 [INFO] SOLUSDT Score=78 action=BUY regime=trending_up | Pos=0/6 | Solde=936.71 ×0.94 | WR=28% PnL=-6.91
2026-06-19 23:30:07 [INFO] SOLUSDT Fear extrême (14/100) — taille ×0.5
2026-06-19 23:30:08 [INFO] SOLUSDT bloqué — ATR trop faible (0.34% < 0.50%)
2026-06-19 23:30:24 [INFO] SOLUSDT Fear extrême (14/100) — taille ×0.5
2026-06-19 23:30:40 [INFO] SOLUSDT Fear extrême (14/100) — taille ×0.5
2026-06-19 23:30:56 [INFO] SOLUSDT Fear extrême (14/100) — taille ×0.5
2026-06-19 23:30:56 [INFO] AVAXUSDT Score=26 action=HOLD regime=volatile | Pos=0/6 | Solde=936.71 ×0.94 | WR=28% PnL=-6.91
2026-06-19 23:31:12 [INFO] SOLUSDT Fear extrême (14/100) — taille ×0.5
2026-06-19 23:31:28 [INFO] SOLUSDT Fear extrême (14/100) — taille ×0.5
2026-06-19 23:31:44 [INFO] SOLUSDT Fear extrême (14/100) — taille ×0.5
2026-06-19 23:32:00 [INFO] SOLUSDT Fear extrême (14/100) — taille ×0.5
2026-06-19 23:32:16 [INFO] SOLUSDT Score=66 action=HOLD regime=trending_up | Pos=0/6 | Solde=936.71 ×0.94 | WR=28% PnL=-6.91
2026-06-19 23:33:20 [INFO] SOLUSDT Score=70 action=BUY regime=trending_up | Pos=0/6 | Solde=936.71 ×0.94 | WR=28% PnL=-6.91
2026-06-19 23:33:20 [INFO] SOLUSDT Fear extrême (14/100) — taille ×0.5
2026-06-19 23:33:35 [INFO] SOLUSDT Fear extrême (14/100) — taille ×0.5
2026-06-19 23:33:51 [INFO] SOLUSDT Fear extrême (14/100) — taille ×0.5
2026-06-19 23:34:07 [INFO] SOLUSDT Fear extrême (14/100) — taille ×0.5
2026-06-19 23:34:23 [INFO] SOLUSDT Fear extrême (14/100) — taille ×0.5
2026-06-19 23:34:39 [INFO] SOLUSDT Fear extrême (14/100) — taille ×0.5
2026-06-19 23:34:55 [INFO] SOLUSDT Fear extrême (14/100) — taille ×0.5
2026-06-19 23:35:11 [INFO] SOLUSDT Fear extrême (14/100) — taille ×0.5
2026-06-19 23:35:11 [INFO] SOLUSDT bloqué — ATR trop faible (0.35% < 0.50%)
2026-06-19 23:35:27 [INFO] SOLUSDT Fear extrême (14/100) — taille ×0.5
2026-06-19 23:35:43 [INFO] SOLUSDT Fear extrême (14/100) — taille ×0.5
2026-06-19 23:35:59 [INFO] SOLUSDT Fear extrême (14/100) — taille ×0.5
2026-06-19 23:36:00 [INFO] AVAXUSDT Score=18 action=HOLD regime=volatile | Pos=0/6 | Solde=936.71 ×0.94 | WR=28% PnL=-6.91
2026-06-19 23:36:15 [INFO] SOLUSDT Score=34 action=HOLD regime=trending_up | Pos=0/6 | Solde=936.71 ×0.94 | WR=28% PnL=-6.91
2026-06-19 23:39:43 [INFO] SOLUSDT Score=28 action=HOLD regime=ranging | Pos=0/6 | Solde=936.71 ×0.94 | WR=28% PnL=-6.91
2026-06-19 23:40:47 [INFO] SOLUSDT Score=34 action=HOLD regime=trending_up | Pos=0/6 | Solde=936.71 ×0.94 | WR=28% PnL=-6.91
2026-06-19 23:41:03 [INFO] AVAXUSDT Score=14 action=HOLD regime=volatile | Pos=0/6 | Solde=936.71 ×0.94 | WR=28% PnL=-6.91
2026-06-19 23:41:52 [INFO] SOLUSDT Score=36 action=HOLD regime=ranging | Pos=0/6 | Solde=936.71 ×0.94 | WR=28% PnL=-6.91
2026-06-19 23:45:04 [INFO] AVAXUSDT Score=10 action=BLOCK regime=trending_down | Pos=0/6 | Solde=936.71 ×0.94 | WR=28% PnL=-6.91
2026-06-19 23:45:04 [INFO] AVAXUSDT bloqué — régime trending_down
2026-06-19 23:46:55 [INFO] SOLUSDT Score=56 action=HOLD regime=ranging | Pos=0/6 | Solde=936.71 ×0.94 | WR=28% PnL=-6.91
2026-06-19 23:50:07 [INFO] AVAXUSDT Score=6 action=BLOCK regime=trending_down | Pos=0/6 | Solde=936.71 ×0.94 | WR=28% PnL=-6.91
2026-06-19 23:50:38 [INFO] SOLUSDT Score=64 action=HOLD regime=trending_up | Pos=0/6 | Solde=936.71 ×0.94 | WR=28% PnL=-6.91
2026-06-19 23:53:49 [INFO] SOLUSDT Score=48 action=HOLD regime=ranging | Pos=0/6 | Solde=936.71 ×0.94 | WR=28% PnL=-6.91
2026-06-19 23:55:10 [INFO] AVAXUSDT Score=6 action=BLOCK regime=trending_down | Pos=0/6 | Solde=936.71 ×0.94 | WR=28% PnL=-6.91
2026-06-19 23:58:53 [INFO] SOLUSDT Score=48 action=HOLD regime=ranging | Pos=0/6 | Solde=936.71 ×0.94 | WR=28% PnL=-6.91
2026-06-19 23:59:25 [INFO] SOLUSDT Score=64 action=HOLD regime=trending_up | Pos=0/6 | Solde=936.71 ×0.94 | WR=28% PnL=-6.91
2026-06-20 00:00:12 [INFO] SOLUSDT Score=57 action=HOLD regime=ranging | Pos=0/6 | Solde=936.71 ×0.94 | WR=28% PnL=-6.91
2026-06-20 00:00:13 [INFO] AVAXUSDT Score=10 action=BLOCK regime=trending_down | Pos=0/6 | Solde=936.71 ×0.94 | WR=28% PnL=-6.91
2026-06-20 00:00:29 [INFO] AVAXUSDT Score=36 action=HOLD regime=ranging | Pos=0/6 | Solde=936.71 ×0.94 | WR=28% PnL=-6.91
2026-06-20 00:03:56 [INFO] AVAXUSDT Score=10 action=BLOCK regime=trending_down | Pos=0/6 | Solde=936.71 ×0.94 | WR=28% PnL=-6.91
2026-06-20 00:03:56 [INFO] AVAXUSDT bloqué — régime trending_down
2026-06-20 00:04:12 [INFO] AVAXUSDT Score=39 action=HOLD regime=ranging | Pos=0/6 | Solde=936.71 ×0.94 | WR=28% PnL=-6.91
2026-06-20 00:05:15 [INFO] SOLUSDT Score=54 action=HOLD regime=ranging | Pos=0/6 | Solde=936.71 ×0.94 | WR=28% PnL=-6.91
2026-06-20 00:07:24 [INFO] AVAXUSDT Score=6 action=BLOCK regime=trending_down | Pos=0/6 | Solde=936.71 ×0.94 | WR=28% PnL=-6.91
2026-06-20 00:07:24 [INFO] AVAXUSDT bloqué — régime trending_down
2026-06-20 00:10:19 [INFO] SOLUSDT Score=54 action=HOLD regime=ranging | Pos=0/6 | Solde=936.71 ×0.94 | WR=28% PnL=-6.91
2026-06-20 00:12:11 [INFO] AVAXUSDT Score=39 action=HOLD regime=ranging | Pos=0/6 | Solde=936.71 ×0.94 | WR=28% PnL=-6.91
2026-06-20 00:15:06 [INFO] AVAXUSDT Score=30 action=HOLD regime=trending_up | Pos=0/6 | Solde=936.71 ×0.94 | WR=28% PnL=-6.91
2026-06-20 00:15:22 [INFO] SOLUSDT Score=54 action=HOLD regime=ranging | Pos=0/6 | Solde=936.71 ×0.94 | WR=28% PnL=-6.91
2026-06-20 00:19:05 [INFO] SOLUSDT Score=85 action=BUY regime=trending_up | Pos=0/6 | Solde=936.71 ×0.94 | WR=28% PnL=-6.91
2026-06-20 00:19:05 [INFO] Fear & Greed index = 14/100
2026-06-20 00:19:05 [INFO] SOLUSDT Fear extrême (14/100) — taille ×0.5
2026-06-20 00:19:06 [INFO] SOLUSDT bloqué — ATR trop faible (0.33% < 0.50%)
2026-06-20 00:19:22 [INFO] SOLUSDT Fear extrême (14/100) — taille ×0.5
2026-06-20 00:19:37 [INFO] SOLUSDT Fear extrême (14/100) — taille ×0.5
2026-06-20 00:19:53 [INFO] SOLUSDT Fear extrême (14/100) — taille ×0.5
2026-06-20 00:20:09 [INFO] SOLUSDT Fear extrême (14/100) — taille ×0.5
2026-06-20 00:20:10 [INFO] AVAXUSDT Score=26 action=HOLD regime=trending_up | Pos=0/6 | Solde=936.71 ×0.94 | WR=28% PnL=-6.91
2026-06-20 00:20:25 [INFO] SOLUSDT Fear extrême (14/100) — taille ×0.5
2026-06-20 00:20:41 [INFO] SOLUSDT Fear extrême (14/100) — taille ×0.5
2026-06-20 00:20:57 [INFO] SOLUSDT Fear extrême (14/100) — taille ×0.5
2026-06-20 00:21:13 [INFO] SOLUSDT Fear extrême (14/100) — taille ×0.5
2026-06-20 00:21:29 [INFO] SOLUSDT Fear extrême (14/100) — taille ×0.5
2026-06-20 00:21:45 [INFO] SOLUSDT Fear extrême (14/100) — taille ×0.5
2026-06-20 00:22:01 [INFO] SOLUSDT Fear extrême (14/100) — taille ×0.5
2026-06-20 00:22:17 [INFO] SOLUSDT Fear extrême (14/100) — taille ×0.5
2026-06-20 00:22:33 [INFO] SOLUSDT Fear extrême (14/100) — taille ×0.5
2026-06-20 00:22:49 [INFO] SOLUSDT Fear extrême (14/100) — taille ×0.5
2026-06-20 00:23:05 [INFO] SOLUSDT Fear extrême (14/100) — taille ×0.5
2026-06-20 00:23:21 [INFO] SOLUSDT Fear extrême (14/100) — taille ×0.5
2026-06-20 00:23:37 [INFO] SOLUSDT Fear extrême (14/100) — taille ×0.5
2026-06-20 00:23:53 [INFO] SOLUSDT Fear extrême (14/100) — taille ×0.5
2026-06-20 00:24:09 [INFO] SOLUSDT Score=78 action=BUY regime=trending_up | Pos=0/6 | Solde=936.71 ×0.94 | WR=28% PnL=-6.91
2026-06-20 00:24:09 [INFO] SOLUSDT Fear extrême (14/100) — taille ×0.5
2026-06-20 00:24:09 [INFO] SOLUSDT bloqué — ATR trop faible (0.34% < 0.50%)
2026-06-20 00:24:25 [INFO] SOLUSDT Fear extrême (14/100) — taille ×0.5
2026-06-20 00:24:41 [INFO] SOLUSDT Fear extrême (14/100) — taille ×0.5
2026-06-20 00:24:57 [INFO] SOLUSDT Fear extrême (14/100) — taille ×0.5
2026-06-20 00:25:13 [INFO] SOLUSDT Fear extrême (14/100) — taille ×0.5
2026-06-20 00:25:13 [INFO] AVAXUSDT Score=26 action=HOLD regime=trending_up | Pos=0/6 | Solde=936.71 ×0.94 | WR=28% PnL=-6.91
2026-06-20 00:25:29 [INFO] SOLUSDT Fear extrême (14/100) — taille ×0.5
2026-06-20 00:25:45 [INFO] SOLUSDT Fear extrême (14/100) — taille ×0.5
2026-06-20 00:26:01 [INFO] SOLUSDT Fear extrême (14/100) — taille ×0.5
2026-06-20 00:26:16 [INFO] SOLUSDT Fear extrême (14/100) — taille ×0.5
2026-06-20 00:26:32 [INFO] SOLUSDT Fear extrême (14/100) — taille ×0.5
2026-06-20 00:26:48 [INFO] SOLUSDT Fear extrême (14/100) — taille ×0.5
2026-06-20 00:27:04 [INFO] SOLUSDT Fear extrême (14/100) — taille ×0.5
2026-06-20 00:27:20 [INFO] SOLUSDT Fear extrême (14/100) — taille ×0.5
2026-06-20 00:27:36 [INFO] SOLUSDT Fear extrême (14/100) — taille ×0.5
2026-06-20 00:27:52 [INFO] SOLUSDT Fear extrême (14/100) — taille ×0.5
2026-06-20 00:28:08 [INFO] SOLUSDT Fear extrême (14/100) — taille ×0.5
2026-06-20 00:28:24 [INFO] SOLUSDT Fear extrême (14/100) — taille ×0.5
2026-06-20 00:28:40 [INFO] SOLUSDT Fear extrême (14/100) — taille ×0.5
2026-06-20 00:28:56 [INFO] SOLUSDT Fear extrême (14/100) — taille ×0.5
2026-06-20 00:29:12 [INFO] SOLUSDT Score=94 action=BUY regime=trending_up | Pos=0/6 | Solde=936.71 ×0.94 | WR=28% PnL=-6.91
2026-06-20 00:29:12 [INFO] SOLUSDT Fear extrême (14/100) — taille ×0.5
2026-06-20 00:29:12 [INFO] SOLUSDT bloqué — ATR trop faible (0.34% < 0.50%)
2026-06-20 00:29:28 [INFO] SOLUSDT Fear extrême (14/100) — taille ×0.5
2026-06-20 00:29:44 [INFO] SOLUSDT Fear extrême (14/100) — taille ×0.5
2026-06-20 00:30:00 [INFO] SOLUSDT Fear extrême (14/100) — taille ×0.5
2026-06-20 00:30:16 [INFO] SOLUSDT Score=62 action=HOLD regime=trending_up | Pos=0/6 | Solde=936.71 ×0.94 | WR=28% PnL=-6.91
2026-06-20 00:30:17 [INFO] AVAXUSDT Score=30 action=HOLD regime=trending_up | Pos=0/6 | Solde=936.71 ×0.94 | WR=28% PnL=-6.91
2026-06-20 00:34:15 [INFO] SOLUSDT Score=74 action=BUY regime=trending_up | Pos=0/6 | Solde=936.71 ×0.94 | WR=28% PnL=-6.91
2026-06-20 00:34:15 [INFO] SOLUSDT Fear extrême (14/100) — taille ×0.5
2026-06-20 00:34:15 [INFO] SOLUSDT bloqué — ATR trop faible (0.32% < 0.50%)
2026-06-20 00:34:31 [INFO] SOLUSDT Fear extrême (14/100) — taille ×0.5
2026-06-20 00:34:47 [INFO] SOLUSDT Fear extrême (14/100) — taille ×0.5
2026-06-20 00:35:03 [INFO] SOLUSDT Fear extrême (14/100) — taille ×0.5
2026-06-20 00:35:19 [INFO] SOLUSDT Fear extrême (14/100) — taille ×0.5
2026-06-20 00:35:20 [INFO] AVAXUSDT Score=26 action=HOLD regime=trending_up | Pos=0/6 | Solde=936.71 ×0.94 | WR=28% PnL=-6.91
2026-06-20 00:35:35 [INFO] SOLUSDT Fear extrême (14/100) — taille ×0.5
2026-06-20 00:35:51 [INFO] SOLUSDT Score=62 action=HOLD regime=trending_up | Pos=0/6 | Solde=936.71 ×0.94 | WR=28% PnL=-6.91
2026-06-20 00:36:39 [INFO] SOLUSDT Score=74 action=BUY regime=trending_up | Pos=0/6 | Solde=936.71 ×0.94 | WR=28% PnL=-6.91
2026-06-20 00:36:39 [INFO] SOLUSDT Fear extrême (14/100) — taille ×0.5
2026-06-20 00:36:55 [INFO] SOLUSDT Fear extrême (14/100) — taille ×0.5
2026-06-20 00:37:11 [INFO] SOLUSDT Fear extrême (14/100) — taille ×0.5
2026-06-20 00:37:27 [INFO] SOLUSDT Fear extrême (14/100) — taille ×0.5
2026-06-20 00:37:43 [INFO] SOLUSDT Score=62 action=HOLD regime=trending_up | Pos=0/6 | Solde=936.71 ×0.94 | WR=28% PnL=-6.91
2026-06-20 00:40:22 [INFO] SOLUSDT Score=74 action=BUY regime=trending_up | Pos=0/6 | Solde=936.71 ×0.94 | WR=28% PnL=-6.91
2026-06-20 00:40:22 [INFO] SOLUSDT Fear extrême (14/100) — taille ×0.5
2026-06-20 00:40:23 [INFO] SOLUSDT bloqué — ATR trop faible (0.33% < 0.50%)
2026-06-20 00:40:23 [INFO] AVAXUSDT Score=26 action=HOLD regime=trending_up | Pos=0/6 | Solde=936.71 ×0.94 | WR=28% PnL=-6.91
2026-06-20 00:40:39 [INFO] SOLUSDT Score=62 action=HOLD regime=trending_up | Pos=0/6 | Solde=936.71 ×0.94 | WR=28% PnL=-6.91
2026-06-20 00:41:26 [INFO] SOLUSDT Score=74 action=BUY regime=trending_up | Pos=0/6 | Solde=936.71 ×0.94 | WR=28% PnL=-6.91
2026-06-20 00:41:26 [INFO] SOLUSDT Fear extrême (14/100) — taille ×0.5
2026-06-20 00:41:42 [INFO] SOLUSDT Score=62 action=HOLD regime=trending_up | Pos=0/6 | Solde=936.71 ×0.94 | WR=28% PnL=-6.91
2026-06-20 00:41:58 [INFO] SOLUSDT Score=74 action=BUY regime=trending_up | Pos=0/6 | Solde=936.71 ×0.94 | WR=28% PnL=-6.91
2026-06-20 00:41:58 [INFO] SOLUSDT Fear extrême (14/100) — taille ×0.5
2026-06-20 00:42:14 [INFO] SOLUSDT Fear extrême (14/100) — taille ×0.5
2026-06-20 00:42:30 [INFO] SOLUSDT Fear extrême (14/100) — taille ×0.5
2026-06-20 00:42:46 [INFO] SOLUSDT Fear extrême (14/100) — taille ×0.5
2026-06-20 00:43:02 [INFO] SOLUSDT Fear extrême (14/100) — taille ×0.5
2026-06-20 00:43:18 [INFO] SOLUSDT Fear extrême (14/100) — taille ×0.5
2026-06-20 00:43:34 [INFO] SOLUSDT Fear extrême (14/100) — taille ×0.5
2026-06-20 00:43:50 [INFO] SOLUSDT Fear extrême (14/100) — taille ×0.5
2026-06-20 00:44:06 [INFO] SOLUSDT Fear extrême (14/100) — taille ×0.5
2026-06-20 00:44:22 [INFO] SOLUSDT Fear extrême (14/100) — taille ×0.5
2026-06-20 00:44:38 [INFO] SOLUSDT Fear extrême (14/100) — taille ×0.5
2026-06-20 00:44:54 [INFO] SOLUSDT Fear extrême (14/100) — taille ×0.5
2026-06-20 00:45:10 [INFO] SOLUSDT Fear extrême (14/100) — taille ×0.5
2026-06-20 00:45:26 [INFO] SOLUSDT Fear extrême (14/100) — taille ×0.5
2026-06-20 00:45:26 [INFO] SOLUSDT bloqué — ATR trop faible (0.31% < 0.50%)
2026-06-20 00:45:27 [INFO] AVAXUSDT Score=30 action=HOLD regime=trending_up | Pos=0/6 | Solde=936.71 ×0.94 | WR=28% PnL=-6.91
2026-06-20 00:45:42 [INFO] SOLUSDT Fear extrême (14/100) — taille ×0.5
2026-06-20 00:45:58 [INFO] SOLUSDT Fear extrême (14/100) — taille ×0.5
2026-06-20 00:46:14 [INFO] SOLUSDT Fear extrême (14/100) — taille ×0.5
2026-06-20 00:46:30 [INFO] SOLUSDT Score=57 action=HOLD regime=trending_up | Pos=0/6 | Solde=936.71 ×0.94 | WR=28% PnL=-6.91
2026-06-20 00:48:06 [INFO] SOLUSDT Score=74 action=BUY regime=trending_up | Pos=0/6 | Solde=936.71 ×0.94 | WR=28% PnL=-6.91
2026-06-20 00:48:06 [INFO] SOLUSDT Fear extrême (14/100) — taille ×0.5
2026-06-20 00:48:22 [INFO] SOLUSDT Fear extrême (14/100) — taille ×0.5
2026-06-20 00:48:38 [INFO] SOLUSDT Fear extrême (14/100) — taille ×0.5
2026-06-20 00:48:54 [INFO] SOLUSDT Fear extrême (14/100) — taille ×0.5
2026-06-20 00:49:10 [INFO] SOLUSDT Fear extrême (14/100) — taille ×0.5
2026-06-20 00:49:26 [INFO] SOLUSDT Fear extrême (14/100) — taille ×0.5
2026-06-20 00:49:42 [INFO] SOLUSDT Fear extrême (14/100) — taille ×0.5
2026-06-20 00:49:57 [INFO] SOLUSDT Fear extrême (14/100) — taille ×0.5
2026-06-20 00:50:13 [INFO] SOLUSDT Fear extrême (14/100) — taille ×0.5
2026-06-20 00:50:29 [INFO] SOLUSDT Fear extrême (14/100) — taille ×0.5
2026-06-20 00:50:30 [INFO] SOLUSDT bloqué — ATR trop faible (0.33% < 0.50%)
2026-06-20 00:50:30 [INFO] AVAXUSDT Score=16 action=HOLD regime=trending_up | Pos=0/6 | Solde=936.71 ×0.94 | WR=28% PnL=-6.91
2026-06-20 00:50:46 [INFO] SOLUSDT Fear extrême (14/100) — taille ×0.5
2026-06-20 00:51:02 [INFO] SOLUSDT Fear extrême (14/100) — taille ×0.5
2026-06-20 00:51:18 [INFO] SOLUSDT Fear extrême (14/100) — taille ×0.5
2026-06-20 00:51:34 [INFO] SOLUSDT Fear extrême (14/100) — taille ×0.5
2026-06-20 00:51:50 [INFO] SOLUSDT Fear extrême (14/100) — taille ×0.5
2026-06-20 00:52:06 [INFO] SOLUSDT Fear extrême (14/100) — taille ×0.5
2026-06-20 00:52:22 [INFO] SOLUSDT Fear extrême (14/100) — taille ×0.5
2026-06-20 00:52:38 [INFO] SOLUSDT Fear extrême (14/100) — taille ×0.5
2026-06-20 00:52:54 [INFO] SOLUSDT Fear extrême (14/100) — taille ×0.5
2026-06-20 00:53:10 [INFO] SOLUSDT Score=74 action=BUY regime=trending_up | Pos=0/6 | Solde=936.71 ×0.94 | WR=28% PnL=-6.91
2026-06-20 00:53:10 [INFO] SOLUSDT Fear extrême (14/100) — taille ×0.5
2026-06-20 00:53:25 [INFO] SOLUSDT Fear extrême (14/100) — taille ×0.5
2026-06-20 00:53:41 [INFO] SOLUSDT Fear extrême (14/100) — taille ×0.5
2026-06-20 00:53:58 [INFO] SOLUSDT Fear extrême (14/100) — taille ×0.5
2026-06-20 00:54:14 [INFO] SOLUSDT Fear extrême (14/100) — taille ×0.5
2026-06-20 00:54:30 [INFO] SOLUSDT Fear extrême (14/100) — taille ×0.5
2026-06-20 00:54:46 [INFO] SOLUSDT Fear extrême (14/100) — taille ×0.5
2026-06-20 00:55:02 [INFO] SOLUSDT Fear extrême (14/100) — taille ×0.5
2026-06-20 00:55:18 [INFO] SOLUSDT Fear extrême (14/100) — taille ×0.5
2026-06-20 00:55:34 [INFO] SOLUSDT Fear extrême (14/100) — taille ×0.5
2026-06-20 00:55:34 [INFO] SOLUSDT bloqué — ATR trop faible (0.33% < 0.50%)
2026-06-20 00:55:34 [INFO] AVAXUSDT Score=16 action=HOLD regime=trending_up | Pos=0/6 | Solde=936.71 ×0.94 | WR=28% PnL=-6.91
2026-06-20 00:55:50 [INFO] SOLUSDT Fear extrême (14/100) — taille ×0.5
2026-06-20 00:56:06 [INFO] SOLUSDT Fear extrême (14/100) — taille ×0.5
2026-06-20 00:56:22 [INFO] SOLUSDT Fear extrême (14/100) — taille ×0.5
2026-06-20 00:56:38 [INFO] SOLUSDT Fear extrême (14/100) — taille ×0.5
2026-06-20 00:56:53 [INFO] SOLUSDT Fear extrême (14/100) — taille ×0.5
2026-06-20 00:57:09 [INFO] SOLUSDT Fear extrême (14/100) — taille ×0.5
2026-06-20 00:57:25 [INFO] SOLUSDT Fear extrême (14/100) — taille ×0.5
2026-06-20 00:57:41 [INFO] SOLUSDT Fear extrême (14/100) — taille ×0.5
2026-06-20 00:57:57 [INFO] SOLUSDT Fear extrême (14/100) — taille ×0.5
2026-06-20 00:58:13 [INFO] SOLUSDT Score=74 action=BUY regime=trending_up | Pos=0/6 | Solde=936.71 ×0.94 | WR=28% PnL=-6.91
2026-06-20 00:58:13 [INFO] SOLUSDT Fear extrême (14/100) — taille ×0.5
2026-06-20 00:58:29 [INFO] SOLUSDT Fear extrême (14/100) — taille ×0.5
2026-06-20 00:58:46 [INFO] SOLUSDT Fear extrême (14/100) — taille ×0.5
2026-06-20 00:59:02 [INFO] SOLUSDT Fear extrême (14/100) — taille ×0.5
2026-06-20 00:59:18 [INFO] SOLUSDT Fear extrême (14/100) — taille ×0.5
2026-06-20 00:59:34 [INFO] SOLUSDT Fear extrême (14/100) — taille ×0.5
2026-06-20 00:59:49 [INFO] SOLUSDT Fear extrême (14/100) — taille ×0.5
2026-06-20 01:00:05 [INFO] SOLUSDT Fear extrême (14/100) — taille ×0.5
2026-06-20 01:00:21 [INFO] SOLUSDT Fear extrême (14/100) — taille ×0.5
2026-06-20 01:00:37 [INFO] SOLUSDT Fear extrême (14/100) — taille ×0.5
2026-06-20 01:00:38 [INFO] SOLUSDT bloqué — ATR trop faible (0.31% < 0.50%)
2026-06-20 01:00:38 [INFO] AVAXUSDT Score=38 action=HOLD regime=trending_up | Pos=0/6 | Solde=936.71 ×0.94 | WR=28% PnL=-6.91
2026-06-20 01:00:54 [INFO] SOLUSDT Fear extrême (14/100) — taille ×0.5
2026-06-20 01:01:09 [INFO] SOLUSDT Fear extrême (14/100) — taille ×0.5
2026-06-20 01:01:25 [INFO] SOLUSDT Fear extrême (14/100) — taille ×0.5
2026-06-20 01:01:41 [INFO] SOLUSDT Fear extrême (14/100) — taille ×0.5
2026-06-20 01:01:57 [INFO] SOLUSDT Fear extrême (14/100) — taille ×0.5
2026-06-20 01:02:13 [INFO] SOLUSDT Fear extrême (14/100) — taille ×0.5
2026-06-20 01:02:29 [INFO] SOLUSDT Fear extrême (14/100) — taille ×0.5
2026-06-20 01:02:45 [INFO] SOLUSDT Fear extrême (14/100) — taille ×0.5
2026-06-20 01:03:01 [INFO] SOLUSDT Fear extrême (14/100) — taille ×0.5
2026-06-20 01:03:17 [INFO] SOLUSDT Score=74 action=BUY regime=trending_up | Pos=0/6 | Solde=936.71 ×0.94 | WR=28% PnL=-6.91
2026-06-20 01:03:17 [INFO] SOLUSDT Fear extrême (14/100) — taille ×0.5
2026-06-20 01:03:33 [INFO] SOLUSDT Fear extrême (14/100) — taille ×0.5
2026-06-20 01:03:49 [INFO] SOLUSDT Fear extrême (14/100) — taille ×0.5
2026-06-20 01:04:05 [INFO] SOLUSDT Fear extrême (14/100) — taille ×0.5
2026-06-20 01:04:21 [INFO] SOLUSDT Fear extrême (14/100) — taille ×0.5
2026-06-20 01:04:37 [INFO] SOLUSDT Fear extrême (14/100) — taille ×0.5
2026-06-20 01:04:53 [INFO] SOLUSDT Fear extrême (14/100) — taille ×0.5
2026-06-20 01:05:09 [INFO] SOLUSDT Fear extrême (14/100) — taille ×0.5
2026-06-20 01:05:25 [INFO] SOLUSDT Fear extrême (14/100) — taille ×0.5
2026-06-20 01:05:41 [INFO] SOLUSDT Fear extrême (14/100) — taille ×0.5
2026-06-20 01:05:41 [INFO] SOLUSDT bloqué — ATR trop faible (0.31% < 0.50%)
2026-06-20 01:05:41 [INFO] AVAXUSDT Score=34 action=HOLD regime=trending_up | Pos=0/6 | Solde=936.71 ×0.94 | WR=28% PnL=-6.91
2026-06-20 01:05:57 [INFO] SOLUSDT Fear extrême (14/100) — taille ×0.5
2026-06-20 01:06:13 [INFO] SOLUSDT Fear extrême (14/100) — taille ×0.5
2026-06-20 01:06:29 [INFO] SOLUSDT Fear extrême (14/100) — taille ×0.5
2026-06-20 01:06:45 [INFO] SOLUSDT Fear extrême (14/100) — taille ×0.5
2026-06-20 01:07:01 [INFO] SOLUSDT Fear extrême (14/100) — taille ×0.5
2026-06-20 01:07:17 [INFO] SOLUSDT Fear extrême (14/100) — taille ×0.5
2026-06-20 01:07:33 [INFO] SOLUSDT Fear extrême (14/100) — taille ×0.5
2026-06-20 01:07:49 [INFO] SOLUSDT Fear extrême (14/100) — taille ×0.5
2026-06-20 01:08:05 [INFO] SOLUSDT Fear extrême (14/100) — taille ×0.5
2026-06-20 01:08:21 [INFO] SOLUSDT Score=74 action=BUY regime=trending_up | Pos=0/6 | Solde=936.71 ×0.94 | WR=28% PnL=-6.91
2026-06-20 01:08:21 [INFO] SOLUSDT Fear extrême (14/100) — taille ×0.5
2026-06-20 01:08:37 [INFO] SOLUSDT Fear extrême (14/100) — taille ×0.5
2026-06-20 01:08:53 [INFO] SOLUSDT Fear extrême (14/100) — taille ×0.5
2026-06-20 01:09:09 [INFO] SOLUSDT Fear extrême (14/100) — taille ×0.5
2026-06-20 01:09:25 [INFO] SOLUSDT Fear extrême (14/100) — taille ×0.5
2026-06-20 01:09:41 [INFO] SOLUSDT Fear extrême (14/100) — taille ×0.5
2026-06-20 01:09:57 [INFO] SOLUSDT Fear extrême (14/100) — taille ×0.5
2026-06-20 01:10:13 [INFO] SOLUSDT Fear extrême (14/100) — taille ×0.5
2026-06-20 01:10:28 [INFO] SOLUSDT Fear extrême (14/100) — taille ×0.5
2026-06-20 01:10:45 [INFO] SOLUSDT Fear extrême (14/100) — taille ×0.5
2026-06-20 01:10:45 [INFO] SOLUSDT bloqué — ATR trop faible (0.32% < 0.50%)
2026-06-20 01:10:46 [INFO] AVAXUSDT Score=34 action=HOLD regime=trending_up | Pos=0/6 | Solde=936.71 ×0.94 | WR=28% PnL=-6.91
2026-06-20 01:11:01 [INFO] SOLUSDT Fear extrême (14/100) — taille ×0.5
2026-06-20 01:11:17 [INFO] SOLUSDT Fear extrême (14/100) — taille ×0.5
2026-06-20 01:11:33 [INFO] SOLUSDT Fear extrême (14/100) — taille ×0.5
2026-06-20 01:11:49 [INFO] SOLUSDT Fear extrême (14/100) — taille ×0.5
2026-06-20 01:12:05 [INFO] SOLUSDT Fear extrême (14/100) — taille ×0.5
2026-06-20 01:12:21 [INFO] SOLUSDT Fear extrême (14/100) — taille ×0.5
2026-06-20 01:12:37 [INFO] SOLUSDT Fear extrême (14/100) — taille ×0.5
2026-06-20 01:12:53 [INFO] SOLUSDT Fear extrême (14/100) — taille ×0.5
2026-06-20 01:13:09 [INFO] SOLUSDT Fear extrême (14/100) — taille ×0.5
2026-06-20 01:13:25 [INFO] SOLUSDT Score=92 action=BUY regime=trending_up | Pos=0/6 | Solde=936.71 ×0.94 | WR=28% PnL=-6.91
2026-06-20 01:13:25 [INFO] SOLUSDT Fear extrême (14/100) — taille ×0.5
2026-06-20 01:13:41 [INFO] SOLUSDT Fear extrême (14/100) — taille ×0.5
2026-06-20 01:13:57 [INFO] SOLUSDT Fear extrême (14/100) — taille ×0.5
2026-06-20 01:14:13 [INFO] SOLUSDT Fear extrême (14/100) — taille ×0.5
2026-06-20 01:14:28 [INFO] SOLUSDT Fear extrême (14/100) — taille ×0.5
2026-06-20 01:14:44 [INFO] SOLUSDT Fear extrême (14/100) — taille ×0.5
2026-06-20 01:15:00 [INFO] SOLUSDT Fear extrême (14/100) — taille ×0.5
2026-06-20 01:15:01 [INFO] AVAXUSDT Score=37 action=HOLD regime=ranging | Pos=0/6 | Solde=936.71 ×0.94 | WR=28% PnL=-6.91
2026-06-20 01:15:16 [INFO] SOLUSDT Fear extrême (14/100) — taille ×0.5
2026-06-20 01:15:32 [INFO] SOLUSDT Fear extrême (14/100) — taille ×0.5
2026-06-20 01:15:48 [INFO] SOLUSDT Fear extrême (14/100) — taille ×0.5
2026-06-20 01:15:48 [INFO] SOLUSDT bloqué — ATR trop faible (0.30% < 0.50%)
2026-06-20 01:16:04 [INFO] SOLUSDT Fear extrême (14/100) — taille ×0.5
2026-06-20 01:16:20 [INFO] SOLUSDT Fear extrême (14/100) — taille ×0.5
2026-06-20 01:16:36 [INFO] SOLUSDT Fear extrême (14/100) — taille ×0.5
2026-06-20 01:16:52 [INFO] SOLUSDT Fear extrême (14/100) — taille ×0.5
2026-06-20 01:17:09 [INFO] SOLUSDT Fear extrême (14/100) — taille ×0.5
2026-06-20 01:17:25 [INFO] SOLUSDT Fear extrême (14/100) — taille ×0.5
2026-06-20 01:17:41 [INFO] SOLUSDT Fear extrême (14/100) — taille ×0.5
2026-06-20 01:17:57 [INFO] SOLUSDT Fear extrême (14/100) — taille ×0.5
2026-06-20 01:18:13 [INFO] SOLUSDT Fear extrême (14/100) — taille ×0.5
2026-06-20 01:18:29 [INFO] SOLUSDT Score=88 action=BUY regime=trending_up | Pos=0/6 | Solde=936.71 ×0.94 | WR=28% PnL=-6.91
2026-06-20 01:18:29 [INFO] SOLUSDT Fear extrême (14/100) — taille ×0.5
2026-06-20 01:18:45 [INFO] SOLUSDT Fear extrême (14/100) — taille ×0.5
2026-06-20 01:19:01 [INFO] SOLUSDT Fear extrême (14/100) — taille ×0.5
2026-06-20 01:19:17 [INFO] Fear & Greed index = 14/100
2026-06-20 01:19:17 [INFO] SOLUSDT Fear extrême (14/100) — taille ×0.5
2026-06-20 01:19:33 [INFO] SOLUSDT Fear extrême (14/100) — taille ×0.5
2026-06-20 01:19:49 [INFO] SOLUSDT Fear extrême (14/100) — taille ×0.5
2026-06-20 01:20:05 [INFO] SOLUSDT Fear extrême (14/100) — taille ×0.5
2026-06-20 01:20:06 [INFO] AVAXUSDT Score=34 action=HOLD regime=ranging | Pos=0/6 | Solde=936.71 ×0.94 | WR=28% PnL=-6.91
2026-06-20 01:20:21 [INFO] SOLUSDT Fear extrême (14/100) — taille ×0.5
2026-06-20 01:20:37 [INFO] SOLUSDT Fear extrême (14/100) — taille ×0.5
2026-06-20 01:20:53 [INFO] SOLUSDT Fear extrême (14/100) — taille ×0.5
2026-06-20 01:20:53 [INFO] SOLUSDT bloqué — ATR trop faible (0.30% < 0.50%)
2026-06-20 01:21:09 [INFO] SOLUSDT Fear extrême (14/100) — taille ×0.5
2026-06-20 01:21:25 [INFO] SOLUSDT Fear extrême (14/100) — taille ×0.5
2026-06-20 01:21:41 [INFO] SOLUSDT Fear extrême (14/100) — taille ×0.5
2026-06-20 01:21:57 [INFO] SOLUSDT Fear extrême (14/100) — taille ×0.5
2026-06-20 01:22:13 [INFO] SOLUSDT Fear extrême (14/100) — taille ×0.5
2026-06-20 01:22:29 [INFO] SOLUSDT Fear extrême (14/100) — taille ×0.5
2026-06-20 01:22:45 [INFO] SOLUSDT Fear extrême (14/100) — taille ×0.5
2026-06-20 01:23:01 [INFO] SOLUSDT Fear extrême (14/100) — taille ×0.5
2026-06-20 01:23:17 [INFO] SOLUSDT Fear extrême (14/100) — taille ×0.5
2026-06-20 01:23:33 [INFO] SOLUSDT Score=92 action=BUY regime=trending_up | Pos=0/6 | Solde=936.71 ×0.94 | WR=28% PnL=-6.91
2026-06-20 01:23:33 [INFO] SOLUSDT Fear extrême (14/100) — taille ×0.5
2026-06-20 01:23:49 [INFO] SOLUSDT Fear extrême (14/100) — taille ×0.5
2026-06-20 01:24:05 [INFO] SOLUSDT Fear extrême (14/100) — taille ×0.5
2026-06-20 01:24:21 [INFO] SOLUSDT Fear extrême (14/100) — taille ×0.5
2026-06-20 01:24:37 [INFO] SOLUSDT Fear extrême (14/100) — taille ×0.5
2026-06-20 01:24:53 [INFO] SOLUSDT Fear extrême (14/100) — taille ×0.5
2026-06-20 01:25:09 [INFO] SOLUSDT Fear extrême (14/100) — taille ×0.5
2026-06-20 01:25:09 [INFO] AVAXUSDT Score=37 action=HOLD regime=ranging | Pos=0/6 | Solde=936.71 ×0.94 | WR=28% PnL=-6.91
2026-06-20 01:25:25 [INFO] SOLUSDT Fear extrême (14/100) — taille ×0.5
2026-06-20 01:25:41 [INFO] SOLUSDT Fear extrême (14/100) — taille ×0.5
2026-06-20 01:25:57 [INFO] SOLUSDT Fear extrême (14/100) — taille ×0.5
2026-06-20 01:25:57 [INFO] SOLUSDT bloqué — ATR trop faible (0.30% < 0.50%)
2026-06-20 01:26:13 [INFO] SOLUSDT Fear extrême (14/100) — taille ×0.5
2026-06-20 01:26:29 [INFO] SOLUSDT Fear extrême (14/100) — taille ×0.5
2026-06-20 01:26:45 [INFO] SOLUSDT Fear extrême (14/100) — taille ×0.5
2026-06-20 01:27:01 [INFO] SOLUSDT Fear extrême (14/100) — taille ×0.5
2026-06-20 01:27:17 [INFO] SOLUSDT Fear extrême (14/100) — taille ×0.5
2026-06-20 01:27:33 [INFO] SOLUSDT Fear extrême (14/100) — taille ×0.5
2026-06-20 01:27:49 [INFO] SOLUSDT Fear extrême (14/100) — taille ×0.5
2026-06-20 01:28:05 [INFO] SOLUSDT Fear extrême (14/100) — taille ×0.5
2026-06-20 01:28:21 [INFO] SOLUSDT Fear extrême (14/100) — taille ×0.5
2026-06-20 01:28:37 [INFO] SOLUSDT Score=83 action=BUY regime=trending_up | Pos=0/6 | Solde=936.71 ×0.94 | WR=28% PnL=-6.91
2026-06-20 01:28:37 [INFO] SOLUSDT Fear extrême (14/100) — taille ×0.5
2026-06-20 01:28:53 [INFO] SOLUSDT Fear extrême (14/100) — taille ×0.5
2026-06-20 01:29:09 [INFO] SOLUSDT Fear extrême (14/100) — taille ×0.5
2026-06-20 01:29:24 [INFO] SOLUSDT Fear extrême (14/100) — taille ×0.5
2026-06-20 01:29:40 [INFO] SOLUSDT Fear extrême (14/100) — taille ×0.5
2026-06-20 01:29:56 [INFO] SOLUSDT Fear extrême (14/100) — taille ×0.5
2026-06-20 01:30:12 [INFO] SOLUSDT Fear extrême (14/100) — taille ×0.5
2026-06-20 01:30:13 [INFO] AVAXUSDT Score=34 action=HOLD regime=ranging | Pos=0/6 | Solde=936.71 ×0.94 | WR=28% PnL=-6.91
2026-06-20 01:30:28 [INFO] SOLUSDT Fear extrême (14/100) — taille ×0.5
2026-06-20 01:30:44 [INFO] SOLUSDT Fear extrême (14/100) — taille ×0.5
2026-06-20 01:31:00 [INFO] SOLUSDT Fear extrême (14/100) — taille ×0.5
2026-06-20 01:31:00 [INFO] SOLUSDT bloqué — ATR trop faible (0.39% < 0.50%)
2026-06-20 01:31:16 [INFO] SOLUSDT Fear extrême (14/100) — taille ×0.5
2026-06-20 01:31:32 [INFO] SOLUSDT Fear extrême (14/100) — taille ×0.5
2026-06-20 01:31:48 [INFO] SOLUSDT Fear extrême (14/100) — taille ×0.5
2026-06-20 01:32:04 [INFO] SOLUSDT Fear extrême (14/100) — taille ×0.5
2026-06-20 01:32:20 [INFO] SOLUSDT Fear extrême (14/100) — taille ×0.5
2026-06-20 01:32:36 [INFO] SOLUSDT Fear extrême (14/100) — taille ×0.5
2026-06-20 01:32:52 [INFO] SOLUSDT Fear extrême (14/100) — taille ×0.5
2026-06-20 01:33:08 [INFO] SOLUSDT Fear extrême (14/100) — taille ×0.5
2026-06-20 01:33:24 [INFO] SOLUSDT Fear extrême (14/100) — taille ×0.5
2026-06-20 01:33:40 [INFO] SOLUSDT Score=77 action=BUY regime=trending_up | Pos=0/6 | Solde=936.71 ×0.94 | WR=28% PnL=-6.91
2026-06-20 01:33:40 [INFO] SOLUSDT Fear extrême (14/100) — taille ×0.5
2026-06-20 01:33:56 [INFO] SOLUSDT Fear extrême (14/100) — taille ×0.5
2026-06-20 01:34:12 [INFO] SOLUSDT Fear extrême (14/100) — taille ×0.5
2026-06-20 01:34:28 [INFO] SOLUSDT Fear extrême (14/100) — taille ×0.5
2026-06-20 01:34:44 [INFO] SOLUSDT Fear extrême (14/100) — taille ×0.5
2026-06-20 01:35:00 [INFO] SOLUSDT Fear extrême (14/100) — taille ×0.5
2026-06-20 01:35:16 [INFO] SOLUSDT Fear extrême (14/100) — taille ×0.5
2026-06-20 01:35:16 [INFO] AVAXUSDT Score=38 action=HOLD regime=ranging | Pos=0/6 | Solde=936.71 ×0.94 | WR=28% PnL=-6.91
2026-06-20 01:35:31 [INFO] SOLUSDT Fear extrême (14/100) — taille ×0.5
2026-06-20 01:35:47 [INFO] SOLUSDT Fear extrême (14/100) — taille ×0.5
2026-06-20 01:36:03 [INFO] SOLUSDT Fear extrême (14/100) — taille ×0.5
2026-06-20 01:36:04 [INFO] SOLUSDT bloqué — ATR trop faible (0.40% < 0.50%)
2026-06-20 01:36:20 [INFO] SOLUSDT Fear extrême (14/100) — taille ×0.5
2026-06-20 01:36:36 [INFO] SOLUSDT Fear extrême (14/100) — taille ×0.5
2026-06-20 01:36:52 [INFO] SOLUSDT Fear extrême (14/100) — taille ×0.5
2026-06-20 01:37:07 [INFO] SOLUSDT Fear extrême (14/100) — taille ×0.5
2026-06-20 01:37:23 [INFO] SOLUSDT Fear extrême (14/100) — taille ×0.5
2026-06-20 01:37:39 [INFO] SOLUSDT Fear extrême (14/100) — taille ×0.5
2026-06-20 01:37:55 [INFO] SOLUSDT Fear extrême (14/100) — taille ×0.5
2026-06-20 01:38:11 [INFO] SOLUSDT Fear extrême (14/100) — taille ×0.5
2026-06-20 01:38:27 [INFO] SOLUSDT Fear extrême (14/100) — taille ×0.5
2026-06-20 01:38:43 [INFO] SOLUSDT Score=72 action=BUY regime=trending_up | Pos=0/6 | Solde=936.71 ×0.94 | WR=28% PnL=-6.91
2026-06-20 01:38:43 [INFO] SOLUSDT Fear extrême (14/100) — taille ×0.5
2026-06-20 01:39:00 [INFO] SOLUSDT Fear extrême (14/100) — taille ×0.5
2026-06-20 01:39:15 [INFO] SOLUSDT Fear extrême (14/100) — taille ×0.5
2026-06-20 01:39:31 [INFO] SOLUSDT Fear extrême (14/100) — taille ×0.5
2026-06-20 01:39:47 [INFO] SOLUSDT Fear extrême (14/100) — taille ×0.5
2026-06-20 01:40:03 [INFO] SOLUSDT Fear extrême (14/100) — taille ×0.5
2026-06-20 01:40:19 [INFO] SOLUSDT Fear extrême (14/100) — taille ×0.5
2026-06-20 01:40:20 [INFO] AVAXUSDT Score=41 action=HOLD regime=ranging | Pos=0/6 | Solde=936.71 ×0.94 | WR=28% PnL=-6.91
2026-06-20 01:40:35 [INFO] SOLUSDT Fear extrême (14/100) — taille ×0.5
2026-06-20 01:40:51 [INFO] SOLUSDT Fear extrême (14/100) — taille ×0.5
2026-06-20 01:41:07 [INFO] SOLUSDT Fear extrême (14/100) — taille ×0.5
2026-06-20 01:41:07 [INFO] SOLUSDT bloqué — ATR trop faible (0.40% < 0.50%)
2026-06-20 01:41:23 [INFO] SOLUSDT Fear extrême (14/100) — taille ×0.5
2026-06-20 01:41:39 [INFO] SOLUSDT Fear extrême (14/100) — taille ×0.5
2026-06-20 01:41:55 [INFO] SOLUSDT Fear extrême (14/100) — taille ×0.5
2026-06-20 01:42:11 [INFO] SOLUSDT Fear extrême (14/100) — taille ×0.5
2026-06-20 01:42:27 [INFO] SOLUSDT Fear extrême (14/100) — taille ×0.5
2026-06-20 01:42:43 [INFO] SOLUSDT Fear extrême (14/100) — taille ×0.5
2026-06-20 01:42:59 [INFO] SOLUSDT Fear extrême (14/100) — taille ×0.5
2026-06-20 01:43:15 [INFO] SOLUSDT Fear extrême (14/100) — taille ×0.5
2026-06-20 01:43:31 [INFO] SOLUSDT Fear extrême (14/100) — taille ×0.5
2026-06-20 01:43:47 [INFO] SOLUSDT Score=77 action=BUY regime=trending_up | Pos=0/6 | Solde=936.71 ×0.94 | WR=28% PnL=-6.91
2026-06-20 01:43:47 [INFO] SOLUSDT Fear extrême (14/100) — taille ×0.5
2026-06-20 01:44:03 [INFO] SOLUSDT Fear extrême (14/100) — taille ×0.5
2026-06-20 01:44:19 [INFO] SOLUSDT Fear extrême (14/100) — taille ×0.5
2026-06-20 01:44:35 [INFO] SOLUSDT Fear extrême (14/100) — taille ×0.5
2026-06-20 01:44:51 [INFO] SOLUSDT Fear extrême (14/100) — taille ×0.5
2026-06-20 01:45:07 [INFO] SOLUSDT Fear extrême (14/100) — taille ×0.5
2026-06-20 01:45:23 [INFO] SOLUSDT Fear extrême (14/100) — taille ×0.5
2026-06-20 01:45:23 [INFO] AVAXUSDT Score=54 action=HOLD regime=ranging | Pos=0/6 | Solde=936.71 ×0.94 | WR=28% PnL=-6.91
2026-06-20 01:45:39 [INFO] SOLUSDT Fear extrême (14/100) — taille ×0.5
2026-06-20 01:45:55 [INFO] SOLUSDT Fear extrême (14/100) — taille ×0.5
2026-06-20 01:46:11 [INFO] SOLUSDT Fear extrême (14/100) — taille ×0.5
2026-06-20 01:46:11 [INFO] SOLUSDT bloqué — ATR trop faible (0.38% < 0.50%)
2026-06-20 01:46:27 [INFO] SOLUSDT Fear extrême (14/100) — taille ×0.5
2026-06-20 01:46:43 [INFO] SOLUSDT Fear extrême (14/100) — taille ×0.5
2026-06-20 01:46:59 [INFO] SOLUSDT Fear extrême (14/100) — taille ×0.5
2026-06-20 01:47:15 [INFO] SOLUSDT Fear extrême (14/100) — taille ×0.5
2026-06-20 01:47:31 [INFO] SOLUSDT Fear extrême (14/100) — taille ×0.5
2026-06-20 01:47:46 [INFO] SOLUSDT Fear extrême (14/100) — taille ×0.5
2026-06-20 01:48:02 [INFO] SOLUSDT Fear extrême (14/100) — taille ×0.5
2026-06-20 01:48:18 [INFO] SOLUSDT Fear extrême (14/100) — taille ×0.5
2026-06-20 01:48:35 [INFO] SOLUSDT Fear extrême (14/100) — taille ×0.5
2026-06-20 01:48:51 [INFO] SOLUSDT Score=77 action=BUY regime=trending_up | Pos=0/6 | Solde=936.71 ×0.94 | WR=28% PnL=-6.91
2026-06-20 01:48:51 [INFO] SOLUSDT Fear extrême (14/100) — taille ×0.5
2026-06-20 01:49:07 [INFO] SOLUSDT Fear extrême (14/100) — taille ×0.5
2026-06-20 01:49:23 [INFO] SOLUSDT Fear extrême (14/100) — taille ×0.5
2026-06-20 01:49:39 [INFO] SOLUSDT Fear extrême (14/100) — taille ×0.5
2026-06-20 01:49:55 [INFO] SOLUSDT Fear extrême (14/100) — taille ×0.5
2026-06-20 01:50:10 [INFO] SOLUSDT Fear extrême (14/100) — taille ×0.5
2026-06-20 01:50:26 [INFO] SOLUSDT Fear extrême (14/100) — taille ×0.5
2026-06-20 01:50:27 [INFO] AVAXUSDT Score=51 action=HOLD regime=ranging | Pos=0/6 | Solde=936.71 ×0.94 | WR=28% PnL=-6.91
2026-06-20 01:50:42 [INFO] SOLUSDT Fear extrême (14/100) — taille ×0.5
2026-06-20 01:50:58 [INFO] SOLUSDT Fear extrême (14/100) — taille ×0.5
2026-06-20 01:51:14 [INFO] SOLUSDT Fear extrême (14/100) — taille ×0.5
2026-06-20 01:51:14 [INFO] SOLUSDT bloqué — ATR trop faible (0.38% < 0.50%)
2026-06-20 01:51:30 [INFO] SOLUSDT Fear extrême (14/100) — taille ×0.5
2026-06-20 01:51:46 [INFO] SOLUSDT Fear extrême (14/100) — taille ×0.5
2026-06-20 01:52:02 [INFO] SOLUSDT Fear extrême (14/100) — taille ×0.5
2026-06-20 01:52:18 [INFO] SOLUSDT Fear extrême (14/100) — taille ×0.5
2026-06-20 01:52:34 [INFO] SOLUSDT Fear extrême (14/100) — taille ×0.5
2026-06-20 01:52:50 [INFO] SOLUSDT Fear extrême (14/100) — taille ×0.5
2026-06-20 01:53:06 [INFO] SOLUSDT Fear extrême (14/100) — taille ×0.5
2026-06-20 01:53:22 [INFO] SOLUSDT Fear extrême (14/100) — taille ×0.5
2026-06-20 01:53:38 [INFO] SOLUSDT Fear extrême (14/100) — taille ×0.5
2026-06-20 01:53:54 [INFO] SOLUSDT Score=77 action=BUY regime=trending_up | Pos=0/6 | Solde=936.71 ×0.94 | WR=28% PnL=-6.91
2026-06-20 01:53:54 [INFO] SOLUSDT Fear extrême (14/100) — taille ×0.5
2026-06-20 01:54:10 [INFO] SOLUSDT Fear extrême (14/100) — taille ×0.5
2026-06-20 01:54:26 [INFO] SOLUSDT Fear extrême (14/100) — taille ×0.5
2026-06-20 01:54:42 [INFO] SOLUSDT Fear extrême (14/100) — taille ×0.5
2026-06-20 01:54:58 [INFO] SOLUSDT Fear extrême (14/100) — taille ×0.5
2026-06-20 01:55:14 [INFO] SOLUSDT Fear extrême (14/100) — taille ×0.5
2026-06-20 01:55:30 [INFO] SOLUSDT Fear extrême (14/100) — taille ×0.5
2026-06-20 01:55:30 [INFO] AVAXUSDT Score=41 action=HOLD regime=ranging | Pos=0/6 | Solde=936.71 ×0.94 | WR=28% PnL=-6.91
2026-06-20 01:55:46 [INFO] SOLUSDT Fear extrême (14/100) — taille ×0.5
2026-06-20 01:56:02 [INFO] SOLUSDT Fear extrême (14/100) — taille ×0.5
2026-06-20 01:56:18 [INFO] SOLUSDT Fear extrême (14/100) — taille ×0.5
2026-06-20 01:56:18 [INFO] SOLUSDT bloqué — ATR trop faible (0.38% < 0.50%)
2026-06-20 01:56:34 [INFO] SOLUSDT Fear extrême (14/100) — taille ×0.5
2026-06-20 01:56:50 [INFO] SOLUSDT Score=64 action=HOLD regime=trending_up | Pos=0/6 | Solde=936.71 ×0.94 | WR=28% PnL=-6.91
2026-06-20 02:00:34 [INFO] AVAXUSDT Score=56 action=HOLD regime=ranging | Pos=0/6 | Solde=936.71 ×0.94 | WR=28% PnL=-6.91
2026-06-20 02:00:49 [INFO] SOLUSDT Score=74 action=BUY regime=trending_up | Pos=0/6 | Solde=936.71 ×0.94 | WR=28% PnL=-6.91
2026-06-20 02:00:49 [INFO] SOLUSDT Fear extrême (14/100) — taille ×0.5
2026-06-20 02:01:05 [INFO] SOLUSDT Score=64 action=HOLD regime=trending_up | Pos=0/6 | Solde=936.71 ×0.94 | WR=28% PnL=-6.91
2026-06-20 02:05:36 [INFO] SOLUSDT Score=85 action=BUY regime=trending_up | Pos=0/6 | Solde=936.71 ×0.94 | WR=28% PnL=-6.91
2026-06-20 02:05:36 [INFO] SOLUSDT Fear extrême (14/100) — taille ×0.5
2026-06-20 02:05:37 [INFO] SOLUSDT bloqué — ATR trop faible (0.41% < 0.50%)
2026-06-20 02:05:37 [INFO] AVAXUSDT Score=53 action=HOLD regime=ranging | Pos=0/6 | Solde=936.71 ×0.94 | WR=28% PnL=-6.91
2026-06-20 02:05:53 [INFO] SOLUSDT Fear extrême (14/100) — taille ×0.5
2026-06-20 02:06:09 [INFO] SOLUSDT Score=64 action=HOLD regime=trending_up | Pos=0/6 | Solde=936.71 ×0.94 | WR=28% PnL=-6.91
2026-06-20 02:06:56 [INFO] SOLUSDT Score=85 action=BUY regime=trending_up | Pos=0/6 | Solde=936.71 ×0.94 | WR=28% PnL=-6.91
2026-06-20 02:06:56 [INFO] SOLUSDT Fear extrême (14/100) — taille ×0.5
2026-06-20 02:07:12 [INFO] SOLUSDT Fear extrême (14/100) — taille ×0.5
2026-06-20 02:07:28 [INFO] SOLUSDT Score=64 action=HOLD regime=trending_up | Pos=0/6 | Solde=936.71 ×0.94 | WR=28% PnL=-6.91
2026-06-20 02:09:20 [INFO] SOLUSDT Score=72 action=BUY regime=trending_up | Pos=0/6 | Solde=936.71 ×0.94 | WR=28% PnL=-6.91
2026-06-20 02:09:20 [INFO] SOLUSDT Fear extrême (14/100) — taille ×0.5
2026-06-20 02:09:36 [INFO] SOLUSDT Fear extrême (14/100) — taille ×0.5
2026-06-20 02:09:52 [INFO] SOLUSDT Fear extrême (14/100) — taille ×0.5
2026-06-20 02:10:08 [INFO] SOLUSDT Fear extrême (14/100) — taille ×0.5
2026-06-20 02:10:24 [INFO] SOLUSDT Fear extrême (14/100) — taille ×0.5
2026-06-20 02:10:40 [INFO] SOLUSDT Fear extrême (14/100) — taille ×0.5
2026-06-20 02:10:40 [INFO] SOLUSDT bloqué — ATR trop faible (0.41% < 0.50%)
2026-06-20 02:10:40 [INFO] AVAXUSDT Score=53 action=HOLD regime=ranging | Pos=0/6 | Solde=936.71 ×0.94 | WR=28% PnL=-6.91
2026-06-20 02:10:56 [INFO] SOLUSDT Fear extrême (14/100) — taille ×0.5
2026-06-20 02:11:12 [INFO] SOLUSDT Fear extrême (14/100) — taille ×0.5
2026-06-20 02:11:28 [INFO] SOLUSDT Fear extrême (14/100) — taille ×0.5
2026-06-20 02:11:44 [INFO] SOLUSDT Fear extrême (14/100) — taille ×0.5
2026-06-20 02:12:00 [INFO] SOLUSDT Fear extrême (14/100) — taille ×0.5
2026-06-20 02:12:16 [INFO] SOLUSDT Fear extrême (14/100) — taille ×0.5
2026-06-20 02:12:32 [INFO] SOLUSDT Fear extrême (14/100) — taille ×0.5
2026-06-20 02:12:47 [INFO] SOLUSDT Fear extrême (14/100) — taille ×0.5
2026-06-20 02:13:03 [INFO] SOLUSDT Fear extrême (14/100) — taille ×0.5
2026-06-20 02:13:19 [INFO] SOLUSDT Fear extrême (14/100) — taille ×0.5
2026-06-20 02:13:35 [INFO] SOLUSDT Fear extrême (14/100) — taille ×0.5
2026-06-20 02:13:51 [INFO] SOLUSDT Fear extrême (14/100) — taille ×0.5
2026-06-20 02:14:07 [INFO] SOLUSDT Fear extrême (14/100) — taille ×0.5
2026-06-20 02:14:23 [INFO] SOLUSDT Score=85 action=BUY regime=trending_up | Pos=0/6 | Solde=936.71 ×0.94 | WR=28% PnL=-6.91
2026-06-20 02:14:23 [INFO] SOLUSDT Fear extrême (14/100) — taille ×0.5
2026-06-20 02:14:39 [INFO] SOLUSDT Fear extrême (14/100) — taille ×0.5
2026-06-20 02:14:56 [INFO] SOLUSDT Fear extrême (14/100) — taille ×0.5
2026-06-20 02:15:11 [INFO] SOLUSDT Fear extrême (14/100) — taille ×0.5
2026-06-20 02:15:27 [INFO] SOLUSDT Fear extrême (14/100) — taille ×0.5
2026-06-20 02:15:43 [INFO] SOLUSDT Fear extrême (14/100) — taille ×0.5
2026-06-20 02:15:44 [INFO] SOLUSDT bloqué — ATR trop faible (0.38% < 0.50%)
2026-06-20 02:15:44 [INFO] AVAXUSDT Score=66 action=HOLD regime=ranging | Pos=0/6 | Solde=936.71 ×0.94 | WR=28% PnL=-6.91
2026-06-20 02:16:00 [INFO] SOLUSDT Fear extrême (14/100) — taille ×0.5
2026-06-20 02:16:16 [INFO] SOLUSDT Fear extrême (14/100) — taille ×0.5
2026-06-20 02:16:31 [INFO] SOLUSDT Fear extrême (14/100) — taille ×0.5
2026-06-20 02:16:47 [INFO] SOLUSDT Fear extrême (14/100) — taille ×0.5
2026-06-20 02:17:03 [INFO] SOLUSDT Fear extrême (14/100) — taille ×0.5
2026-06-20 02:17:19 [INFO] SOLUSDT Fear extrême (14/100) — taille ×0.5
2026-06-20 02:17:35 [INFO] SOLUSDT Fear extrême (14/100) — taille ×0.5
2026-06-20 02:17:51 [INFO] SOLUSDT Fear extrême (14/100) — taille ×0.5
2026-06-20 02:18:07 [INFO] SOLUSDT Fear extrême (14/100) — taille ×0.5
2026-06-20 02:18:23 [INFO] SOLUSDT Fear extrême (14/100) — taille ×0.5
2026-06-20 02:18:39 [INFO] SOLUSDT Fear extrême (14/100) — taille ×0.5
2026-06-20 02:18:55 [INFO] SOLUSDT Fear extrême (14/100) — taille ×0.5
2026-06-20 02:19:11 [INFO] SOLUSDT Fear extrême (14/100) — taille ×0.5
2026-06-20 02:19:27 [INFO] SOLUSDT Score=77 action=BUY regime=trending_up | Pos=0/6 | Solde=936.71 ×0.94 | WR=28% PnL=-6.91
2026-06-20 02:19:27 [INFO] Fear & Greed index = 23/100
2026-06-20 02:20:15 [INFO] SOLUSDT Score=64 action=HOLD regime=trending_up | Pos=0/6 | Solde=936.71 ×0.94 | WR=28% PnL=-6.91
2026-06-20 02:20:48 [INFO] AVAXUSDT Score=38 action=HOLD regime=ranging | Pos=0/6 | Solde=936.71 ×0.94 | WR=28% PnL=-6.91
2026-06-20 02:21:19 [INFO] SOLUSDT Score=77 action=BUY regime=trending_up | Pos=0/6 | Solde=936.71 ×0.94 | WR=28% PnL=-6.91
2026-06-20 02:21:19 [INFO] SOLUSDT bloqué — ATR trop faible (0.39% < 0.50%)
2026-06-20 02:22:07 [INFO] SOLUSDT Score=64 action=HOLD regime=trending_up | Pos=0/6 | Solde=936.71 ×0.94 | WR=28% PnL=-6.91
2026-06-20 02:25:51 [INFO] AVAXUSDT Score=38 action=HOLD regime=ranging | Pos=0/6 | Solde=936.71 ×0.94 | WR=28% PnL=-6.91
2026-06-20 02:27:11 [INFO] SOLUSDT Score=64 action=HOLD regime=trending_up | Pos=0/6 | Solde=936.71 ×0.94 | WR=28% PnL=-6.91
2026-06-20 02:30:07 [INFO] SOLUSDT Score=71 action=BUY regime=trending_up | Pos=0/6 | Solde=936.71 ×0.94 | WR=28% PnL=-6.91
2026-06-20 02:30:07 [INFO] SOLUSDT bloqué — ATR trop faible (0.38% < 0.50%)
2026-06-20 02:30:55 [INFO] AVAXUSDT Score=33 action=HOLD regime=ranging | Pos=0/6 | Solde=936.71 ×0.94 | WR=28% PnL=-6.91
2026-06-20 02:34:54 [INFO] SOLUSDT Score=64 action=HOLD regime=trending_up | Pos=0/6 | Solde=936.71 ×0.94 | WR=28% PnL=-6.91
2026-06-20 02:35:59 [INFO] AVAXUSDT Score=22 action=HOLD regime=ranging | Pos=0/6 | Solde=936.71 ×0.94 | WR=28% PnL=-6.91
2026-06-20 02:38:22 [INFO] SOLUSDT Score=71 action=BUY regime=trending_up | Pos=0/6 | Solde=936.71 ×0.94 | WR=28% PnL=-6.91
2026-06-20 02:38:23 [INFO] SOLUSDT bloqué — ATR trop faible (0.41% < 0.50%)
2026-06-20 02:38:39 [INFO] SOLUSDT Score=66 action=HOLD regime=trending_up | Pos=0/6 | Solde=936.71 ×0.94 | WR=28% PnL=-6.91
2026-06-20 02:39:11 [INFO] SOLUSDT Score=71 action=BUY regime=trending_up | Pos=0/6 | Solde=936.71 ×0.94 | WR=28% PnL=-6.91
2026-06-20 02:41:03 [INFO] AVAXUSDT Score=30 action=HOLD regime=ranging | Pos=0/6 | Solde=936.71 ×0.94 | WR=28% PnL=-6.91
2026-06-20 02:43:27 [INFO] SOLUSDT bloqué — ATR trop faible (0.41% < 0.50%)
2026-06-20 02:44:15 [INFO] SOLUSDT Score=77 action=BUY regime=trending_up | Pos=0/6 | Solde=936.71 ×0.94 | WR=28% PnL=-6.91
2026-06-20 02:46:07 [INFO] AVAXUSDT Score=30 action=HOLD regime=ranging | Pos=0/6 | Solde=936.71 ×0.94 | WR=28% PnL=-6.91
2026-06-20 02:48:30 [INFO] SOLUSDT bloqué — ATR trop faible (0.39% < 0.50%)
2026-06-20 02:49:18 [INFO] SOLUSDT Score=85 action=BUY regime=trending_up | Pos=0/6 | Solde=936.71 ×0.94 | WR=28% PnL=-6.91
2026-06-20 02:51:10 [INFO] AVAXUSDT Score=30 action=HOLD regime=ranging | Pos=0/6 | Solde=936.71 ×0.94 | WR=28% PnL=-6.91
2026-06-20 02:53:34 [INFO] SOLUSDT bloqué — ATR trop faible (0.40% < 0.50%)
2026-06-20 02:54:22 [INFO] SOLUSDT Score=90 action=BUY regime=trending_up | Pos=0/6 | Solde=936.71 ×0.94 | WR=28% PnL=-6.91
2026-06-20 02:56:15 [INFO] AVAXUSDT Score=48 action=HOLD regime=ranging | Pos=0/6 | Solde=936.71 ×0.94 | WR=28% PnL=-6.91
2026-06-20 02:58:40 [INFO] SOLUSDT bloqué — ATR trop faible (0.41% < 0.50%)
2026-06-20 02:59:28 [INFO] SOLUSDT Score=90 action=BUY regime=trending_up | Pos=0/6 | Solde=936.71 ×0.94 | WR=28% PnL=-6.91
2026-06-20 03:01:21 [INFO] AVAXUSDT Score=51 action=HOLD regime=ranging | Pos=0/6 | Solde=936.71 ×0.94 | WR=28% PnL=-6.91
2026-06-20 03:03:44 [INFO] SOLUSDT bloqué — ATR trop faible (0.38% < 0.50%)
2026-06-20 03:04:32 [INFO] SOLUSDT Score=90 action=BUY regime=trending_up | Pos=0/6 | Solde=936.71 ×0.94 | WR=28% PnL=-6.91
2026-06-20 03:06:24 [INFO] AVAXUSDT Score=48 action=HOLD regime=ranging | Pos=0/6 | Solde=936.71 ×0.94 | WR=28% PnL=-6.91
2026-06-20 03:07:27 [INFO] SOLUSDT bloque — 3 bougies baissières consecutives
2026-06-20 03:09:35 [INFO] SOLUSDT Score=80 action=BUY regime=trending_up | Pos=0/6 | Solde=936.71 ×0.94 | WR=28% PnL=-6.91
2026-06-20 03:11:27 [INFO] AVAXUSDT Score=48 action=HOLD regime=ranging | Pos=0/6 | Solde=936.71 ×0.94 | WR=28% PnL=-6.91
2026-06-20 03:12:30 [INFO] SOLUSDT bloque — 3 bougies baissières consecutives
2026-06-20 03:14:38 [INFO] SOLUSDT Score=80 action=BUY regime=trending_up | Pos=0/6 | Solde=936.71 ×0.94 | WR=28% PnL=-6.91
2026-06-20 03:15:10 [INFO] SOLUSDT bloqué — ATR trop faible (0.36% < 0.50%)
2026-06-20 03:16:31 [INFO] AVAXUSDT Score=30 action=HOLD regime=ranging | Pos=0/6 | Solde=936.71 ×0.94 | WR=28% PnL=-6.91
2026-06-20 03:19:42 [INFO] SOLUSDT Score=90 action=BUY regime=trending_up | Pos=0/6 | Solde=936.71 ×0.94 | WR=28% PnL=-6.91
2026-06-20 03:19:43 [INFO] Fear & Greed index = 23/100
2026-06-20 03:20:15 [INFO] SOLUSDT bloqué — ATR trop faible (0.37% < 0.50%)
2026-06-20 03:21:36 [INFO] AVAXUSDT Score=22 action=HOLD regime=ranging | Pos=0/6 | Solde=936.71 ×0.94 | WR=28% PnL=-6.91
2026-06-20 03:24:47 [INFO] SOLUSDT Score=90 action=BUY regime=trending_up | Pos=0/6 | Solde=936.71 ×0.94 | WR=28% PnL=-6.91
2026-06-20 03:25:19 [INFO] SOLUSDT bloqué — ATR trop faible (0.38% < 0.50%)
2026-06-20 03:26:39 [INFO] AVAXUSDT Score=24 action=HOLD regime=ranging | Pos=0/6 | Solde=936.71 ×0.94 | WR=28% PnL=-6.91
2026-06-20 03:26:54 [INFO] SOLUSDT bloque — 3 bougies baissières consecutives
2026-06-20 03:29:50 [INFO] SOLUSDT Score=100 action=BUY regime=trending_up | Pos=0/6 | Solde=936.71 ×0.94 | WR=28% PnL=-6.91
2026-06-20 03:30:22 [INFO] SOLUSDT bloqué — ATR trop faible (0.36% < 0.50%)
2026-06-20 03:31:42 [INFO] AVAXUSDT Score=36 action=HOLD regime=ranging | Pos=0/6 | Solde=936.71 ×0.94 | WR=28% PnL=-6.91
2026-06-20 03:34:53 [INFO] SOLUSDT Score=85 action=BUY regime=trending_up | Pos=0/6 | Solde=936.71 ×0.94 | WR=28% PnL=-6.91
2026-06-20 03:35:25 [INFO] SOLUSDT bloqué — ATR trop faible (0.37% < 0.50%)
2026-06-20 03:36:45 [INFO] AVAXUSDT Score=36 action=HOLD regime=ranging | Pos=0/6 | Solde=936.71 ×0.94 | WR=28% PnL=-6.91
2026-06-20 03:38:21 [INFO] AVAXUSDT Score=62 action=HOLD regime=trending_up | Pos=0/6 | Solde=936.71 ×0.94 | WR=28% PnL=-6.91
2026-06-20 03:38:37 [INFO] AVAXUSDT Score=36 action=HOLD regime=ranging | Pos=0/6 | Solde=936.71 ×0.94 | WR=28% PnL=-6.91
2026-06-20 03:39:56 [INFO] SOLUSDT Score=85 action=BUY regime=trending_up | Pos=0/6 | Solde=936.71 ×0.94 | WR=28% PnL=-6.91
2026-06-20 03:40:28 [INFO] SOLUSDT bloqué — ATR trop faible (0.38% < 0.50%)
2026-06-20 03:43:40 [INFO] AVAXUSDT Score=36 action=HOLD regime=ranging | Pos=0/6 | Solde=936.71 ×0.94 | WR=28% PnL=-6.91
2026-06-20 03:44:59 [INFO] SOLUSDT Score=85 action=BUY regime=trending_up | Pos=0/6 | Solde=936.71 ×0.94 | WR=28% PnL=-6.91
2026-06-20 03:45:32 [INFO] SOLUSDT bloqué — ATR trop faible (0.36% < 0.50%)
2026-06-20 03:48:43 [INFO] AVAXUSDT Score=36 action=HOLD regime=ranging | Pos=0/6 | Solde=936.71 ×0.94 | WR=28% PnL=-6.91
2026-06-20 03:50:03 [INFO] SOLUSDT Score=76 action=BUY regime=trending_up | Pos=0/6 | Solde=936.71 ×0.94 | WR=28% PnL=-6.91
2026-06-20 03:50:35 [INFO] SOLUSDT bloqué — ATR trop faible (0.37% < 0.50%)
2026-06-20 03:53:47 [INFO] AVAXUSDT Score=58 action=HOLD regime=ranging | Pos=0/6 | Solde=936.71 ×0.94 | WR=28% PnL=-6.91
2026-06-20 03:55:06 [INFO] SOLUSDT Score=71 action=BUY regime=trending_up | Pos=0/6 | Solde=936.71 ×0.94 | WR=28% PnL=-6.91
2026-06-20 03:55:38 [INFO] SOLUSDT bloqué — ATR trop faible (0.37% < 0.50%)
2026-06-20 03:58:50 [INFO] AVAXUSDT Score=50 action=HOLD regime=ranging | Pos=0/6 | Solde=936.71 ×0.94 | WR=28% PnL=-6.91
2026-06-20 04:00:09 [INFO] SOLUSDT Score=80 action=BUY regime=trending_up | Pos=0/6 | Solde=936.71 ×0.94 | WR=28% PnL=-6.91
2026-06-20 04:00:25 [INFO] SOLUSDT Score=66 action=HOLD regime=trending_up | Pos=0/6 | Solde=936.71 ×0.94 | WR=28% PnL=-6.91
2026-06-20 04:00:57 [INFO] SOLUSDT Score=76 action=BUY regime=trending_up | Pos=0/6 | Solde=936.71 ×0.94 | WR=28% PnL=-6.91
2026-06-20 04:00:57 [INFO] SOLUSDT bloqué — ATR trop faible (0.34% < 0.50%)
2026-06-20 04:01:13 [INFO] SOLUSDT Score=66 action=HOLD regime=trending_up | Pos=0/6 | Solde=936.71 ×0.94 | WR=28% PnL=-6.91
2026-06-20 04:02:01 [INFO] SOLUSDT Score=86 action=BUY regime=trending_up | Pos=0/6 | Solde=936.71 ×0.94 | WR=28% PnL=-6.91
2026-06-20 04:03:53 [INFO] AVAXUSDT Score=50 action=HOLD regime=ranging | Pos=0/6 | Solde=936.71 ×0.94 | WR=28% PnL=-6.91
2026-06-20 04:06:01 [INFO] SOLUSDT bloqué — ATR trop faible (0.35% < 0.50%)
2026-06-20 04:07:05 [INFO] SOLUSDT Score=70 action=BUY regime=trending_up | Pos=0/6 | Solde=936.71 ×0.94 | WR=28% PnL=-6.91
2026-06-20 04:08:57 [INFO] AVAXUSDT Score=58 action=HOLD regime=ranging | Pos=0/6 | Solde=936.71 ×0.94 | WR=28% PnL=-6.91
2026-06-20 04:11:04 [INFO] SOLUSDT bloqué — ATR trop faible (0.36% < 0.50%)
2026-06-20 04:12:08 [INFO] SOLUSDT Score=70 action=BUY regime=trending_up | Pos=0/6 | Solde=936.71 ×0.94 | WR=28% PnL=-6.91
2026-06-20 04:14:00 [INFO] AVAXUSDT Score=58 action=HOLD regime=ranging | Pos=0/6 | Solde=936.71 ×0.94 | WR=28% PnL=-6.91
2026-06-20 04:15:03 [INFO] SOLUSDT Score=43 action=HOLD regime=trending_up | Pos=0/6 | Solde=936.71 ×0.94 | WR=28% PnL=-6.91
2026-06-20 04:19:03 [INFO] AVAXUSDT Score=61 action=HOLD regime=ranging | Pos=0/6 | Solde=936.71 ×0.94 | WR=28% PnL=-6.91
2026-06-20 04:20:06 [INFO] SOLUSDT Score=52 action=HOLD regime=trending_up | Pos=0/6 | Solde=936.71 ×0.94 | WR=28% PnL=-6.91
2026-06-20 04:24:07 [INFO] AVAXUSDT Score=58 action=HOLD regime=ranging | Pos=0/6 | Solde=936.71 ×0.94 | WR=28% PnL=-6.91
2026-06-20 04:25:10 [INFO] SOLUSDT Score=52 action=HOLD regime=trending_up | Pos=0/6 | Solde=936.71 ×0.94 | WR=28% PnL=-6.91
2026-06-20 04:29:10 [INFO] AVAXUSDT Score=58 action=HOLD regime=ranging | Pos=0/6 | Solde=936.71 ×0.94 | WR=28% PnL=-6.91
2026-06-20 04:30:13 [INFO] SOLUSDT Score=74 action=BUY regime=trending_up | Pos=0/6 | Solde=936.71 ×0.94 | WR=28% PnL=-6.91
2026-06-20 04:30:14 [INFO] Fear & Greed index = 23/100
2026-06-20 04:30:14 [INFO] SOLUSDT bloqué — ATR trop faible (0.33% < 0.50%)
2026-06-20 04:32:06 [INFO] SOLUSDT Score=64 action=HOLD regime=trending_up | Pos=0/6 | Solde=936.71 ×0.94 | WR=28% PnL=-6.91
2026-06-20 04:33:10 [INFO] AVAXUSDT Score=68 action=BUY regime=ranging | Pos=0/6 | Solde=936.71 ×0.94 | WR=28% PnL=-6.91
2026-06-20 04:33:11 [BUY] Ordre limite | 12.6100 AVAXUSDT @ 5.9420 | Score=68 | SL=5.8966 TP1=6.0014 TP2=6.0314
2026-06-20 04:33:18 [BUY] Ordre rempli | 12.6100 AVAXUSDT @ 5.9420 | SL=5.8966 TP1=6.0014 TP2=6.0314 | Score=68 | ×0.94 compound
2026-06-20 04:37:18 [INFO] SOLUSDT Score=64 action=HOLD regime=trending_up | Pos=1/6 | Solde=861.72 ×0.94 | WR=28% PnL=-6.91
2026-06-20 04:37:34 [INFO] SOLUSDT Score=72 action=BUY regime=trending_up | Pos=1/6 | Solde=861.72 ×0.94 | WR=28% PnL=-6.91
2026-06-20 04:37:34 [INFO] SOLUSDT bloqué — ATR trop faible (0.35% < 0.50%)
2026-06-20 04:37:50 [INFO] SOLUSDT Score=64 action=HOLD regime=trending_up | Pos=1/6 | Solde=861.72 ×0.94 | WR=28% PnL=-6.91
2026-06-20 04:38:21 [INFO] AVAXUSDT Score=68 action=BUY regime=ranging | Pos=1/6 | Solde=861.72 ×0.94 | WR=28% PnL=-6.91
2026-06-20 04:39:56 [INFO] SOLUSDT Score=72 action=BUY regime=trending_up | Pos=1/6 | Solde=861.72 ×0.94 | WR=28% PnL=-6.91
2026-06-20 04:41:00 [INFO] SOLUSDT Score=64 action=HOLD regime=trending_up | Pos=1/6 | Solde=861.72 ×0.94 | WR=28% PnL=-6.91
2026-06-20 04:42:20 [INFO] SOLUSDT Score=72 action=BUY regime=trending_up | Pos=1/6 | Solde=861.72 ×0.94 | WR=28% PnL=-6.91
2026-06-20 04:42:36 [INFO] SOLUSDT bloqué — ATR trop faible (0.35% < 0.50%)
2026-06-20 04:43:08 [INFO] SOLUSDT bloque — 3 bougies baissières consecutives
2026-06-20 04:43:24 [INFO] AVAXUSDT Score=68 action=BUY regime=ranging | Pos=1/6 | Solde=861.72 ×0.94 | WR=28% PnL=-6.91
2026-06-20 04:45:16 [INFO] AVAXUSDT Score=61 action=HOLD regime=ranging | Pos=1/6 | Solde=861.72 ×0.94 | WR=28% PnL=-6.91
2026-06-20 04:47:23 [INFO] SOLUSDT Score=74 action=BUY regime=trending_up | Pos=1/6 | Solde=861.72 ×0.94 | WR=28% PnL=-6.91
2026-06-20 04:47:40 [INFO] SOLUSDT bloqué — ATR trop faible (0.34% < 0.50%)
2026-06-20 04:50:20 [INFO] AVAXUSDT Score=50 action=HOLD regime=ranging | Pos=1/6 | Solde=861.72 ×0.94 | WR=28% PnL=-6.91
2026-06-20 04:52:27 [INFO] SOLUSDT Score=74 action=BUY regime=trending_up | Pos=1/6 | Solde=861.72 ×0.94 | WR=28% PnL=-6.91
2026-06-20 04:52:43 [INFO] SOLUSDT bloqué — ATR trop faible (0.34% < 0.50%)
2026-06-20 04:55:23 [INFO] AVAXUSDT Score=64 action=HOLD regime=ranging | Pos=1/6 | Solde=861.72 ×0.94 | WR=28% PnL=-6.91
2026-06-20 04:57:30 [INFO] SOLUSDT Score=74 action=BUY regime=trending_up | Pos=1/6 | Solde=861.72 ×0.94 | WR=28% PnL=-6.91
2026-06-20 04:57:46 [INFO] SOLUSDT bloqué — ATR trop faible (0.34% < 0.50%)
2026-06-20 05:00:10 [INFO] SOLUSDT Score=62 action=HOLD regime=trending_up | Pos=1/6 | Solde=861.72 ×0.94 | WR=28% PnL=-6.91
2026-06-20 05:00:26 [INFO] AVAXUSDT Score=61 action=HOLD regime=ranging | Pos=1/6 | Solde=861.72 ×0.94 | WR=28% PnL=-6.91
2026-06-20 05:05:13 [INFO] SOLUSDT Score=60 action=HOLD regime=trending_up | Pos=1/6 | Solde=861.72 ×0.94 | WR=28% PnL=-6.91
2026-06-20 05:05:29 [INFO] AVAXUSDT Score=50 action=HOLD regime=ranging | Pos=1/6 | Solde=861.72 ×0.94 | WR=28% PnL=-6.91
2026-06-20 05:10:16 [INFO] SOLUSDT Score=60 action=HOLD regime=trending_up | Pos=1/6 | Solde=861.72 ×0.94 | WR=28% PnL=-6.91
2026-06-20 05:10:32 [INFO] AVAXUSDT Score=52 action=HOLD regime=ranging | Pos=1/6 | Solde=861.72 ×0.94 | WR=28% PnL=-6.91
2026-06-20 05:15:03 [INFO] SOLUSDT Score=72 action=BUY regime=trending_up | Pos=1/6 | Solde=861.72 ×0.94 | WR=28% PnL=-6.91
2026-06-20 05:15:04 [INFO] SOLUSDT bloqué — ATR trop faible (0.31% < 0.50%)
2026-06-20 05:15:36 [INFO] AVAXUSDT Score=61 action=HOLD regime=ranging | Pos=1/6 | Solde=861.72 ×0.94 | WR=28% PnL=-6.91
2026-06-20 05:16:07 [INFO] SOLUSDT Score=64 action=HOLD regime=trending_up | Pos=1/6 | Solde=861.72 ×0.94 | WR=28% PnL=-6.91
2026-06-20 05:18:31 [INFO] SOLUSDT Score=96 action=BUY regime=trending_up | Pos=1/6 | Solde=861.72 ×0.94 | WR=28% PnL=-6.91
2026-06-20 05:20:07 [INFO] SOLUSDT bloqué — ATR trop faible (0.33% < 0.50%)
2026-06-20 05:20:40 [INFO] AVAXUSDT Score=48 action=HOLD regime=ranging | Pos=1/6 | Solde=861.72 ×0.94 | WR=28% PnL=-6.91
2026-06-20 05:21:43 [INFO] SOLUSDT Score=56 action=HOLD regime=trending_up | Pos=1/6 | Solde=861.72 ×0.94 | WR=28% PnL=-6.91
2026-06-20 05:21:59 [INFO] SOLUSDT Score=96 action=BUY regime=trending_up | Pos=1/6 | Solde=861.72 ×0.94 | WR=28% PnL=-6.91
2026-06-20 05:23:51 [INFO] SOLUSDT Score=56 action=HOLD regime=trending_up | Pos=1/6 | Solde=861.72 ×0.94 | WR=28% PnL=-6.91
2026-06-20 05:24:55 [INFO] SOLUSDT Score=96 action=BUY regime=trending_up | Pos=1/6 | Solde=861.72 ×0.94 | WR=28% PnL=-6.91
2026-06-20 05:25:11 [INFO] SOLUSDT bloqué — ATR trop faible (0.33% < 0.50%)
2026-06-20 05:25:43 [INFO] AVAXUSDT Score=54 action=HOLD regime=ranging | Pos=1/6 | Solde=861.72 ×0.94 | WR=28% PnL=-6.91
2026-06-20 05:28:06 [INFO] SOLUSDT Score=56 action=HOLD regime=trending_up | Pos=1/6 | Solde=861.72 ×0.94 | WR=28% PnL=-6.91
2026-06-20 05:28:38 [INFO] SOLUSDT Score=96 action=BUY regime=trending_up | Pos=1/6 | Solde=861.72 ×0.94 | WR=28% PnL=-6.91
2026-06-20 05:30:14 [INFO] Fear & Greed index = 23/100
2026-06-20 05:30:15 [INFO] SOLUSDT bloqué — ATR trop faible (0.31% < 0.50%)
2026-06-20 05:30:47 [INFO] AVAXUSDT Score=61 action=HOLD regime=ranging | Pos=1/6 | Solde=861.72 ×0.94 | WR=28% PnL=-6.91
2026-06-20 05:33:10 [INFO] SOLUSDT Score=60 action=HOLD regime=trending_up | Pos=1/6 | Solde=861.72 ×0.94 | WR=28% PnL=-6.91
2026-06-20 05:33:58 [INFO] SOLUSDT Score=77 action=BUY regime=trending_up | Pos=1/6 | Solde=861.72 ×0.94 | WR=28% PnL=-6.91
2026-06-20 05:35:18 [INFO] SOLUSDT bloqué — ATR trop faible (0.32% < 0.50%)
2026-06-20 05:35:50 [INFO] AVAXUSDT Score=64 action=HOLD regime=ranging | Pos=1/6 | Solde=861.72 ×0.94 | WR=28% PnL=-6.91
2026-06-20 05:39:01 [INFO] SOLUSDT Score=80 action=BUY regime=trending_up | Pos=1/6 | Solde=861.72 ×0.94 | WR=28% PnL=-6.91
2026-06-20 05:40:05 [INFO] SOLUSDT Score=60 action=HOLD regime=trending_up | Pos=1/6 | Solde=861.72 ×0.94 | WR=28% PnL=-6.91
2026-06-20 05:40:05 [INFO] AVAXUSDT Score=73 action=BUY regime=trending_up | Pos=1/6 | Solde=861.72 ×0.94 | WR=28% PnL=-6.91
2026-06-20 05:43:32 [INFO] SOLUSDT Score=77 action=BUY regime=trending_up | Pos=1/6 | Solde=861.72 ×0.94 | WR=28% PnL=-6.91
2026-06-20 05:43:33 [INFO] SOLUSDT bloqué — ATR trop faible (0.33% < 0.50%)
2026-06-20 05:43:33 [INFO] AVAXUSDT Score=30 action=HOLD regime=ranging | Pos=1/6 | Solde=861.72 ×0.94 | WR=28% PnL=-6.91
2026-06-20 05:43:49 [INFO] SOLUSDT Score=60 action=HOLD regime=trending_up | Pos=1/6 | Solde=861.72 ×0.94 | WR=28% PnL=-6.91
2026-06-20 05:44:20 [INFO] SOLUSDT Score=77 action=BUY regime=trending_up | Pos=1/6 | Solde=861.72 ×0.94 | WR=28% PnL=-6.91
2026-06-20 05:44:52 [INFO] SOLUSDT Score=60 action=HOLD regime=trending_up | Pos=1/6 | Solde=861.72 ×0.94 | WR=28% PnL=-6.91
2026-06-20 05:45:24 [INFO] SOLUSDT Score=69 action=BUY regime=trending_up | Pos=1/6 | Solde=861.72 ×0.94 | WR=28% PnL=-6.91
2026-06-20 05:48:36 [INFO] SOLUSDT bloqué — ATR trop faible (0.31% < 0.50%)
2026-06-20 05:48:37 [INFO] AVAXUSDT Score=42 action=HOLD regime=ranging | Pos=1/6 | Solde=861.72 ×0.94 | WR=28% PnL=-6.91
2026-06-20 05:49:40 [INFO] SOLUSDT Score=60 action=HOLD regime=trending_up | Pos=1/6 | Solde=861.72 ×0.94 | WR=28% PnL=-6.91
2026-06-20 05:52:52 [INFO] SOLUSDT Score=69 action=BUY regime=trending_up | Pos=1/6 | Solde=861.72 ×0.94 | WR=28% PnL=-6.91
2026-06-20 05:53:40 [INFO] SOLUSDT bloqué — ATR trop faible (0.32% < 0.50%)
2026-06-20 05:53:40 [INFO] AVAXUSDT Score=50 action=HOLD regime=ranging | Pos=1/6 | Solde=861.72 ×0.94 | WR=28% PnL=-6.91
2026-06-20 05:57:55 [INFO] SOLUSDT Score=77 action=BUY regime=trending_up | Pos=1/6 | Solde=861.72 ×0.94 | WR=28% PnL=-6.91
2026-06-20 05:58:43 [INFO] SOLUSDT bloqué — ATR trop faible (0.32% < 0.50%)
2026-06-20 05:58:44 [INFO] AVAXUSDT Score=50 action=HOLD regime=ranging | Pos=1/6 | Solde=861.72 ×0.94 | WR=28% PnL=-6.91
2026-06-20 06:02:58 [INFO] SOLUSDT Score=82 action=BUY regime=trending_up | Pos=1/6 | Solde=861.72 ×0.94 | WR=28% PnL=-6.91
2026-06-20 06:03:46 [INFO] SOLUSDT bloqué — ATR trop faible (0.31% < 0.50%)
2026-06-20 06:03:47 [INFO] AVAXUSDT Score=54 action=HOLD regime=ranging | Pos=1/6 | Solde=861.72 ×0.94 | WR=28% PnL=-6.91
2026-06-20 06:08:02 [INFO] SOLUSDT Score=79 action=BUY regime=trending_up | Pos=1/6 | Solde=861.72 ×0.94 | WR=28% PnL=-6.91
2026-06-20 06:08:50 [INFO] SOLUSDT bloqué — ATR trop faible (0.31% < 0.50%)
2026-06-20 06:08:51 [INFO] AVAXUSDT Score=46 action=HOLD regime=ranging | Pos=1/6 | Solde=861.72 ×0.94 | WR=28% PnL=-6.91
2026-06-20 06:13:06 [INFO] SOLUSDT Score=80 action=BUY regime=trending_up | Pos=1/6 | Solde=861.72 ×0.94 | WR=28% PnL=-6.91
2026-06-20 06:13:54 [INFO] SOLUSDT bloqué — ATR trop faible (0.31% < 0.50%)
2026-06-20 06:13:54 [INFO] AVAXUSDT Score=54 action=HOLD regime=ranging | Pos=1/6 | Solde=861.72 ×0.94 | WR=28% PnL=-6.91
2026-06-20 06:18:09 [INFO] SOLUSDT Score=75 action=BUY regime=trending_up | Pos=1/6 | Solde=861.72 ×0.94 | WR=28% PnL=-6.91
2026-06-20 06:18:57 [INFO] SOLUSDT bloqué — ATR trop faible (0.30% < 0.50%)
2026-06-20 06:18:58 [INFO] AVAXUSDT Score=48 action=HOLD regime=ranging | Pos=1/6 | Solde=861.72 ×0.94 | WR=28% PnL=-6.91
2026-06-20 06:23:12 [INFO] SOLUSDT Score=70 action=BUY regime=trending_up | Pos=1/6 | Solde=861.72 ×0.94 | WR=28% PnL=-6.91
2026-06-20 06:24:00 [INFO] SOLUSDT bloqué — ATR trop faible (0.31% < 0.50%)
2026-06-20 06:24:01 [INFO] AVAXUSDT Score=40 action=HOLD regime=ranging | Pos=1/6 | Solde=861.72 ×0.94 | WR=28% PnL=-6.91
2026-06-20 06:27:28 [INFO] AVAXUSDT Score=71 action=BUY regime=trending_up | Pos=1/6 | Solde=861.72 ×0.94 | WR=28% PnL=-6.91
2026-06-20 06:28:16 [INFO] SOLUSDT Score=76 action=BUY regime=trending_up | Pos=1/6 | Solde=861.72 ×0.94 | WR=28% PnL=-6.91
2026-06-20 06:28:32 [INFO] AVAXUSDT Score=67 action=HOLD regime=trending_up | Pos=1/6 | Solde=861.72 ×0.94 | WR=28% PnL=-6.91
2026-06-20 06:29:04 [INFO] SOLUSDT bloqué — ATR trop faible (0.33% < 0.50%)
2026-06-20 06:29:36 [INFO] AVAXUSDT Score=71 action=BUY regime=trending_up | Pos=1/6 | Solde=861.72 ×0.94 | WR=28% PnL=-6.91
2026-06-20 06:29:52 [INFO] AVAXUSDT Score=67 action=HOLD regime=trending_up | Pos=1/6 | Solde=861.72 ×0.94 | WR=28% PnL=-6.91
2026-06-20 06:30:08 [INFO] SOLUSDT Score=58 action=HOLD regime=trending_up | Pos=1/6 | Solde=861.72 ×0.94 | WR=28% PnL=-6.91
2026-06-20 06:30:08 [INFO] AVAXUSDT Score=70 action=BUY regime=trending_up | Pos=1/6 | Solde=861.72 ×0.94 | WR=28% PnL=-6.91
2026-06-20 06:32:16 [INFO] AVAXUSDT Score=62 action=HOLD regime=trending_up | Pos=1/6 | Solde=861.72 ×0.94 | WR=28% PnL=-6.91
2026-06-20 06:35:11 [INFO] SOLUSDT Score=56 action=HOLD regime=trending_up | Pos=1/6 | Solde=861.72 ×0.94 | WR=28% PnL=-6.91
2026-06-20 06:37:19 [INFO] AVAXUSDT Score=59 action=HOLD regime=trending_up | Pos=1/6 | Solde=861.72 ×0.94 | WR=28% PnL=-6.91
2026-06-20 06:40:14 [INFO] SOLUSDT Score=56 action=HOLD regime=trending_up | Pos=1/6 | Solde=861.72 ×0.94 | WR=28% PnL=-6.91
2026-06-20 06:42:22 [INFO] AVAXUSDT Score=54 action=HOLD regime=trending_up | Pos=1/6 | Solde=861.72 ×0.94 | WR=28% PnL=-6.91
2026-06-20 06:45:17 [INFO] SOLUSDT Score=52 action=HOLD regime=trending_up | Pos=1/6 | Solde=861.72 ×0.94 | WR=28% PnL=-6.91
2026-06-20 06:47:25 [INFO] AVAXUSDT Score=59 action=HOLD regime=trending_up | Pos=1/6 | Solde=861.72 ×0.94 | WR=28% PnL=-6.91
2026-06-20 06:50:20 [INFO] SOLUSDT Score=48 action=HOLD regime=trending_up | Pos=1/6 | Solde=861.72 ×0.94 | WR=28% PnL=-6.91
2026-06-20 06:52:28 [INFO] AVAXUSDT Score=59 action=HOLD regime=trending_up | Pos=1/6 | Solde=861.72 ×0.94 | WR=28% PnL=-6.91
2026-06-20 06:55:23 [INFO] SOLUSDT Score=48 action=HOLD regime=trending_up | Pos=1/6 | Solde=861.72 ×0.94 | WR=28% PnL=-6.91
2026-06-20 06:57:31 [INFO] AVAXUSDT Score=59 action=HOLD regime=trending_up | Pos=1/6 | Solde=861.72 ×0.94 | WR=28% PnL=-6.91
2026-06-20 07:00:26 [INFO] SOLUSDT Score=48 action=HOLD regime=trending_up | Pos=1/6 | Solde=861.72 ×0.94 | WR=28% PnL=-6.91
2026-06-20 07:02:02 [INFO] SOLUSDT Score=68 action=BUY regime=trending_up | Pos=1/6 | Solde=861.72 ×0.94 | WR=28% PnL=-6.91
2026-06-20 07:02:02 [INFO] Fear & Greed index = 23/100
2026-06-20 07:02:03 [INFO] SOLUSDT bloqué — ATR trop faible (0.36% < 0.50%)
2026-06-20 07:02:19 [INFO] SOLUSDT Score=60 action=HOLD regime=trending_up | Pos=1/6 | Solde=861.72 ×0.94 | WR=28% PnL=-6.91
2026-06-20 07:02:35 [INFO] AVAXUSDT Score=62 action=HOLD regime=trending_up | Pos=1/6 | Solde=861.72 ×0.94 | WR=28% PnL=-6.91
2026-06-20 07:07:22 [INFO] SOLUSDT Score=48 action=HOLD regime=trending_up | Pos=1/6 | Solde=861.72 ×0.94 | WR=28% PnL=-6.91
2026-06-20 07:07:39 [INFO] AVAXUSDT Score=68 action=HOLD regime=trending_up | Pos=1/6 | Solde=861.72 ×0.94 | WR=28% PnL=-6.91
2026-06-20 07:08:58 [INFO] SOLUSDT Score=36 action=HOLD regime=volatile | Pos=1/6 | Solde=861.72 ×0.94 | WR=28% PnL=-6.91
2026-06-20 07:09:07 [TP1] 6.3050 AVAXUSDT @ 6.0020 | PnL=+0.3218 (+0.86%) | Compound ×0.90 | Session PnL=-6.59 WR=30% | Raison=tp1
2026-06-20 07:09:07 [INFO] Breakeven SL → 5.9598
2026-06-20 07:11:37 [TP2] 6.3050 AVAXUSDT @ 6.0370 | PnL=+0.5423 (+1.45%) | Compound ×0.94 | Session PnL=-6.05 WR=32% | Raison=tp2
2026-06-20 07:12:42 [INFO] AVAXUSDT Score=48 action=HOLD regime=trending_up | Pos=0/6 | Solde=937.57 ×0.94 | WR=32% PnL=-6.05
2026-06-20 07:14:01 [INFO] SOLUSDT Score=30 action=HOLD regime=volatile | Pos=0/6 | Solde=937.57 ×0.94 | WR=32% PnL=-6.05
2026-06-20 07:17:45 [INFO] AVAXUSDT Score=58 action=HOLD regime=trending_up | Pos=0/6 | Solde=937.57 ×0.94 | WR=32% PnL=-6.05
2026-06-20 07:19:04 [INFO] SOLUSDT Score=44 action=HOLD regime=volatile | Pos=0/6 | Solde=937.57 ×0.94 | WR=32% PnL=-6.05
2026-06-20 07:22:48 [INFO] AVAXUSDT Score=66 action=HOLD regime=trending_up | Pos=0/6 | Solde=937.57 ×0.94 | WR=32% PnL=-6.05
2026-06-20 07:24:07 [INFO] SOLUSDT Score=52 action=HOLD regime=volatile | Pos=0/6 | Solde=937.57 ×0.94 | WR=32% PnL=-6.05
2026-06-20 07:27:51 [INFO] AVAXUSDT Score=66 action=HOLD regime=trending_up | Pos=0/6 | Solde=937.57 ×0.94 | WR=32% PnL=-6.05
2026-06-20 07:29:11 [INFO] SOLUSDT Score=62 action=HOLD regime=volatile | Pos=0/6 | Solde=937.57 ×0.94 | WR=32% PnL=-6.05
2026-06-20 07:29:11 [INFO] AVAXUSDT Score=70 action=BUY regime=trending_up | Pos=0/6 | Solde=937.57 ×0.94 | WR=32% PnL=-6.05
2026-06-20 07:29:12 [BUY] Ordre limite | 12.4800 AVAXUSDT @ 6.0070 | Score=70 | SL=5.9589 TP1=6.0671 TP2=6.0974 TP3=6.1872
2026-06-20 07:29:29 [BUY] Ordre rempli | 12.4800 AVAXUSDT @ 6.0070 | SL=5.9589 TP1=6.0671 TP2=6.0974 | Score=70 | ×0.94 compound
2026-06-20 07:34:21 [INFO] SOLUSDT Score=56 action=HOLD regime=volatile | Pos=1/6 | Solde=862.55 ×0.94 | WR=32% PnL=-6.05
2026-06-20 07:34:22 [INFO] AVAXUSDT Score=66 action=HOLD regime=trending_up | Pos=1/6 | Solde=862.55 ×0.94 | WR=32% PnL=-6.05
2026-06-20 07:35:42 [INFO] AVAXUSDT Score=73 action=BUY regime=trending_up | Pos=1/6 | Solde=862.55 ×0.94 | WR=32% PnL=-6.05
2026-06-20 07:39:26 [INFO] SOLUSDT Score=56 action=HOLD regime=volatile | Pos=1/6 | Solde=862.55 ×0.94 | WR=32% PnL=-6.05
2026-06-20 07:40:46 [INFO] AVAXUSDT Score=73 action=BUY regime=trending_up | Pos=1/6 | Solde=862.55 ×0.94 | WR=32% PnL=-6.05
2026-06-20 07:44:29 [INFO] SOLUSDT Score=62 action=HOLD regime=volatile | Pos=1/6 | Solde=862.55 ×0.94 | WR=32% PnL=-6.05
2026-06-20 07:45:49 [INFO] AVAXUSDT Score=73 action=BUY regime=trending_up | Pos=1/6 | Solde=862.55 ×0.94 | WR=32% PnL=-6.05
2026-06-20 07:49:32 [INFO] SOLUSDT Score=56 action=HOLD regime=volatile | Pos=1/6 | Solde=862.55 ×0.94 | WR=32% PnL=-6.05
2026-06-20 07:50:52 [INFO] AVAXUSDT Score=76 action=BUY regime=trending_up | Pos=1/6 | Solde=862.55 ×0.94 | WR=32% PnL=-6.05
2026-06-20 07:54:36 [INFO] SOLUSDT Score=56 action=HOLD regime=volatile | Pos=1/6 | Solde=862.55 ×0.94 | WR=32% PnL=-6.05
2026-06-20 07:55:56 [INFO] AVAXUSDT Score=70 action=BUY regime=trending_up | Pos=1/6 | Solde=862.55 ×0.94 | WR=32% PnL=-6.05
2026-06-20 07:59:39 [INFO] SOLUSDT Score=56 action=HOLD regime=volatile | Pos=1/6 | Solde=862.55 ×0.94 | WR=32% PnL=-6.05
2026-06-20 08:00:59 [INFO] AVAXUSDT Score=73 action=BUY regime=trending_up | Pos=1/6 | Solde=862.55 ×0.94 | WR=32% PnL=-6.05
2026-06-20 08:01:15 [INFO] AVAXUSDT Score=62 action=HOLD regime=trending_up | Pos=1/6 | Solde=862.55 ×0.94 | WR=32% PnL=-6.05
2026-06-20 08:04:42 [INFO] SOLUSDT Score=56 action=HOLD regime=volatile | Pos=1/6 | Solde=862.55 ×0.94 | WR=32% PnL=-6.05
2026-06-20 08:06:18 [INFO] AVAXUSDT Score=62 action=HOLD regime=trending_up | Pos=1/6 | Solde=862.55 ×0.94 | WR=32% PnL=-6.05
2026-06-20 08:09:45 [INFO] SOLUSDT Score=56 action=HOLD regime=volatile | Pos=1/6 | Solde=862.55 ×0.94 | WR=32% PnL=-6.05
2026-06-20 08:11:22 [INFO] AVAXUSDT Score=58 action=HOLD regime=trending_up | Pos=1/6 | Solde=862.55 ×0.94 | WR=32% PnL=-6.05
2026-06-20 08:11:54 [INFO] AVAXUSDT Score=73 action=BUY regime=trending_up | Pos=1/6 | Solde=862.55 ×0.94 | WR=32% PnL=-6.05
2026-06-20 08:14:49 [INFO] SOLUSDT Score=56 action=HOLD regime=volatile | Pos=1/6 | Solde=862.55 ×0.94 | WR=32% PnL=-6.05
2026-06-20 08:16:57 [INFO] AVAXUSDT Score=73 action=BUY regime=trending_up | Pos=1/6 | Solde=862.55 ×0.94 | WR=32% PnL=-6.05
2026-06-20 08:19:52 [INFO] SOLUSDT Score=56 action=HOLD regime=volatile | Pos=1/6 | Solde=862.55 ×0.94 | WR=32% PnL=-6.05
2026-06-20 08:22:00 [INFO] AVAXUSDT Score=73 action=BUY regime=trending_up | Pos=1/6 | Solde=862.55 ×0.94 | WR=32% PnL=-6.05
2026-06-20 08:24:55 [INFO] SOLUSDT Score=49 action=HOLD regime=volatile | Pos=1/6 | Solde=862.55 ×0.94 | WR=32% PnL=-6.05
2026-06-20 08:27:03 [INFO] AVAXUSDT Score=70 action=BUY regime=trending_up | Pos=1/6 | Solde=862.55 ×0.94 | WR=32% PnL=-6.05
2026-06-20 08:28:07 [INFO] AVAXUSDT Score=62 action=HOLD regime=trending_up | Pos=1/6 | Solde=862.55 ×0.94 | WR=32% PnL=-6.05
2026-06-20 08:29:58 [INFO] SOLUSDT Score=62 action=HOLD regime=volatile | Pos=1/6 | Solde=862.55 ×0.94 | WR=32% PnL=-6.05
2026-06-20 08:30:15 [INFO] AVAXUSDT Score=78 action=BUY regime=trending_up | Pos=1/6 | Solde=862.55 ×0.94 | WR=32% PnL=-6.05
2026-06-20 08:35:02 [INFO] SOLUSDT Score=66 action=HOLD regime=volatile | Pos=1/6 | Solde=862.55 ×0.94 | WR=32% PnL=-6.05
2026-06-20 08:35:18 [INFO] AVAXUSDT Score=76 action=BUY regime=trending_up | Pos=1/6 | Solde=862.55 ×0.94 | WR=32% PnL=-6.05
2026-06-20 08:40:05 [INFO] SOLUSDT Score=49 action=HOLD regime=volatile | Pos=1/6 | Solde=862.55 ×0.94 | WR=32% PnL=-6.05
2026-06-20 08:40:22 [INFO] AVAXUSDT Score=80 action=BUY regime=trending_up | Pos=1/6 | Solde=862.55 ×0.94 | WR=32% PnL=-6.05
2026-06-20 08:45:09 [INFO] SOLUSDT Score=59 action=HOLD regime=volatile | Pos=1/6 | Solde=862.55 ×0.94 | WR=32% PnL=-6.05
2026-06-20 08:45:25 [INFO] AVAXUSDT Score=82 action=BUY regime=trending_up | Pos=1/6 | Solde=862.55 ×0.94 | WR=32% PnL=-6.05
2026-06-20 08:50:13 [INFO] SOLUSDT Score=56 action=HOLD regime=volatile | Pos=1/6 | Solde=862.55 ×0.94 | WR=32% PnL=-6.05
2026-06-20 08:50:30 [INFO] AVAXUSDT Score=82 action=BUY regime=trending_up | Pos=1/6 | Solde=862.55 ×0.94 | WR=32% PnL=-6.05
2026-06-20 08:53:57 [INFO] AVAXUSDT Score=47 action=HOLD regime=ranging | Pos=1/6 | Solde=862.55 ×0.94 | WR=32% PnL=-6.05
2026-06-20 08:53:58 [SL] 12.4800 AVAXUSDT @ 5.9450 | PnL=-0.8856 (-1.18%) | Compound ×0.94 | Session PnL=-6.93 WR=31% | Raison=sl
2026-06-20 08:54:13 [INFO] AVAXUSDT SL-cooldown actif — 885s restantes
2026-06-20 08:55:15 [INFO] SOLUSDT Score=56 action=HOLD regime=volatile | Pos=0/6 | Solde=936.68 ×0.94 | WR=31% PnL=-6.93
2026-06-20 08:59:22 [INFO] AVAXUSDT SL-cooldown actif — 575s restantes
2026-06-20 09:00:25 [INFO] SOLUSDT Score=64 action=HOLD regime=volatile | Pos=0/6 | Solde=936.68 ×0.94 | WR=31% PnL=-6.93
2026-06-20 09:02:29 [INFO] SOLUSDT Score=78 action=BUY regime=volatile | Pos=0/6 | Solde=936.68 ×0.94 | WR=31% PnL=-6.93
2026-06-20 09:04:32 [INFO] AVAXUSDT SL-cooldown actif — 265s restantes
2026-06-20 09:07:38 [INFO] SOLUSDT Score=78 action=BUY regime=volatile | Pos=0/6 | Solde=936.68 ×0.94 | WR=31% PnL=-6.93
2026-06-20 09:09:11 [INFO] AVAXUSDT Score=80 action=BUY regime=ranging | Pos=0/6 | Solde=936.68 ×0.94 | WR=31% PnL=-6.93
2026-06-20 09:09:11 [INFO] AVAXUSDT bloque — 3 bougies baissières consecutives
2026-06-20 09:09:27 [INFO] AVAXUSDT Score=56 action=HOLD regime=ranging | Pos=0/6 | Solde=936.68 ×0.94 | WR=31% PnL=-6.93
2026-06-20 09:11:03 [INFO] AVAXUSDT Score=85 action=BUY regime=trending_up | Pos=0/6 | Solde=936.68 ×0.94 | WR=31% PnL=-6.93
2026-06-20 09:11:04 [INFO] Fear & Greed index = 23/100
2026-06-20 09:11:04 [BUY] Ordre limite | 12.4600 AVAXUSDT @ 6.0120 | Score=85 | SL=5.9669 TP1=6.0751 TP2=6.1417 TP3=6.2683
2026-06-20 09:12:20 [INFO] Niveaux recalés +-0.0030 (fill=6.0120 vs close=6.0150)
2026-06-20 09:12:25 [BUY] Ordre rempli | 12.4600 AVAXUSDT @ 6.0120 | SL=5.9639 TP1=6.0721 TP2=6.1387 | Score=85 | ×0.94 compound
2026-06-20 09:12:53 [INFO] SOLUSDT Score=78 action=BUY regime=volatile | Pos=1/6 | Solde=861.72 ×0.94 | WR=31% PnL=-6.93
2026-06-20 09:15:18 [TP1] 6.2300 AVAXUSDT @ 6.1010 | PnL=+0.4979 (+1.33%) | Compound ×0.90 | Session PnL=-6.43 WR=33% | Raison=tp1
2026-06-20 09:15:18 [INFO] Breakeven SL → 6.0300
2026-06-20 09:16:15 [INFO] AVAXUSDT Score=48 action=HOLD regime=trending_up | Pos=1/6 | Solde=899.70 ×0.90 | WR=33% PnL=-6.43
2026-06-20 09:16:59 [SL] 6.2300 AVAXUSDT @ 6.0270 | PnL=+0.0372 (+0.10%) | Compound ×0.94 | Session PnL=-6.40 WR=35% | Raison=trailing_sl
2026-06-20 09:17:02 [INFO] AVAXUSDT SL-cooldown actif — 891s restantes
2026-06-20 09:18:04 [INFO] SOLUSDT Score=78 action=BUY regime=volatile | Pos=0/6 | Solde=937.22 ×0.94 | WR=35% PnL=-6.40
2026-06-20 09:22:12 [INFO] AVAXUSDT SL-cooldown actif — 582s restantes
2026-06-20 09:23:14 [INFO] SOLUSDT Score=78 action=BUY regime=volatile | Pos=0/6 | Solde=937.22 ×0.94 | WR=35% PnL=-6.40
2026-06-20 09:27:22 [INFO] AVAXUSDT SL-cooldown actif — 272s restantes
2026-06-20 09:28:24 [INFO] SOLUSDT Score=70 action=BUY regime=volatile | Pos=0/6 | Solde=937.22 ×0.94 | WR=35% PnL=-6.40
2026-06-20 09:30:13 [INFO] SOLUSDT Score=64 action=HOLD regime=volatile | Pos=0/6 | Solde=937.22 ×0.94 | WR=35% PnL=-6.40
2026-06-20 09:31:30 [INFO] SOLUSDT Score=74 action=BUY regime=volatile | Pos=0/6 | Solde=937.22 ×0.94 | WR=35% PnL=-6.40
2026-06-20 09:31:45 [INFO] SOLUSDT Score=64 action=HOLD regime=volatile | Pos=0/6 | Solde=937.22 ×0.94 | WR=35% PnL=-6.40
2026-06-20 09:32:01 [INFO] AVAXUSDT Score=42 action=HOLD regime=trending_up | Pos=0/6 | Solde=937.22 ×0.94 | WR=35% PnL=-6.40
2026-06-20 09:32:49 [INFO] SOLUSDT Score=74 action=BUY regime=volatile | Pos=0/6 | Solde=937.22 ×0.94 | WR=35% PnL=-6.40
2026-06-20 09:37:05 [INFO] AVAXUSDT Score=50 action=HOLD regime=trending_up | Pos=0/6 | Solde=937.22 ×0.94 | WR=35% PnL=-6.40
2026-06-20 09:37:52 [INFO] SOLUSDT Score=82 action=BUY regime=volatile | Pos=0/6 | Solde=937.22 ×0.94 | WR=35% PnL=-6.40
2026-06-20 09:42:08 [INFO] AVAXUSDT Score=50 action=HOLD regime=trending_up | Pos=0/6 | Solde=937.22 ×0.94 | WR=35% PnL=-6.40
2026-06-20 09:42:56 [INFO] SOLUSDT Score=82 action=BUY regime=volatile | Pos=0/6 | Solde=937.22 ×0.94 | WR=35% PnL=-6.40
2026-06-20 09:45:03 [INFO] SOLUSDT Score=41 action=HOLD regime=volatile | Pos=0/6 | Solde=937.22 ×0.94 | WR=35% PnL=-6.40
2026-06-20 09:47:11 [INFO] AVAXUSDT Score=63 action=HOLD regime=trending_up | Pos=0/6 | Solde=937.22 ×0.94 | WR=35% PnL=-6.40
2026-06-20 09:50:07 [INFO] SOLUSDT Score=38 action=HOLD regime=volatile | Pos=0/6 | Solde=937.22 ×0.94 | WR=35% PnL=-6.40
2026-06-20 09:51:27 [INFO] AVAXUSDT Score=73 action=BUY regime=trending_up | Pos=0/6 | Solde=937.22 ×0.94 | WR=35% PnL=-6.40
2026-06-20 09:51:27 [BUY] Ordre limite | 12.1800 AVAXUSDT @ 6.1520 | Score=73 | SL=6.1028 TP1=6.2135 TP2=6.3055 TP3=6.4591
2026-06-20 09:51:29 [BUY] Ordre rempli | 12.1800 AVAXUSDT @ 6.1520 | SL=6.1028 TP1=6.2135 TP2=6.3055 | Score=73 | ×0.94 compound
2026-06-20 09:55:20 [INFO] SOLUSDT Score=38 action=HOLD regime=volatile | Pos=1/6 | Solde=862.23 ×0.94 | WR=35% PnL=-6.40
2026-06-20 09:56:37 [INFO] AVAXUSDT Score=63 action=HOLD regime=trending_up | Pos=1/6 | Solde=862.23 ×0.94 | WR=35% PnL=-6.40
2026-06-20 10:00:05 [INFO] SOLUSDT Score=66 action=HOLD regime=trending_up | Pos=1/6 | Solde=862.23 ×0.94 | WR=35% PnL=-6.40
2026-06-20 10:01:41 [INFO] AVAXUSDT Score=66 action=HOLD regime=trending_up | Pos=1/6 | Solde=862.23 ×0.94 | WR=35% PnL=-6.40
2026-06-20 10:04:52 [INFO] SOLUSDT Score=76 action=BUY regime=trending_up | Pos=1/6 | Solde=862.23 ×0.94 | WR=35% PnL=-6.40
2026-06-20 10:04:52 [INFO] SOLUSDT bloqué — ATR trop faible (0.48% < 0.50%)
2026-06-20 10:05:08 [INFO] SOLUSDT Score=64 action=HOLD regime=trending_up | Pos=1/6 | Solde=862.23 ×0.94 | WR=35% PnL=-6.40
2026-06-20 10:06:44 [INFO] AVAXUSDT Score=63 action=HOLD regime=trending_up | Pos=1/6 | Solde=862.23 ×0.94 | WR=35% PnL=-6.40
2026-06-20 10:07:00 [INFO] AVAXUSDT Score=68 action=BUY regime=trending_up | Pos=1/6 | Solde=862.23 ×0.94 | WR=35% PnL=-6.40
2026-06-20 10:07:00 [INFO] AVAXUSDT bloque — 3 bougies baissières consecutives
2026-06-20 10:07:27 [SL] 12.1800 AVAXUSDT @ 6.1000 | PnL=-0.7453 (-0.99%) | Compound ×0.94 | Session PnL=-7.14 WR=34% | Raison=sl
2026-06-20 10:07:32 [INFO] AVAXUSDT SL-cooldown actif — 894s restantes
2026-06-20 10:10:23 [INFO] SOLUSDT Score=64 action=HOLD regime=trending_up | Pos=0/6 | Solde=936.47 ×0.94 | WR=34% PnL=-7.14
2026-06-20 10:12:42 [INFO] AVAXUSDT SL-cooldown actif — 584s restantes
2026-06-20 10:15:32 [INFO] SOLUSDT Score=64 action=HOLD regime=trending_up | Pos=0/6 | Solde=936.47 ×0.94 | WR=34% PnL=-7.14
2026-06-20 10:17:51 [INFO] AVAXUSDT SL-cooldown actif — 275s restantes
2026-06-20 10:20:42 [INFO] SOLUSDT Score=64 action=HOLD regime=trending_up | Pos=0/6 | Solde=936.47 ×0.94 | WR=34% PnL=-7.14
2026-06-20 10:22:30 [INFO] AVAXUSDT Score=68 action=BUY regime=trending_up | Pos=0/6 | Solde=936.47 ×0.94 | WR=34% PnL=-7.14
2026-06-20 10:22:30 [INFO] AVAXUSDT bloque — 3 bougies baissières consecutives
2026-06-20 10:25:57 [INFO] SOLUSDT Score=64 action=HOLD regime=trending_up | Pos=0/6 | Solde=936.47 ×0.94 | WR=34% PnL=-7.14
2026-06-20 10:27:34 [INFO] AVAXUSDT Score=68 action=BUY regime=trending_up | Pos=0/6 | Solde=936.47 ×0.94 | WR=34% PnL=-7.14
2026-06-20 10:27:34 [INFO] AVAXUSDT bloque — 3 bougies baissières consecutives
2026-06-20 10:30:14 [INFO] SOLUSDT Score=74 action=BUY regime=trending_up | Pos=0/6 | Solde=936.47 ×0.94 | WR=34% PnL=-7.14
2026-06-20 10:30:14 [INFO] Fear & Greed index = 23/100
2026-06-20 10:30:15 [INFO] SOLUSDT bloqué — ATR trop faible (0.43% < 0.50%)
2026-06-20 10:30:15 [BUY] Ordre limite | 12.2400 AVAXUSDT @ 6.1200 | Score=72 | SL=6.0710 TP1=6.1812 TP2=6.2573 TP3=6.3945
2026-06-20 10:30:31 [WARNING] Max drawdown 13.8% — achats suspendus
2026-06-20 10:30:46 [WARNING] Max drawdown 13.8% — achats suspendus
2026-06-20 10:31:02 [WARNING] Max drawdown 13.8% — achats suspendus
2026-06-20 10:31:17 [WARNING] Max drawdown 13.8% — achats suspendus
2026-06-20 10:31:33 [WARNING] Max drawdown 13.8% — achats suspendus
2026-06-20 10:31:48 [WARNING] Max drawdown 13.8% — achats suspendus
2026-06-20 10:32:04 [WARNING] Max drawdown 13.8% — achats suspendus
2026-06-20 10:32:19 [WARNING] Max drawdown 13.8% — achats suspendus
2026-06-20 10:32:35 [WARNING] Max drawdown 13.8% — achats suspendus
2026-06-20 10:32:50 [WARNING] Max drawdown 13.8% — achats suspendus
2026-06-20 10:33:06 [WARNING] Max drawdown 13.8% — achats suspendus
2026-06-20 10:33:21 [WARNING] Max drawdown 13.8% — achats suspendus
2026-06-20 10:33:37 [WARNING] Max drawdown 13.8% — achats suspendus
2026-06-20 10:33:52 [WARNING] Max drawdown 13.8% — achats suspendus
2026-06-20 10:34:08 [INFO] SOLUSDT Score=64 action=HOLD regime=trending_up | Pos=0/6 | Solde=861.51 ×0.94 | WR=34% PnL=-7.14
2026-06-20 10:35:17 [INFO] Limite AVAXUSDT annulée (timeout 301s)
2026-06-20 10:35:25 [INFO] AVAXUSDT Score=72 action=BUY regime=trending_up | Pos=0/6 | Solde=936.47 ×0.94 | WR=34% PnL=-7.14
2026-06-20 10:35:25 [INFO] AVAXUSDT bloque — 3 bougies baissières consecutives
2026-06-20 10:37:18 [BUY] Ordre limite | 12.2000 AVAXUSDT @ 6.1390 | Score=68 | SL=6.0889 TP1=6.1994 TP2=6.2793 TP3=6.4207
2026-06-20 10:37:18 [INFO] Niveaux recalés ++0.0010 (fill=6.1390 vs close=6.1380)
2026-06-20 10:37:18 [BUY] Ordre rempli | 12.2000 AVAXUSDT @ 6.1390 | SL=6.0899 TP1=6.2004 TP2=6.2803 | Score=68 | ×0.94 compound
2026-06-20 10:39:21 [INFO] SOLUSDT Score=60 action=HOLD regime=trending_up | Pos=1/6 | Solde=861.52 ×0.94 | WR=34% PnL=-7.14
2026-06-20 10:42:28 [INFO] AVAXUSDT Score=63 action=HOLD regime=trending_up | Pos=1/6 | Solde=861.52 ×0.94 | WR=34% PnL=-7.14
2026-06-20 10:44:35 [INFO] SOLUSDT Score=60 action=HOLD regime=trending_up | Pos=1/6 | Solde=861.52 ×0.94 | WR=34% PnL=-7.14
2026-06-20 10:45:08 [INFO] AVAXUSDT Score=72 action=BUY regime=trending_up | Pos=1/6 | Solde=861.52 ×0.94 | WR=34% PnL=-7.14
2026-06-20 10:47:31 [INFO] AVAXUSDT Score=58 action=HOLD regime=trending_up | Pos=1/6 | Solde=861.52 ×0.94 | WR=34% PnL=-7.14
2026-06-20 10:49:23 [INFO] AVAXUSDT Score=68 action=BUY regime=trending_up | Pos=1/6 | Solde=861.52 ×0.94 | WR=34% PnL=-7.14
2026-06-20 10:49:38 [INFO] SOLUSDT Score=64 action=HOLD regime=trending_up | Pos=1/6 | Solde=861.52 ×0.94 | WR=34% PnL=-7.14
2026-06-20 10:54:27 [INFO] AVAXUSDT Score=78 action=BUY regime=trending_up | Pos=1/6 | Solde=861.52 ×0.94 | WR=34% PnL=-7.14
2026-06-20 10:54:42 [INFO] SOLUSDT Score=64 action=HOLD regime=trending_up | Pos=1/6 | Solde=861.52 ×0.94 | WR=34% PnL=-7.14
2026-06-20 10:59:30 [INFO] AVAXUSDT Score=78 action=BUY regime=trending_up | Pos=1/6 | Solde=861.52 ×0.94 | WR=34% PnL=-7.14
2026-06-20 10:59:46 [INFO] SOLUSDT Score=64 action=HOLD regime=trending_up | Pos=1/6 | Solde=861.52 ×0.94 | WR=34% PnL=-7.14
2026-06-20 11:02:25 [INFO] SOLUSDT Score=70 action=BUY regime=trending_up | Pos=1/6 | Solde=861.52 ×0.94 | WR=34% PnL=-7.14
2026-06-20 11:02:26 [INFO] SOLUSDT bloqué — ATR trop faible (0.42% < 0.50%)
2026-06-20 11:02:26 [INFO] AVAXUSDT Score=54 action=HOLD regime=trending_up | Pos=1/6 | Solde=861.52 ×0.94 | WR=34% PnL=-7.14
2026-06-20 11:07:29 [INFO] SOLUSDT Score=70 action=BUY regime=trending_up | Pos=1/6 | Solde=861.52 ×0.94 | WR=34% PnL=-7.14
2026-06-20 11:07:29 [INFO] SOLUSDT bloqué — ATR trop faible (0.42% < 0.50%)
2026-06-20 11:07:30 [INFO] AVAXUSDT Score=54 action=HOLD regime=trending_up | Pos=1/6 | Solde=861.52 ×0.94 | WR=34% PnL=-7.14
2026-06-20 11:08:33 [INFO] SOLUSDT Score=60 action=HOLD regime=trending_up | Pos=1/6 | Solde=861.52 ×0.94 | WR=34% PnL=-7.14
2026-06-20 11:11:18 [TP1] 6.1000 AVAXUSDT @ 6.2010 | PnL=+0.3217 (+0.86%) | Compound ×0.90 | Session PnL=-6.82 WR=36% | Raison=tp1
2026-06-20 11:11:18 [INFO] Breakeven SL → 6.1574
2026-06-20 11:12:33 [INFO] AVAXUSDT Score=54 action=HOLD regime=trending_up | Pos=1/6 | Solde=899.32 ×0.90 | WR=36% PnL=-6.82
2026-06-20 11:13:37 [INFO] SOLUSDT Score=60 action=HOLD regime=trending_up | Pos=1/6 | Solde=899.32 ×0.90 | WR=36% PnL=-6.82
2026-06-20 11:15:13 [INFO] AVAXUSDT Score=71 action=BUY regime=trending_up | Pos=1/6 | Solde=899.32 ×0.90 | WR=36% PnL=-6.82
2026-06-20 11:18:40 [INFO] SOLUSDT Score=54 action=HOLD regime=trending_up | Pos=1/6 | Solde=899.32 ×0.90 | WR=36% PnL=-6.82
2026-06-20 11:20:17 [INFO] AVAXUSDT Score=77 action=BUY regime=trending_up | Pos=1/6 | Solde=899.32 ×0.90 | WR=36% PnL=-6.82
2026-06-20 11:23:43 [INFO] SOLUSDT Score=64 action=HOLD regime=trending_up | Pos=1/6 | Solde=899.32 ×0.90 | WR=36% PnL=-6.82
2026-06-20 11:24:31 [INFO] SOLUSDT Score=76 action=BUY regime=trending_up | Pos=1/6 | Solde=899.32 ×0.90 | WR=36% PnL=-6.82
2026-06-20 11:24:31 [INFO] SOLUSDT bloqué — ATR trop faible (0.41% < 0.50%)
2026-06-20 11:25:03 [INFO] SOLUSDT Score=64 action=HOLD regime=trending_up | Pos=1/6 | Solde=899.32 ×0.90 | WR=36% PnL=-6.82
2026-06-20 11:25:20 [INFO] AVAXUSDT Score=72 action=BUY regime=trending_up | Pos=1/6 | Solde=899.32 ×0.90 | WR=36% PnL=-6.82
2026-06-20 11:28:31 [INFO] SOLUSDT Score=76 action=BUY regime=trending_up | Pos=1/6 | Solde=899.32 ×0.90 | WR=36% PnL=-6.82
2026-06-20 11:29:35 [INFO] SOLUSDT Score=66 action=HOLD regime=trending_up | Pos=1/6 | Solde=899.32 ×0.90 | WR=36% PnL=-6.82
2026-06-20 11:30:24 [INFO] AVAXUSDT Score=72 action=BUY regime=trending_up | Pos=1/6 | Solde=899.32 ×0.90 | WR=36% PnL=-6.82
2026-06-20 11:34:39 [INFO] SOLUSDT Score=60 action=HOLD regime=trending_up | Pos=1/6 | Solde=899.32 ×0.90 | WR=36% PnL=-6.82
2026-06-20 11:35:27 [INFO] AVAXUSDT Score=68 action=BUY regime=trending_up | Pos=1/6 | Solde=899.32 ×0.90 | WR=36% PnL=-6.82
2026-06-20 11:36:31 [INFO] AVAXUSDT Score=63 action=HOLD regime=trending_up | Pos=1/6 | Solde=899.32 ×0.90 | WR=36% PnL=-6.82
2026-06-20 11:38:06 [INFO] AVAXUSDT Score=68 action=BUY regime=trending_up | Pos=1/6 | Solde=899.32 ×0.90 | WR=36% PnL=-6.82
2026-06-20 11:39:42 [INFO] SOLUSDT Score=60 action=HOLD regime=trending_up | Pos=1/6 | Solde=899.32 ×0.90 | WR=36% PnL=-6.82
2026-06-20 11:43:09 [INFO] AVAXUSDT Score=72 action=BUY regime=trending_up | Pos=1/6 | Solde=899.32 ×0.90 | WR=36% PnL=-6.82
2026-06-20 11:44:45 [INFO] SOLUSDT Score=52 action=HOLD regime=trending_up | Pos=1/6 | Solde=899.32 ×0.90 | WR=36% PnL=-6.82
2026-06-20 11:48:13 [INFO] AVAXUSDT Score=76 action=BUY regime=trending_up | Pos=1/6 | Solde=899.32 ×0.90 | WR=36% PnL=-6.82
2026-06-20 11:49:48 [INFO] SOLUSDT Score=52 action=HOLD regime=trending_up | Pos=1/6 | Solde=899.32 ×0.90 | WR=36% PnL=-6.82
2026-06-20 11:53:17 [INFO] AVAXUSDT Score=72 action=BUY regime=trending_up | Pos=1/6 | Solde=899.32 ×0.90 | WR=36% PnL=-6.82
2026-06-20 11:54:53 [INFO] SOLUSDT Score=52 action=HOLD regime=trending_up | Pos=1/6 | Solde=899.32 ×0.90 | WR=36% PnL=-6.82
2026-06-20 11:58:21 [INFO] AVAXUSDT Score=72 action=BUY regime=trending_up | Pos=1/6 | Solde=899.32 ×0.90 | WR=36% PnL=-6.82
2026-06-20 11:59:57 [INFO] SOLUSDT Score=54 action=HOLD regime=trending_up | Pos=1/6 | Solde=899.32 ×0.90 | WR=36% PnL=-6.82
2026-06-20 12:03:24 [INFO] AVAXUSDT Score=86 action=BUY regime=trending_up | Pos=1/6 | Solde=899.32 ×0.90 | WR=36% PnL=-6.82
2026-06-20 12:05:00 [INFO] SOLUSDT Score=64 action=HOLD regime=trending_up | Pos=1/6 | Solde=899.32 ×0.90 | WR=36% PnL=-6.82
2026-06-20 12:05:16 [INFO] SOLUSDT Score=72 action=BUY regime=trending_up | Pos=1/6 | Solde=899.32 ×0.90 | WR=36% PnL=-6.82
2026-06-20 12:05:17 [INFO] Fear & Greed index = 23/100
2026-06-20 12:05:17 [INFO] SOLUSDT bloqué — ATR trop faible (0.37% < 0.50%)
2026-06-20 12:05:33 [INFO] SOLUSDT Score=62 action=HOLD regime=trending_up | Pos=1/6 | Solde=899.32 ×0.90 | WR=36% PnL=-6.82
2026-06-20 12:08:29 [INFO] AVAXUSDT Score=86 action=BUY regime=trending_up | Pos=1/6 | Solde=899.32 ×0.90 | WR=36% PnL=-6.82
2026-06-20 12:10:36 [INFO] SOLUSDT Score=64 action=HOLD regime=trending_up | Pos=1/6 | Solde=899.32 ×0.90 | WR=36% PnL=-6.82
2026-06-20 12:13:32 [INFO] AVAXUSDT Score=82 action=BUY regime=trending_up | Pos=1/6 | Solde=899.32 ×0.90 | WR=36% PnL=-6.82
2026-06-20 12:15:39 [INFO] SOLUSDT Score=54 action=HOLD regime=trending_up | Pos=1/6 | Solde=899.32 ×0.90 | WR=36% PnL=-6.82
2026-06-20 12:18:35 [INFO] AVAXUSDT Score=74 action=BUY regime=trending_up | Pos=1/6 | Solde=899.32 ×0.90 | WR=36% PnL=-6.82
2026-06-20 12:20:42 [INFO] SOLUSDT Score=62 action=HOLD regime=trending_up | Pos=1/6 | Solde=899.32 ×0.90 | WR=36% PnL=-6.82
2026-06-20 12:23:38 [INFO] AVAXUSDT Score=82 action=BUY regime=trending_up | Pos=1/6 | Solde=899.32 ×0.90 | WR=36% PnL=-6.82
2026-06-20 12:25:45 [INFO] SOLUSDT Score=66 action=HOLD regime=trending_up | Pos=1/6 | Solde=899.32 ×0.90 | WR=36% PnL=-6.82
2026-06-20 12:26:01 [INFO] SOLUSDT Score=72 action=BUY regime=trending_up | Pos=1/6 | Solde=899.32 ×0.90 | WR=36% PnL=-6.82
2026-06-20 12:26:02 [INFO] SOLUSDT bloqué — ATR trop faible (0.36% < 0.50%)
2026-06-20 12:26:49 [INFO] SOLUSDT Score=66 action=HOLD regime=trending_up | Pos=1/6 | Solde=899.32 ×0.90 | WR=36% PnL=-6.82
2026-06-20 12:27:05 [INFO] SOLUSDT Score=72 action=BUY regime=trending_up | Pos=1/6 | Solde=899.32 ×0.90 | WR=36% PnL=-6.82
2026-06-20 12:27:21 [INFO] SOLUSDT Score=66 action=HOLD regime=trending_up | Pos=1/6 | Solde=899.32 ×0.90 | WR=36% PnL=-6.82
2026-06-20 12:27:37 [INFO] SOLUSDT Score=72 action=BUY regime=trending_up | Pos=1/6 | Solde=899.32 ×0.90 | WR=36% PnL=-6.82
2026-06-20 12:28:42 [INFO] AVAXUSDT Score=72 action=BUY regime=trending_up | Pos=1/6 | Solde=899.32 ×0.90 | WR=36% PnL=-6.82
2026-06-20 12:30:17 [INFO] SOLUSDT Score=64 action=HOLD regime=trending_up | Pos=1/6 | Solde=899.32 ×0.90 | WR=36% PnL=-6.82
2026-06-20 12:33:45 [INFO] AVAXUSDT Score=82 action=BUY regime=trending_up | Pos=1/6 | Solde=899.32 ×0.90 | WR=36% PnL=-6.82
2026-06-20 12:35:20 [INFO] SOLUSDT Score=62 action=HOLD regime=trending_up | Pos=1/6 | Solde=899.32 ×0.90 | WR=36% PnL=-6.82
2026-06-20 12:38:49 [INFO] AVAXUSDT Score=82 action=BUY regime=trending_up | Pos=1/6 | Solde=899.32 ×0.90 | WR=36% PnL=-6.82
2026-06-20 12:40:24 [INFO] SOLUSDT Score=46 action=HOLD regime=trending_up | Pos=1/6 | Solde=899.32 ×0.90 | WR=36% PnL=-6.82
2026-06-20 12:43:52 [INFO] AVAXUSDT Score=90 action=BUY regime=trending_up | Pos=1/6 | Solde=899.32 ×0.90 | WR=36% PnL=-6.82
2026-06-20 12:45:12 [INFO] AVAXUSDT Score=45 action=HOLD regime=trending_up | Pos=1/6 | Solde=899.32 ×0.90 | WR=36% PnL=-6.82
2026-06-20 12:45:27 [INFO] SOLUSDT Score=62 action=HOLD regime=trending_up | Pos=1/6 | Solde=899.32 ×0.90 | WR=36% PnL=-6.82
2026-06-20 12:49:27 [INFO] AVAXUSDT Score=82 action=BUY regime=trending_up | Pos=1/6 | Solde=899.32 ×0.90 | WR=36% PnL=-6.82
2026-06-20 12:50:30 [INFO] SOLUSDT Score=62 action=HOLD regime=trending_up | Pos=1/6 | Solde=899.32 ×0.90 | WR=36% PnL=-6.82
2026-06-20 12:51:50 [INFO] SOLUSDT Score=72 action=BUY regime=trending_up | Pos=1/6 | Solde=899.32 ×0.90 | WR=36% PnL=-6.82
2026-06-20 12:51:50 [INFO] SOLUSDT bloqué — ATR trop faible (0.36% < 0.50%)
2026-06-20 12:54:30 [INFO] AVAXUSDT Score=82 action=BUY regime=trending_up | Pos=1/6 | Solde=899.32 ×0.90 | WR=36% PnL=-6.82
2026-06-20 12:56:53 [INFO] SOLUSDT Score=72 action=BUY regime=trending_up | Pos=1/6 | Solde=899.32 ×0.90 | WR=36% PnL=-6.82
2026-06-20 12:56:54 [INFO] SOLUSDT bloqué — ATR trop faible (0.36% < 0.50%)
2026-06-20 12:59:34 [INFO] AVAXUSDT Score=74 action=BUY regime=trending_up | Pos=1/6 | Solde=899.32 ×0.90 | WR=36% PnL=-6.82
2026-06-20 13:00:05 [INFO] SOLUSDT Score=56 action=HOLD regime=trending_up | Pos=1/6 | Solde=899.32 ×0.90 | WR=36% PnL=-6.82
2026-06-20 13:04:37 [INFO] AVAXUSDT Score=74 action=BUY regime=trending_up | Pos=1/6 | Solde=899.32 ×0.90 | WR=36% PnL=-6.82
2026-06-20 13:05:08 [INFO] SOLUSDT Score=54 action=HOLD regime=trending_up | Pos=1/6 | Solde=899.32 ×0.90 | WR=36% PnL=-6.82
2026-06-20 13:05:57 [INFO] AVAXUSDT Score=42 action=HOLD regime=trending_up | Pos=1/6 | Solde=899.32 ×0.90 | WR=36% PnL=-6.82
2026-06-20 13:08:36 [INFO] SOLUSDT Score=74 action=BUY regime=trending_up | Pos=1/6 | Solde=899.32 ×0.90 | WR=36% PnL=-6.82
2026-06-20 13:08:36 [INFO] Fear & Greed index = 23/100
2026-06-20 13:08:37 [INFO] SOLUSDT bloqué — ATR trop faible (0.36% < 0.50%)
2026-06-20 13:09:09 [INFO] SOLUSDT Score=64 action=HOLD regime=trending_up | Pos=1/6 | Solde=899.32 ×0.90 | WR=36% PnL=-6.82
2026-06-20 13:09:41 [INFO] SOLUSDT Score=74 action=BUY regime=trending_up | Pos=1/6 | Solde=899.32 ×0.90 | WR=36% PnL=-6.82
2026-06-20 13:10:28 [INFO] SOLUSDT Score=64 action=HOLD regime=trending_up | Pos=1/6 | Solde=899.32 ×0.90 | WR=36% PnL=-6.82
2026-06-20 13:11:00 [INFO] SOLUSDT Score=74 action=BUY regime=trending_up | Pos=1/6 | Solde=899.32 ×0.90 | WR=36% PnL=-6.82
2026-06-20 13:11:01 [INFO] AVAXUSDT Score=40 action=HOLD regime=trending_up | Pos=1/6 | Solde=899.32 ×0.90 | WR=36% PnL=-6.82
2026-06-20 13:12:04 [INFO] AVAXUSDT SL-cooldown actif — 899s restantes
2026-06-20 13:12:04 [SL] 6.1000 AVAXUSDT @ 6.1570 | PnL=+0.0535 (+0.14%) | Compound ×0.94 | Session PnL=-6.77 WR=38% | Raison=trailing_sl
2026-06-20 13:12:20 [INFO] SOLUSDT Score=64 action=HOLD regime=trending_up | Pos=0/6 | Solde=936.85 ×0.94 | WR=38% PnL=-6.77
2026-06-20 13:13:06 [INFO] SOLUSDT Score=74 action=BUY regime=trending_up | Pos=0/6 | Solde=936.85 ×0.94 | WR=38% PnL=-6.77
2026-06-20 13:13:37 [INFO] SOLUSDT bloqué — ATR trop faible (0.36% < 0.50%)
2026-06-20 13:14:55 [INFO] SOLUSDT Score=62 action=HOLD regime=trending_up | Pos=0/6 | Solde=936.85 ×0.94 | WR=38% PnL=-6.77
2026-06-20 13:15:41 [INFO] SOLUSDT Score=74 action=BUY regime=trending_up | Pos=0/6 | Solde=936.85 ×0.94 | WR=38% PnL=-6.77
2026-06-20 13:15:57 [INFO] SOLUSDT Score=64 action=HOLD regime=trending_up | Pos=0/6 | Solde=936.85 ×0.94 | WR=38% PnL=-6.77
2026-06-20 13:16:12 [INFO] SOLUSDT Score=74 action=BUY regime=trending_up | Pos=0/6 | Solde=936.85 ×0.94 | WR=38% PnL=-6.77
2026-06-20 13:16:28 [INFO] SOLUSDT Score=64 action=HOLD regime=trending_up | Pos=0/6 | Solde=936.85 ×0.94 | WR=38% PnL=-6.77
2026-06-20 13:16:43 [INFO] SOLUSDT Score=72 action=BUY regime=trending_up | Pos=0/6 | Solde=936.85 ×0.94 | WR=38% PnL=-6.77
2026-06-20 13:17:14 [INFO] AVAXUSDT SL-cooldown actif — 590s restantes
2026-06-20 13:17:29 [INFO] SOLUSDT Score=62 action=HOLD regime=trending_up | Pos=0/6 | Solde=936.85 ×0.94 | WR=38% PnL=-6.77
2026-06-20 13:19:33 [INFO] SOLUSDT Score=74 action=BUY regime=trending_up | Pos=0/6 | Solde=936.85 ×0.94 | WR=38% PnL=-6.77
2026-06-20 13:19:34 [INFO] SOLUSDT bloqué — ATR trop faible (0.35% < 0.50%)
2026-06-20 13:22:24 [INFO] SOLUSDT Score=64 action=HOLD regime=trending_up | Pos=0/6 | Solde=936.85 ×0.94 | WR=38% PnL=-6.77
2026-06-20 13:22:24 [INFO] AVAXUSDT SL-cooldown actif — 280s restantes
2026-06-20 13:27:18 [INFO] AVAXUSDT Score=52 action=HOLD regime=trending_up | Pos=0/6 | Solde=936.85 ×0.94 | WR=38% PnL=-6.77
2026-06-20 13:27:34 [INFO] SOLUSDT Score=64 action=HOLD regime=trending_up | Pos=0/6 | Solde=936.85 ×0.94 | WR=38% PnL=-6.77
2026-06-20 13:32:21 [INFO] AVAXUSDT Score=60 action=HOLD regime=trending_up | Pos=0/6 | Solde=936.85 ×0.94 | WR=38% PnL=-6.77
2026-06-20 13:32:37 [INFO] SOLUSDT Score=64 action=HOLD regime=trending_up | Pos=0/6 | Solde=936.85 ×0.94 | WR=38% PnL=-6.77
2026-06-20 13:37:26 [INFO] AVAXUSDT Score=60 action=HOLD regime=trending_up | Pos=0/6 | Solde=936.85 ×0.94 | WR=38% PnL=-6.77
2026-06-20 13:37:42 [INFO] SOLUSDT Score=62 action=HOLD regime=trending_up | Pos=0/6 | Solde=936.85 ×0.94 | WR=38% PnL=-6.77
2026-06-20 13:42:29 [INFO] AVAXUSDT Score=60 action=HOLD regime=trending_up | Pos=0/6 | Solde=936.85 ×0.94 | WR=38% PnL=-6.77
2026-06-20 13:42:45 [INFO] SOLUSDT Score=54 action=HOLD regime=trending_up | Pos=0/6 | Solde=936.85 ×0.94 | WR=38% PnL=-6.77
2026-06-20 13:47:32 [INFO] AVAXUSDT Score=52 action=HOLD regime=trending_up | Pos=0/6 | Solde=936.85 ×0.94 | WR=38% PnL=-6.77
2026-06-20 13:47:48 [INFO] SOLUSDT Score=51 action=HOLD regime=trending_up | Pos=0/6 | Solde=936.85 ×0.94 | WR=38% PnL=-6.77
2026-06-20 13:52:35 [INFO] AVAXUSDT Score=60 action=HOLD regime=trending_up | Pos=0/6 | Solde=936.85 ×0.94 | WR=38% PnL=-6.77
2026-06-20 13:52:51 [INFO] SOLUSDT Score=44 action=HOLD regime=trending_up | Pos=0/6 | Solde=936.85 ×0.94 | WR=38% PnL=-6.77
2026-06-20 13:57:38 [INFO] AVAXUSDT Score=50 action=HOLD regime=trending_up | Pos=0/6 | Solde=936.85 ×0.94 | WR=38% PnL=-6.77
2026-06-20 13:57:54 [INFO] SOLUSDT Score=51 action=HOLD regime=trending_up | Pos=0/6 | Solde=936.85 ×0.94 | WR=38% PnL=-6.77
2026-06-20 14:02:42 [INFO] AVAXUSDT Score=60 action=HOLD regime=trending_up | Pos=0/6 | Solde=936.85 ×0.94 | WR=38% PnL=-6.77
2026-06-20 14:02:57 [INFO] SOLUSDT Score=62 action=HOLD regime=trending_up | Pos=0/6 | Solde=936.85 ×0.94 | WR=38% PnL=-6.77
2026-06-20 14:07:45 [INFO] AVAXUSDT Score=60 action=HOLD regime=trending_up | Pos=0/6 | Solde=936.85 ×0.94 | WR=38% PnL=-6.77
2026-06-20 14:08:01 [INFO] SOLUSDT Score=58 action=HOLD regime=trending_up | Pos=0/6 | Solde=936.85 ×0.94 | WR=38% PnL=-6.77
2026-06-20 14:12:50 [INFO] AVAXUSDT Score=60 action=HOLD regime=trending_up | Pos=0/6 | Solde=936.85 ×0.94 | WR=38% PnL=-6.77
2026-06-20 14:13:06 [INFO] SOLUSDT Score=54 action=HOLD regime=trending_up | Pos=0/6 | Solde=936.85 ×0.94 | WR=38% PnL=-6.77
2026-06-20 14:17:53 [INFO] AVAXUSDT Score=52 action=HOLD regime=trending_up | Pos=0/6 | Solde=936.85 ×0.94 | WR=38% PnL=-6.77
2026-06-20 14:18:09 [INFO] SOLUSDT Score=54 action=HOLD regime=trending_up | Pos=0/6 | Solde=936.85 ×0.94 | WR=38% PnL=-6.77
2026-06-20 14:22:56 [INFO] AVAXUSDT Score=52 action=HOLD regime=trending_up | Pos=0/6 | Solde=936.85 ×0.94 | WR=38% PnL=-6.77
2026-06-20 14:23:12 [INFO] SOLUSDT Score=56 action=HOLD regime=trending_up | Pos=0/6 | Solde=936.85 ×0.94 | WR=38% PnL=-6.77
2026-06-20 14:27:59 [INFO] AVAXUSDT Score=52 action=HOLD regime=trending_up | Pos=0/6 | Solde=936.85 ×0.94 | WR=38% PnL=-6.77
2026-06-20 14:28:15 [INFO] SOLUSDT Score=56 action=HOLD regime=trending_up | Pos=0/6 | Solde=936.85 ×0.94 | WR=38% PnL=-6.77
2026-06-20 14:33:02 [INFO] AVAXUSDT Score=52 action=HOLD regime=trending_up | Pos=0/6 | Solde=936.85 ×0.94 | WR=38% PnL=-6.77
2026-06-20 14:33:18 [INFO] SOLUSDT Score=62 action=HOLD regime=trending_up | Pos=0/6 | Solde=936.85 ×0.94 | WR=38% PnL=-6.77
2026-06-20 14:34:54 [INFO] SOLUSDT Score=70 action=BUY regime=trending_up | Pos=0/6 | Solde=936.85 ×0.94 | WR=38% PnL=-6.77
2026-06-20 14:34:54 [INFO] Fear & Greed index = 23/100
2026-06-20 14:34:54 [INFO] SOLUSDT bloqué — ATR trop faible (0.33% < 0.50%)
2026-06-20 14:35:27 [INFO] SOLUSDT Score=62 action=HOLD regime=trending_up | Pos=0/6 | Solde=936.85 ×0.94 | WR=38% PnL=-6.77
2026-06-20 14:35:43 [INFO] SOLUSDT Score=70 action=BUY regime=trending_up | Pos=0/6 | Solde=936.85 ×0.94 | WR=38% PnL=-6.77
2026-06-20 14:36:15 [INFO] SOLUSDT Score=62 action=HOLD regime=trending_up | Pos=0/6 | Solde=936.85 ×0.94 | WR=38% PnL=-6.77
2026-06-20 14:36:31 [INFO] SOLUSDT Score=74 action=BUY regime=trending_up | Pos=0/6 | Solde=936.85 ×0.94 | WR=38% PnL=-6.77
2026-06-20 14:38:07 [INFO] AVAXUSDT Score=50 action=HOLD regime=trending_up | Pos=0/6 | Solde=936.85 ×0.94 | WR=38% PnL=-6.77
2026-06-20 14:39:26 [INFO] SOLUSDT Score=68 action=HOLD regime=trending_up | Pos=0/6 | Solde=936.85 ×0.94 | WR=38% PnL=-6.77
2026-06-20 14:39:58 [INFO] SOLUSDT Score=74 action=BUY regime=trending_up | Pos=0/6 | Solde=936.85 ×0.94 | WR=38% PnL=-6.77
2026-06-20 14:39:59 [INFO] SOLUSDT bloqué — ATR trop faible (0.35% < 0.50%)
2026-06-20 14:40:14 [INFO] SOLUSDT Score=68 action=HOLD regime=trending_up | Pos=0/6 | Solde=936.85 ×0.94 | WR=38% PnL=-6.77
2026-06-20 14:40:30 [INFO] SOLUSDT Score=74 action=BUY regime=trending_up | Pos=0/6 | Solde=936.85 ×0.94 | WR=38% PnL=-6.77
2026-06-20 14:43:11 [INFO] AVAXUSDT Score=50 action=HOLD regime=trending_up | Pos=0/6 | Solde=936.85 ×0.94 | WR=38% PnL=-6.77
2026-06-20 14:45:02 [INFO] SOLUSDT bloqué — ATR trop faible (0.35% < 0.50%)
2026-06-20 14:45:18 [INFO] SOLUSDT Score=66 action=HOLD regime=trending_up | Pos=0/6 | Solde=936.85 ×0.94 | WR=38% PnL=-6.77
2026-06-20 14:48:14 [INFO] AVAXUSDT Score=60 action=HOLD regime=trending_up | Pos=0/6 | Solde=936.85 ×0.94 | WR=38% PnL=-6.77
2026-06-20 14:50:21 [INFO] SOLUSDT Score=64 action=HOLD regime=trending_up | Pos=0/6 | Solde=936.85 ×0.94 | WR=38% PnL=-6.77
2026-06-20 14:52:46 [INFO] AVAXUSDT Score=70 action=BUY regime=trending_up | Pos=0/6 | Solde=936.85 ×0.94 | WR=38% PnL=-6.77
2026-06-20 14:52:46 [BUY] Ordre limite | 12.1700 AVAXUSDT @ 6.1580 | Score=70 | SL=6.1077 TP1=6.2186 TP2=6.2504 TP3=6.3439
2026-06-20 14:52:49 [INFO] Niveaux recalés ++0.0010 (fill=6.1580 vs close=6.1570)
2026-06-20 14:52:50 [BUY] Ordre rempli | 12.1700 AVAXUSDT @ 6.1580 | SL=6.1087 TP1=6.2196 TP2=6.2514 | Score=70 | ×0.94 compound
2026-06-20 14:55:36 [INFO] SOLUSDT Score=64 action=HOLD regime=trending_up | Pos=1/6 | Solde=861.85 ×0.94 | WR=38% PnL=-6.77
2026-06-20 14:57:56 [INFO] AVAXUSDT Score=78 action=BUY regime=trending_up | Pos=1/6 | Solde=861.85 ×0.94 | WR=38% PnL=-6.77
2026-06-20 14:59:00 [INFO] AVAXUSDT Score=66 action=HOLD regime=trending_up | Pos=1/6 | Solde=861.85 ×0.94 | WR=38% PnL=-6.77
2026-06-20 14:59:16 [INFO] AVAXUSDT Score=68 action=BUY regime=trending_up | Pos=1/6 | Solde=861.85 ×0.94 | WR=38% PnL=-6.77
2026-06-20 15:00:04 [INFO] AVAXUSDT Score=62 action=HOLD regime=trending_up | Pos=1/6 | Solde=861.85 ×0.94 | WR=38% PnL=-6.77
2026-06-20 15:00:52 [INFO] SOLUSDT Score=64 action=HOLD regime=trending_up | Pos=1/6 | Solde=861.85 ×0.94 | WR=38% PnL=-6.77
2026-06-20 15:02:27 [INFO] SOLUSDT Score=74 action=BUY regime=trending_up | Pos=1/6 | Solde=861.85 ×0.94 | WR=38% PnL=-6.77
2026-06-20 15:02:27 [INFO] SOLUSDT bloqué — ATR trop faible (0.32% < 0.50%)
2026-06-20 15:03:16 [INFO] SOLUSDT Score=66 action=HOLD regime=trending_up | Pos=1/6 | Solde=861.85 ×0.94 | WR=38% PnL=-6.77
2026-06-20 15:05:08 [INFO] AVAXUSDT Score=60 action=HOLD regime=trending_up | Pos=1/6 | Solde=861.85 ×0.94 | WR=38% PnL=-6.77
2026-06-20 15:05:24 [INFO] AVAXUSDT Score=70 action=BUY regime=trending_up | Pos=1/6 | Solde=861.85 ×0.94 | WR=38% PnL=-6.77
2026-06-20 15:07:00 [INFO] AVAXUSDT Score=62 action=HOLD regime=trending_up | Pos=1/6 | Solde=861.85 ×0.94 | WR=38% PnL=-6.77
2026-06-20 15:08:20 [INFO] SOLUSDT Score=64 action=HOLD regime=trending_up | Pos=1/6 | Solde=861.85 ×0.94 | WR=38% PnL=-6.77
2026-06-20 15:09:08 [INFO] AVAXUSDT Score=70 action=BUY regime=trending_up | Pos=1/6 | Solde=861.85 ×0.94 | WR=38% PnL=-6.77
2026-06-20 15:09:40 [INFO] SOLUSDT Score=74 action=BUY regime=trending_up | Pos=1/6 | Solde=861.85 ×0.94 | WR=38% PnL=-6.77
2026-06-20 15:09:40 [INFO] SOLUSDT bloqué — ATR trop faible (0.32% < 0.50%)
2026-06-20 15:10:12 [INFO] SOLUSDT Score=64 action=HOLD regime=trending_up | Pos=1/6 | Solde=861.85 ×0.94 | WR=38% PnL=-6.77
2026-06-20 15:10:28 [INFO] SOLUSDT Score=74 action=BUY regime=trending_up | Pos=1/6 | Solde=861.85 ×0.94 | WR=38% PnL=-6.77
2026-06-20 15:10:44 [INFO] SOLUSDT Score=64 action=HOLD regime=trending_up | Pos=1/6 | Solde=861.85 ×0.94 | WR=38% PnL=-6.77
2026-06-20 15:11:16 [INFO] AVAXUSDT Score=62 action=HOLD regime=trending_up | Pos=1/6 | Solde=861.85 ×0.94 | WR=38% PnL=-6.77
2026-06-20 15:12:36 [INFO] SOLUSDT Score=74 action=BUY regime=trending_up | Pos=1/6 | Solde=861.85 ×0.94 | WR=38% PnL=-6.77
2026-06-20 15:13:08 [INFO] SOLUSDT Score=64 action=HOLD regime=trending_up | Pos=1/6 | Solde=861.85 ×0.94 | WR=38% PnL=-6.77
2026-06-20 15:16:19 [INFO] AVAXUSDT Score=64 action=HOLD regime=trending_up | Pos=1/6 | Solde=861.85 ×0.94 | WR=38% PnL=-6.77
2026-06-20 15:16:35 [INFO] SOLUSDT Score=74 action=BUY regime=trending_up | Pos=1/6 | Solde=861.85 ×0.94 | WR=38% PnL=-6.77
2026-06-20 15:16:35 [INFO] SOLUSDT bloqué — ATR trop faible (0.31% < 0.50%)
2026-06-20 15:17:40 [INFO] SOLUSDT Score=66 action=HOLD regime=trending_up | Pos=1/6 | Solde=861.85 ×0.94 | WR=38% PnL=-6.77
2026-06-20 15:17:40 [INFO] AVAXUSDT Score=74 action=BUY regime=trending_up | Pos=1/6 | Solde=861.85 ×0.94 | WR=38% PnL=-6.77
2026-06-20 15:17:56 [INFO] SOLUSDT Score=74 action=BUY regime=trending_up | Pos=1/6 | Solde=861.85 ×0.94 | WR=38% PnL=-6.77
2026-06-20 15:17:56 [INFO] AVAXUSDT Score=64 action=HOLD regime=trending_up | Pos=1/6 | Solde=861.85 ×0.94 | WR=38% PnL=-6.77
2026-06-20 15:18:12 [INFO] SOLUSDT Score=64 action=HOLD regime=trending_up | Pos=1/6 | Solde=861.85 ×0.94 | WR=38% PnL=-6.77
2026-06-20 15:21:08 [INFO] SOLUSDT Score=69 action=BUY regime=trending_up | Pos=1/6 | Solde=861.85 ×0.94 | WR=38% PnL=-6.77
2026-06-20 15:21:08 [INFO] SOLUSDT bloque — 3 bougies baissières consecutives
2026-06-20 15:21:08 [INFO] AVAXUSDT Score=69 action=BUY regime=trending_up | Pos=1/6 | Solde=861.85 ×0.94 | WR=38% PnL=-6.77
2026-06-20 15:21:08 [INFO] AVAXUSDT bloque — 3 bougies baissières consecutives
2026-06-20 15:21:40 [INFO] SOLUSDT Score=64 action=HOLD regime=trending_up | Pos=1/6 | Solde=861.85 ×0.94 | WR=38% PnL=-6.77
2026-06-20 15:22:12 [INFO] SOLUSDT Score=69 action=BUY regime=trending_up | Pos=1/6 | Solde=861.85 ×0.94 | WR=38% PnL=-6.77
2026-06-20 15:25:07 [INFO] SOLUSDT Score=66 action=HOLD regime=ranging | Pos=1/6 | Solde=861.85 ×0.94 | WR=38% PnL=-6.77
2026-06-20 15:26:12 [INFO] AVAXUSDT Score=80 action=BUY regime=trending_up | Pos=1/6 | Solde=861.85 ×0.94 | WR=38% PnL=-6.77
2026-06-20 15:26:12 [INFO] AVAXUSDT bloque — 3 bougies baissières consecutives
2026-06-20 15:27:16 [SL] 12.1700 AVAXUSDT @ 6.1070 | PnL=-0.7326 (-0.98%) | Compound ×0.94 | Session PnL=-7.50 WR=37% | Raison=sl
2026-06-20 15:27:31 [INFO] SOLUSDT Score=8 action=BLOCK regime=trending_down | Pos=0/6 | Solde=936.12 ×0.94 | WR=37% PnL=-7.50
2026-06-20 15:27:31 [INFO] SOLUSDT bloqué — régime trending_down
2026-06-20 15:27:31 [INFO] AVAXUSDT SL-cooldown actif — 884s restantes
2026-06-20 15:29:20 [INFO] SOLUSDT Score=66 action=HOLD regime=ranging | Pos=0/6 | Solde=936.12 ×0.94 | WR=37% PnL=-7.50
2026-06-20 15:29:51 [INFO] SOLUSDT Score=8 action=BLOCK regime=trending_down | Pos=0/6 | Solde=936.12 ×0.94 | WR=37% PnL=-7.50
2026-06-20 15:29:51 [INFO] SOLUSDT bloqué — régime trending_down
2026-06-20 15:32:41 [INFO] AVAXUSDT SL-cooldown actif — 574s restantes
2026-06-20 15:35:01 [INFO] SOLUSDT Score=8 action=BLOCK regime=trending_down | Pos=0/6 | Solde=936.12 ×0.94 | WR=37% PnL=-7.50
2026-06-20 15:37:52 [INFO] AVAXUSDT SL-cooldown actif — 263s restantes
2026-06-20 15:40:12 [INFO] SOLUSDT Score=0 action=BLOCK regime=trending_down | Pos=0/6 | Solde=936.12 ×0.94 | WR=37% PnL=-7.50
2026-06-20 15:40:43 [INFO] SOLUSDT Score=30 action=HOLD regime=trending_up | Pos=0/6 | Solde=936.12 ×0.94 | WR=37% PnL=-7.50
2026-06-20 15:41:45 [INFO] SOLUSDT Score=0 action=BLOCK regime=trending_down | Pos=0/6 | Solde=936.12 ×0.94 | WR=37% PnL=-7.50
2026-06-20 15:41:45 [INFO] SOLUSDT bloqué — régime trending_down
2026-06-20 15:42:01 [INFO] SOLUSDT Score=30 action=HOLD regime=trending_up | Pos=0/6 | Solde=936.12 ×0.94 | WR=37% PnL=-7.50
2026-06-20 15:42:17 [INFO] AVAXUSDT Score=46 action=HOLD regime=ranging | Pos=0/6 | Solde=936.12 ×0.94 | WR=37% PnL=-7.50
2026-06-20 15:47:06 [INFO] SOLUSDT Score=30 action=HOLD regime=trending_up | Pos=0/6 | Solde=936.12 ×0.94 | WR=37% PnL=-7.50
2026-06-20 15:47:22 [INFO] AVAXUSDT Score=35 action=HOLD regime=ranging | Pos=0/6 | Solde=936.12 ×0.94 | WR=37% PnL=-7.50
2026-06-20 15:52:11 [INFO] SOLUSDT Score=20 action=HOLD regime=trending_up | Pos=0/6 | Solde=936.12 ×0.94 | WR=37% PnL=-7.50
2026-06-20 15:52:28 [INFO] AVAXUSDT Score=32 action=HOLD regime=ranging | Pos=0/6 | Solde=936.12 ×0.94 | WR=37% PnL=-7.50
2026-06-20 15:57:17 [INFO] SOLUSDT Score=30 action=HOLD regime=trending_up | Pos=0/6 | Solde=936.12 ×0.94 | WR=37% PnL=-7.50
2026-06-20 15:57:34 [INFO] AVAXUSDT Score=35 action=HOLD regime=ranging | Pos=0/6 | Solde=936.12 ×0.94 | WR=37% PnL=-7.50
2026-06-20 16:01:34 [INFO] SOLUSDT Score=46 action=HOLD regime=ranging | Pos=0/6 | Solde=936.12 ×0.94 | WR=37% PnL=-7.50
2026-06-20 16:01:50 [INFO] SOLUSDT Score=30 action=HOLD regime=trending_up | Pos=0/6 | Solde=936.12 ×0.94 | WR=37% PnL=-7.50
2026-06-20 16:02:06 [INFO] SOLUSDT Score=46 action=HOLD regime=ranging | Pos=0/6 | Solde=936.12 ×0.94 | WR=37% PnL=-7.50
2026-06-20 16:02:23 [INFO] SOLUSDT Score=30 action=HOLD regime=trending_up | Pos=0/6 | Solde=936.12 ×0.94 | WR=37% PnL=-7.50
2026-06-20 16:02:39 [INFO] SOLUSDT Score=46 action=HOLD regime=ranging | Pos=0/6 | Solde=936.12 ×0.94 | WR=37% PnL=-7.50
2026-06-20 16:02:39 [INFO] AVAXUSDT Score=46 action=HOLD regime=ranging | Pos=0/6 | Solde=936.12 ×0.94 | WR=37% PnL=-7.50
2026-06-20 16:05:19 [INFO] SOLUSDT Score=0 action=BLOCK regime=trending_down | Pos=0/6 | Solde=936.12 ×0.94 | WR=37% PnL=-7.50
2026-06-20 16:05:19 [INFO] SOLUSDT bloqué — régime trending_down
2026-06-20 16:07:45 [INFO] AVAXUSDT Score=58 action=HOLD regime=ranging | Pos=0/6 | Solde=936.12 ×0.94 | WR=37% PnL=-7.50
2026-06-20 16:10:25 [INFO] SOLUSDT Score=8 action=BLOCK regime=trending_down | Pos=0/6 | Solde=936.12 ×0.94 | WR=37% PnL=-7.50
2026-06-20 16:12:50 [INFO] AVAXUSDT Score=58 action=HOLD regime=ranging | Pos=0/6 | Solde=936.12 ×0.94 | WR=37% PnL=-7.50
2026-06-20 16:15:31 [INFO] SOLUSDT Score=16 action=BLOCK regime=trending_down | Pos=0/6 | Solde=936.12 ×0.94 | WR=37% PnL=-7.50
2026-06-20 16:17:56 [INFO] AVAXUSDT Score=46 action=HOLD regime=ranging | Pos=0/6 | Solde=936.12 ×0.94 | WR=37% PnL=-7.50
2026-06-20 16:20:36 [INFO] SOLUSDT Score=0 action=BLOCK regime=trending_down | Pos=0/6 | Solde=936.12 ×0.94 | WR=37% PnL=-7.50
2026-06-20 16:23:01 [INFO] AVAXUSDT Score=40 action=HOLD regime=ranging | Pos=0/6 | Solde=936.12 ×0.94 | WR=37% PnL=-7.50
2026-06-20 16:25:42 [INFO] SOLUSDT Score=0 action=BLOCK regime=trending_down | Pos=0/6 | Solde=936.12 ×0.94 | WR=37% PnL=-7.50
2026-06-20 16:28:07 [INFO] AVAXUSDT Score=46 action=HOLD regime=ranging | Pos=0/6 | Solde=936.12 ×0.94 | WR=37% PnL=-7.50
2026-06-20 16:30:47 [INFO] SOLUSDT Score=0 action=BLOCK regime=trending_down | Pos=0/6 | Solde=936.12 ×0.94 | WR=37% PnL=-7.50
2026-06-20 16:33:12 [INFO] AVAXUSDT Score=40 action=HOLD regime=ranging | Pos=0/6 | Solde=936.12 ×0.94 | WR=37% PnL=-7.50
2026-06-20 16:35:53 [INFO] SOLUSDT Score=0 action=BLOCK regime=trending_down | Pos=0/6 | Solde=936.12 ×0.94 | WR=37% PnL=-7.50
2026-06-20 16:38:19 [INFO] AVAXUSDT Score=46 action=HOLD regime=ranging | Pos=0/6 | Solde=936.12 ×0.94 | WR=37% PnL=-7.50
2026-06-20 16:40:59 [INFO] SOLUSDT Score=0 action=BLOCK regime=trending_down | Pos=0/6 | Solde=936.12 ×0.94 | WR=37% PnL=-7.50
2026-06-20 16:43:24 [INFO] AVAXUSDT Score=46 action=HOLD regime=ranging | Pos=0/6 | Solde=936.12 ×0.94 | WR=37% PnL=-7.50
2026-06-20 16:45:00 [INFO] SOLUSDT Score=20 action=HOLD regime=trending_up | Pos=0/6 | Solde=936.12 ×0.94 | WR=37% PnL=-7.50
2026-06-20 16:46:22 [INFO] AVAXUSDT Score=20 action=HOLD regime=trending_up | Pos=0/6 | Solde=936.12 ×0.94 | WR=37% PnL=-7.50
2026-06-20 16:50:06 [INFO] SOLUSDT Score=13 action=HOLD regime=trending_up | Pos=0/6 | Solde=936.12 ×0.94 | WR=37% PnL=-7.50
2026-06-20 16:51:28 [INFO] AVAXUSDT Score=20 action=HOLD regime=trending_up | Pos=0/6 | Solde=936.12 ×0.94 | WR=37% PnL=-7.50
2026-06-20 16:55:12 [INFO] SOLUSDT Score=26 action=HOLD regime=trending_up | Pos=0/6 | Solde=936.12 ×0.94 | WR=37% PnL=-7.50
2026-06-20 16:56:34 [INFO] AVAXUSDT Score=20 action=HOLD regime=trending_up | Pos=0/6 | Solde=936.12 ×0.94 | WR=37% PnL=-7.50
2026-06-20 17:00:18 [INFO] SOLUSDT Score=88 action=BUY regime=trending_up | Pos=0/6 | Solde=936.12 ×0.94 | WR=37% PnL=-7.50
2026-06-20 17:00:18 [INFO] Fear & Greed index = 23/100
2026-06-20 17:00:19 [INFO] SOLUSDT bloqué — ATR trop faible (0.47% < 0.50%)
2026-06-20 17:00:51 [INFO] SOLUSDT Score=59 action=HOLD regime=trending_up | Pos=0/6 | Solde=936.12 ×0.94 | WR=37% PnL=-7.50
2026-06-20 17:01:40 [INFO] AVAXUSDT Score=20 action=HOLD regime=trending_up | Pos=0/6 | Solde=936.12 ×0.94 | WR=37% PnL=-7.50
2026-06-20 17:04:37 [INFO] SOLUSDT Score=100 action=BUY regime=trending_up | Pos=0/6 | Solde=936.12 ×0.94 | WR=37% PnL=-7.50
2026-06-20 17:05:09 [INFO] SOLUSDT Score=59 action=HOLD regime=trending_up | Pos=0/6 | Solde=936.12 ×0.94 | WR=37% PnL=-7.50
2026-06-20 17:06:46 [INFO] AVAXUSDT Score=20 action=HOLD regime=trending_up | Pos=0/6 | Solde=936.12 ×0.94 | WR=37% PnL=-7.50
2026-06-20 17:10:14 [INFO] SOLUSDT Score=67 action=HOLD regime=trending_up | Pos=0/6 | Solde=936.12 ×0.94 | WR=37% PnL=-7.50
2026-06-20 17:11:52 [INFO] AVAXUSDT Score=20 action=HOLD regime=trending_up | Pos=0/6 | Solde=936.12 ×0.94 | WR=37% PnL=-7.50
2026-06-20 17:14:48 [INFO] SOLUSDT Score=100 action=BUY regime=trending_up | Pos=0/6 | Solde=936.12 ×0.94 | WR=37% PnL=-7.50
2026-06-20 17:14:48 [INFO] SOLUSDT bloqué — ATR trop faible (0.49% < 0.50%)
2026-06-20 17:16:58 [INFO] AVAXUSDT Score=30 action=HOLD regime=trending_up | Pos=0/6 | Solde=936.12 ×0.94 | WR=37% PnL=-7.50
2026-06-20 17:19:06 [INFO] AVAXUSDT Score=42 action=HOLD regime=ranging | Pos=0/6 | Solde=936.12 ×0.94 | WR=37% PnL=-7.50
2026-06-20 17:19:22 [INFO] SOLUSDT Score=64 action=HOLD regime=trending_up | Pos=0/6 | Solde=936.12 ×0.94 | WR=37% PnL=-7.50
2026-06-20 17:20:10 [INFO] SOLUSDT Score=69 action=BUY regime=trending_up | Pos=0/6 | Solde=936.12 ×0.94 | WR=37% PnL=-7.50
2026-06-20 17:20:11 [BUY] Ordre limite | 1.0350 SOLUSDT @ 72.3500 | Score=69 | SL=71.7712 TP1=73.0735 TP2=73.4389 TP3=74.5205
2026-06-20 17:21:18 [BUY] Ordre rempli | 1.0350 SOLUSDT @ 72.3500 | SL=71.7712 TP1=73.0735 TP2=73.4389 | Score=69 | ×0.94 compound
2026-06-20 17:24:21 [INFO] AVAXUSDT Score=42 action=HOLD regime=ranging | Pos=1/6 | Solde=861.18 ×0.94 | WR=37% PnL=-7.50
2026-06-20 17:25:23 [INFO] SOLUSDT Score=69 action=BUY regime=trending_up | Pos=1/6 | Solde=861.18 ×0.94 | WR=37% PnL=-7.50
2026-06-20 17:29:25 [INFO] AVAXUSDT Score=42 action=HOLD regime=ranging | Pos=1/6 | Solde=861.18 ×0.94 | WR=37% PnL=-7.50
2026-06-20 17:30:13 [INFO] AVAXUSDT Score=24 action=HOLD regime=trending_up | Pos=1/6 | Solde=861.18 ×0.94 | WR=37% PnL=-7.50
2026-06-20 17:30:28 [INFO] SOLUSDT Score=69 action=BUY regime=trending_up | Pos=1/6 | Solde=861.18 ×0.94 | WR=37% PnL=-7.50
2026-06-20 17:35:19 [INFO] AVAXUSDT Score=20 action=HOLD regime=trending_up | Pos=1/6 | Solde=861.18 ×0.94 | WR=37% PnL=-7.50
2026-06-20 17:35:34 [INFO] SOLUSDT Score=74 action=BUY regime=trending_up | Pos=1/6 | Solde=861.18 ×0.94 | WR=37% PnL=-7.50
2026-06-20 17:35:51 [INFO] AVAXUSDT Score=32 action=HOLD regime=ranging | Pos=1/6 | Solde=861.18 ×0.94 | WR=37% PnL=-7.50
2026-06-20 17:37:43 [INFO] AVAXUSDT Score=20 action=HOLD regime=trending_up | Pos=1/6 | Solde=861.18 ×0.94 | WR=37% PnL=-7.50
2026-06-20 17:40:24 [INFO] SOLUSDT Score=64 action=HOLD regime=trending_up | Pos=1/6 | Solde=861.18 ×0.94 | WR=37% PnL=-7.50
2026-06-20 17:40:40 [INFO] SOLUSDT Score=72 action=BUY regime=trending_up | Pos=1/6 | Solde=861.18 ×0.94 | WR=37% PnL=-7.50
2026-06-20 17:40:40 [INFO] AVAXUSDT Score=32 action=HOLD regime=ranging | Pos=1/6 | Solde=861.18 ×0.94 | WR=37% PnL=-7.50
2026-06-20 17:41:45 [INFO] AVAXUSDT Score=20 action=HOLD regime=trending_up | Pos=1/6 | Solde=861.18 ×0.94 | WR=37% PnL=-7.50
2026-06-20 17:42:33 [INFO] AVAXUSDT Score=32 action=HOLD regime=ranging | Pos=1/6 | Solde=861.18 ×0.94 | WR=37% PnL=-7.50
2026-06-20 17:43:09 [SL] 1.0350 SOLUSDT @ 71.7600 | PnL=-0.7225 (-0.96%) | Compound ×0.94 | Session PnL=-8.22 WR=36% | Raison=sl
2026-06-20 17:43:20 [INFO] SOLUSDT SL-cooldown actif — 888s restantes
2026-06-20 17:45:09 [INFO] AVAXUSDT Score=20 action=HOLD regime=trending_up | Pos=0/6 | Solde=935.39 ×0.94 | WR=36% PnL=-8.22
2026-06-20 17:48:32 [INFO] SOLUSDT SL-cooldown actif — 576s restantes
2026-06-20 17:50:21 [INFO] AVAXUSDT Score=16 action=HOLD regime=trending_up | Pos=0/6 | Solde=935.39 ×0.94 | WR=36% PnL=-8.22
2026-06-20 17:53:43 [INFO] SOLUSDT SL-cooldown actif — 265s restantes
2026-06-20 17:55:32 [INFO] AVAXUSDT Score=16 action=HOLD regime=trending_up | Pos=0/6 | Solde=935.39 ×0.94 | WR=36% PnL=-8.22
2026-06-20 17:58:23 [INFO] SOLUSDT Score=74 action=BUY regime=trending_up | Pos=0/6 | Solde=935.39 ×0.94 | WR=36% PnL=-8.22
2026-06-20 17:58:24 [BUY] Ordre limite | 1.0380 SOLUSDT @ 72.0400 | Score=74 | SL=71.4637 TP1=72.7604 TP2=73.1242 TP3=74.2012
2026-06-20 17:58:35 [BUY] Ordre rempli | 1.0380 SOLUSDT @ 72.0400 | SL=71.4637 TP1=72.7604 TP2=73.1242 | Score=74 | ×0.94 compound
2026-06-20 18:00:14 [INFO] AVAXUSDT Score=91 action=BUY regime=trending_up | Pos=1/6 | Solde=860.56 ×0.94 | WR=36% PnL=-8.22
2026-06-20 18:00:14 [BUY] Ordre limite | 8.3900 AVAXUSDT @ 6.1510 | Score=91 | SL=6.1018 TP1=6.2125 TP2=6.2533 TP3=6.3555
2026-06-20 18:00:15 [BUY] Ordre rempli | 8.3900 AVAXUSDT @ 6.1510 | SL=6.1018 TP1=6.2125 TP2=6.2533 | Score=91 | ×0.94 compound
2026-06-20 18:03:29 [INFO] SOLUSDT Score=86 action=BUY regime=trending_up | Pos=2/6 | Solde=808.92 ×0.94 | WR=36% PnL=-8.22
2026-06-20 18:05:19 [INFO] AVAXUSDT Score=20 action=HOLD regime=trending_up | Pos=2/6 | Solde=808.92 ×0.94 | WR=36% PnL=-8.22
2026-06-20 18:07:44 [INFO] AVAXUSDT Score=96 action=BUY regime=trending_up | Pos=2/6 | Solde=808.92 ×0.94 | WR=36% PnL=-8.22
2026-06-20 18:08:16 [INFO] AVAXUSDT Score=20 action=HOLD regime=trending_up | Pos=2/6 | Solde=808.92 ×0.94 | WR=36% PnL=-8.22
2026-06-20 18:08:32 [INFO] SOLUSDT Score=76 action=BUY regime=trending_up | Pos=2/6 | Solde=808.92 ×0.94 | WR=36% PnL=-8.22
2026-06-20 18:10:09 [INFO] AVAXUSDT Score=96 action=BUY regime=trending_up | Pos=2/6 | Solde=808.92 ×0.94 | WR=36% PnL=-8.22
2026-06-20 18:10:25 [INFO] AVAXUSDT Score=61 action=HOLD regime=trending_up | Pos=2/6 | Solde=808.92 ×0.94 | WR=36% PnL=-8.22
2026-06-20 18:10:41 [INFO] AVAXUSDT Score=96 action=BUY regime=trending_up | Pos=2/6 | Solde=808.92 ×0.94 | WR=36% PnL=-8.22
2026-06-20 18:12:01 [INFO] AVAXUSDT Score=20 action=HOLD regime=trending_up | Pos=2/6 | Solde=808.92 ×0.94 | WR=36% PnL=-8.22
2026-06-20 18:13:37 [INFO] SOLUSDT Score=76 action=BUY regime=trending_up | Pos=2/6 | Solde=808.92 ×0.94 | WR=36% PnL=-8.22
2026-06-20 18:15:15 [INFO] AVAXUSDT Score=99 action=BUY regime=trending_up | Pos=2/6 | Solde=808.92 ×0.94 | WR=36% PnL=-8.22
2026-06-20 18:18:43 [INFO] SOLUSDT Score=86 action=BUY regime=trending_up | Pos=2/6 | Solde=808.92 ×0.94 | WR=36% PnL=-8.22
2026-06-20 18:20:20 [INFO] AVAXUSDT Score=88 action=BUY regime=trending_up | Pos=2/6 | Solde=808.92 ×0.94 | WR=36% PnL=-8.22
2026-06-20 18:22:45 [INFO] AVAXUSDT Score=20 action=HOLD regime=trending_up | Pos=2/6 | Solde=808.92 ×0.94 | WR=36% PnL=-8.22
2026-06-20 18:23:17 [INFO] AVAXUSDT Score=96 action=BUY regime=trending_up | Pos=2/6 | Solde=808.92 ×0.94 | WR=36% PnL=-8.22
2026-06-20 18:23:49 [INFO] SOLUSDT Score=86 action=BUY regime=trending_up | Pos=2/6 | Solde=808.92 ×0.94 | WR=36% PnL=-8.22
2026-06-20 18:24:21 [INFO] AVAXUSDT Score=20 action=HOLD regime=trending_up | Pos=2/6 | Solde=808.92 ×0.94 | WR=36% PnL=-8.22
2026-06-20 18:25:26 [INFO] AVAXUSDT Score=96 action=BUY regime=trending_up | Pos=2/6 | Solde=808.92 ×0.94 | WR=36% PnL=-8.22
2026-06-20 18:25:42 [INFO] AVAXUSDT Score=20 action=HOLD regime=trending_up | Pos=2/6 | Solde=808.92 ×0.94 | WR=36% PnL=-8.22
2026-06-20 18:28:54 [INFO] SOLUSDT Score=86 action=BUY regime=trending_up | Pos=2/6 | Solde=808.92 ×0.94 | WR=36% PnL=-8.22
2026-06-20 18:30:43 [WARNING] Circuit breaker déclenché — 3 pertes consécutives — achats suspendus 1h
2026-06-20 18:30:44 [SL] 1.0380 SOLUSDT @ 71.4200 | PnL=-0.7552 (-1.01%) | Compound ×0.88 | Session PnL=-8.98 WR=35% | Raison=sl
2026-06-20 18:30:47 [INFO] SOLUSDT SL-cooldown actif — 896s restantes
2026-06-20 18:30:47 [INFO] Circuit breaker actif — reprend dans 59 min
2026-06-20 18:32:14 [SL] 8.3900 AVAXUSDT @ 6.0990 | PnL=-0.5134 (-0.99%) | Compound ×0.93 | Session PnL=-9.49 WR=34% | Raison=sl
2026-06-20 18:32:17 [INFO] AVAXUSDT SL-cooldown actif — 891s restantes
2026-06-20 18:35:47 [INFO] SOLUSDT SL-cooldown actif — 596s restantes
2026-06-20 18:37:17 [INFO] AVAXUSDT SL-cooldown actif — 591s restantes
2026-06-20 18:40:47 [INFO] SOLUSDT SL-cooldown actif — 296s restantes
2026-06-20 18:42:17 [INFO] AVAXUSDT SL-cooldown actif — 291s restantes
2026-06-20 18:45:47 [INFO] Circuit breaker actif — reprend dans 44 min
2026-06-20 18:50:47 [INFO] Circuit breaker actif — reprend dans 39 min
2026-06-20 18:55:47 [INFO] Circuit breaker actif — reprend dans 34 min
2026-06-20 19:00:47 [INFO] Circuit breaker actif — reprend dans 29 min
2026-06-20 19:05:47 [INFO] Circuit breaker actif — reprend dans 24 min
2026-06-20 19:10:47 [INFO] Circuit breaker actif — reprend dans 19 min
2026-06-20 19:15:47 [INFO] Circuit breaker actif — reprend dans 14 min
2026-06-20 19:20:47 [INFO] Circuit breaker actif — reprend dans 9 min
2026-06-20 19:25:47 [INFO] Circuit breaker actif — reprend dans 4 min
2026-06-20 19:30:48 [INFO] SOLUSDT Score=50 action=HOLD regime=ranging | Pos=0/6 | Solde=934.13 ×0.93 | WR=34% PnL=-9.49
2026-06-20 19:30:49 [INFO] AVAXUSDT Score=30 action=HOLD regime=ranging | Pos=0/6 | Solde=934.13 ×0.93 | WR=34% PnL=-9.49
2026-06-20 19:31:36 [INFO] SOLUSDT Score=70 action=BUY regime=trending_up | Pos=0/6 | Solde=934.13 ×0.93 | WR=34% PnL=-9.49
2026-06-20 19:31:37 [INFO] Fear & Greed index = 23/100
2026-06-20 19:31:37 [INFO] SOLUSDT bloqué — ATR trop faible (0.45% < 0.50%)
2026-06-20 19:34:34 [INFO] SOLUSDT Score=63 action=HOLD regime=ranging | Pos=0/6 | Solde=934.13 ×0.93 | WR=34% PnL=-9.49
2026-06-20 19:35:55 [INFO] AVAXUSDT Score=45 action=HOLD regime=ranging | Pos=0/6 | Solde=934.13 ×0.93 | WR=34% PnL=-9.49
2026-06-20 19:39:39 [INFO] SOLUSDT Score=16 action=HOLD regime=ranging | Pos=0/6 | Solde=934.13 ×0.93 | WR=34% PnL=-9.49
2026-06-20 19:41:00 [INFO] AVAXUSDT Score=37 action=HOLD regime=ranging | Pos=0/6 | Solde=934.13 ×0.93 | WR=34% PnL=-9.49
2026-06-20 19:44:45 [INFO] SOLUSDT Score=36 action=HOLD regime=ranging | Pos=0/6 | Solde=934.13 ×0.93 | WR=34% PnL=-9.49
2026-06-20 19:46:05 [INFO] AVAXUSDT Score=29 action=HOLD regime=ranging | Pos=0/6 | Solde=934.13 ×0.93 | WR=34% PnL=-9.49
2026-06-20 19:49:50 [INFO] SOLUSDT Score=46 action=HOLD regime=ranging | Pos=0/6 | Solde=934.13 ×0.93 | WR=34% PnL=-9.49
2026-06-20 19:51:11 [INFO] AVAXUSDT Score=29 action=HOLD regime=ranging | Pos=0/6 | Solde=934.13 ×0.93 | WR=34% PnL=-9.49
2026-06-20 19:54:55 [INFO] SOLUSDT Score=56 action=HOLD regime=ranging | Pos=0/6 | Solde=934.13 ×0.93 | WR=34% PnL=-9.49
2026-06-20 19:56:16 [INFO] AVAXUSDT Score=42 action=HOLD regime=ranging | Pos=0/6 | Solde=934.13 ×0.93 | WR=34% PnL=-9.49
2026-06-20 20:00:01 [INFO] SOLUSDT Score=56 action=HOLD regime=ranging | Pos=0/6 | Solde=934.13 ×0.93 | WR=34% PnL=-9.49
2026-06-20 20:01:22 [INFO] AVAXUSDT Score=32 action=HOLD regime=ranging | Pos=0/6 | Solde=934.13 ×0.93 | WR=34% PnL=-9.49
2026-06-20 20:03:14 [INFO] SOLUSDT Score=60 action=HOLD regime=trending_up | Pos=0/6 | Solde=934.13 ×0.93 | WR=34% PnL=-9.49
2026-06-20 20:05:23 [INFO] SOLUSDT Score=50 action=HOLD regime=ranging | Pos=0/6 | Solde=934.13 ×0.93 | WR=34% PnL=-9.49
2026-06-20 20:05:56 [INFO] SOLUSDT Score=60 action=HOLD regime=trending_up | Pos=0/6 | Solde=934.13 ×0.93 | WR=34% PnL=-9.49
2026-06-20 20:06:12 [INFO] SOLUSDT Score=50 action=HOLD regime=ranging | Pos=0/6 | Solde=934.13 ×0.93 | WR=34% PnL=-9.49
2026-06-20 20:06:28 [INFO] SOLUSDT Score=60 action=HOLD regime=trending_up | Pos=0/6 | Solde=934.13 ×0.93 | WR=34% PnL=-9.49
2026-06-20 20:06:29 [INFO] AVAXUSDT Score=36 action=HOLD regime=ranging | Pos=0/6 | Solde=934.13 ×0.93 | WR=34% PnL=-9.49
2026-06-20 20:06:44 [INFO] SOLUSDT Score=50 action=HOLD regime=ranging | Pos=0/6 | Solde=934.13 ×0.93 | WR=34% PnL=-9.49
2026-06-20 20:10:13 [INFO] SOLUSDT Score=60 action=HOLD regime=trending_up | Pos=0/6 | Solde=934.13 ×0.93 | WR=34% PnL=-9.49
2026-06-20 20:11:34 [INFO] AVAXUSDT Score=32 action=HOLD regime=ranging | Pos=0/6 | Solde=934.13 ×0.93 | WR=34% PnL=-9.49
2026-06-20 20:13:58 [INFO] SOLUSDT Score=50 action=HOLD regime=ranging | Pos=0/6 | Solde=934.13 ×0.93 | WR=34% PnL=-9.49
2026-06-20 20:15:03 [INFO] SOLUSDT Score=62 action=HOLD regime=trending_up | Pos=0/6 | Solde=934.13 ×0.93 | WR=34% PnL=-9.49
2026-06-20 20:16:40 [INFO] AVAXUSDT Score=32 action=HOLD regime=ranging | Pos=0/6 | Solde=934.13 ×0.93 | WR=34% PnL=-9.49
2026-06-20 20:18:32 [INFO] SOLUSDT Score=96 action=BUY regime=trending_up | Pos=0/6 | Solde=934.13 ×0.93 | WR=34% PnL=-9.49
2026-06-20 20:18:32 [INFO] SOLUSDT bloqué — ATR trop faible (0.45% < 0.50%)
2026-06-20 20:18:48 [INFO] SOLUSDT Score=60 action=HOLD regime=trending_up | Pos=0/6 | Solde=934.13 ×0.93 | WR=34% PnL=-9.49
2026-06-20 20:21:46 [INFO] AVAXUSDT Score=32 action=HOLD regime=ranging | Pos=0/6 | Solde=934.13 ×0.93 | WR=34% PnL=-9.49
2026-06-20 20:23:54 [INFO] SOLUSDT Score=60 action=HOLD regime=trending_up | Pos=0/6 | Solde=934.13 ×0.93 | WR=34% PnL=-9.49
2026-06-20 20:26:19 [INFO] SOLUSDT Score=96 action=BUY regime=trending_up | Pos=0/6 | Solde=934.13 ×0.93 | WR=34% PnL=-9.49
2026-06-20 20:26:19 [INFO] SOLUSDT bloqué — ATR trop faible (0.45% < 0.50%)
2026-06-20 20:26:52 [INFO] AVAXUSDT Score=32 action=HOLD regime=ranging | Pos=0/6 | Solde=934.13 ×0.93 | WR=34% PnL=-9.49
2026-06-20 20:31:24 [INFO] SOLUSDT Score=82 action=BUY regime=trending_up | Pos=0/6 | Solde=934.13 ×0.93 | WR=34% PnL=-9.49
2026-06-20 20:31:25 [INFO] SOLUSDT bloqué — ATR trop faible (0.43% < 0.50%)
2026-06-20 20:31:41 [INFO] Fear & Greed index = 23/100
2026-06-20 20:31:58 [INFO] AVAXUSDT Score=32 action=HOLD regime=ranging | Pos=0/6 | Solde=934.13 ×0.93 | WR=34% PnL=-9.49
2026-06-20 20:36:30 [INFO] SOLUSDT Score=82 action=BUY regime=trending_up | Pos=0/6 | Solde=934.13 ×0.93 | WR=34% PnL=-9.49
2026-06-20 20:36:31 [INFO] SOLUSDT bloqué — ATR trop faible (0.44% < 0.50%)
2026-06-20 20:37:04 [INFO] AVAXUSDT Score=32 action=HOLD regime=ranging | Pos=0/6 | Solde=934.13 ×0.93 | WR=34% PnL=-9.49
2026-06-20 20:41:37 [INFO] SOLUSDT Score=82 action=BUY regime=trending_up | Pos=0/6 | Solde=934.13 ×0.93 | WR=34% PnL=-9.49
2026-06-20 20:41:37 [INFO] SOLUSDT bloqué — ATR trop faible (0.44% < 0.50%)
2026-06-20 20:42:10 [INFO] AVAXUSDT Score=22 action=HOLD regime=ranging | Pos=0/6 | Solde=934.13 ×0.93 | WR=34% PnL=-9.49
2026-06-20 20:46:43 [INFO] SOLUSDT Score=86 action=BUY regime=trending_up | Pos=0/6 | Solde=934.13 ×0.93 | WR=34% PnL=-9.49
2026-06-20 20:46:43 [INFO] SOLUSDT bloqué — ATR trop faible (0.42% < 0.50%)
2026-06-20 20:47:16 [INFO] AVAXUSDT Score=37 action=HOLD regime=ranging | Pos=0/6 | Solde=934.13 ×0.93 | WR=34% PnL=-9.49
2026-06-20 20:51:48 [INFO] SOLUSDT Score=86 action=BUY regime=trending_up | Pos=0/6 | Solde=934.13 ×0.93 | WR=34% PnL=-9.49
2026-06-20 20:51:48 [INFO] SOLUSDT bloqué — ATR trop faible (0.42% < 0.50%)
2026-06-20 20:52:21 [INFO] AVAXUSDT Score=26 action=HOLD regime=ranging | Pos=0/6 | Solde=934.13 ×0.93 | WR=34% PnL=-9.49
2026-06-20 20:56:54 [INFO] SOLUSDT Score=86 action=BUY regime=trending_up | Pos=0/6 | Solde=934.13 ×0.93 | WR=34% PnL=-9.49
2026-06-20 20:56:54 [INFO] SOLUSDT bloqué — ATR trop faible (0.43% < 0.50%)
2026-06-20 20:57:27 [INFO] AVAXUSDT Score=38 action=HOLD regime=ranging | Pos=0/6 | Solde=934.13 ×0.93 | WR=34% PnL=-9.49
2026-06-20 21:00:24 [INFO] SOLUSDT bloque — 3 bougies baissières consecutives
2026-06-20 21:02:00 [INFO] SOLUSDT Score=86 action=BUY regime=trending_up | Pos=0/6 | Solde=934.13 ×0.93 | WR=34% PnL=-9.49
2026-06-20 21:02:01 [INFO] SOLUSDT bloqué — ATR trop faible (0.41% < 0.50%)
2026-06-20 21:02:33 [INFO] AVAXUSDT Score=41 action=HOLD regime=ranging | Pos=0/6 | Solde=934.13 ×0.93 | WR=34% PnL=-9.49
2026-06-20 21:06:02 [INFO] SOLUSDT bloque — 3 bougies baissières consecutives
2026-06-20 21:07:06 [INFO] SOLUSDT Score=76 action=BUY regime=trending_up | Pos=0/6 | Solde=934.13 ×0.93 | WR=34% PnL=-9.49
2026-06-20 21:07:39 [INFO] AVAXUSDT Score=37 action=HOLD regime=ranging | Pos=0/6 | Solde=934.13 ×0.93 | WR=34% PnL=-9.49
2026-06-20 21:10:03 [INFO] SOLUSDT bloqué — ATR trop faible (0.42% < 0.50%)
2026-06-20 21:12:11 [INFO] SOLUSDT Score=96 action=BUY regime=trending_up | Pos=0/6 | Solde=934.13 ×0.93 | WR=34% PnL=-9.49
2026-06-20 21:12:44 [INFO] AVAXUSDT Score=34 action=HOLD regime=ranging | Pos=0/6 | Solde=934.13 ×0.93 | WR=34% PnL=-9.49
2026-06-20 21:15:09 [INFO] SOLUSDT bloqué — ATR trop faible (0.39% < 0.50%)
2026-06-20 21:17:18 [INFO] SOLUSDT Score=76 action=BUY regime=trending_up | Pos=0/6 | Solde=934.13 ×0.93 | WR=34% PnL=-9.49
2026-06-20 21:17:50 [INFO] AVAXUSDT Score=34 action=HOLD regime=ranging | Pos=0/6 | Solde=934.13 ×0.93 | WR=34% PnL=-9.49
2026-06-20 21:20:15 [INFO] SOLUSDT bloqué — ATR trop faible (0.40% < 0.50%)
2026-06-20 21:22:23 [INFO] SOLUSDT Score=76 action=BUY regime=trending_up | Pos=0/6 | Solde=934.13 ×0.93 | WR=34% PnL=-9.49
2026-06-20 21:22:56 [INFO] AVAXUSDT Score=54 action=HOLD regime=ranging | Pos=0/6 | Solde=934.13 ×0.93 | WR=34% PnL=-9.49
2026-06-20 21:25:20 [INFO] SOLUSDT bloqué — ATR trop faible (0.40% < 0.50%)
2026-06-20 21:27:29 [INFO] SOLUSDT Score=66 action=HOLD regime=trending_up | Pos=0/6 | Solde=934.13 ×0.93 | WR=34% PnL=-9.49
2026-06-20 21:28:02 [INFO] AVAXUSDT Score=54 action=HOLD regime=ranging | Pos=0/6 | Solde=934.13 ×0.93 | WR=34% PnL=-9.49
2026-06-20 21:31:30 [INFO] SOLUSDT Score=86 action=BUY regime=trending_up | Pos=0/6 | Solde=934.13 ×0.93 | WR=34% PnL=-9.49
2026-06-20 21:31:30 [INFO] SOLUSDT bloqué — ATR trop faible (0.38% < 0.50%)
2026-06-20 21:31:47 [INFO] Fear & Greed index = 23/100
2026-06-20 21:33:08 [INFO] AVAXUSDT Score=26 action=HOLD regime=ranging | Pos=0/6 | Solde=934.13 ×0.93 | WR=34% PnL=-9.49
2026-06-20 21:36:37 [INFO] SOLUSDT Score=86 action=BUY regime=trending_up | Pos=0/6 | Solde=934.13 ×0.93 | WR=34% PnL=-9.49
2026-06-20 21:36:37 [INFO] SOLUSDT bloqué — ATR trop faible (0.39% < 0.50%)
2026-06-20 21:38:14 [INFO] AVAXUSDT Score=29 action=HOLD regime=ranging | Pos=0/6 | Solde=934.13 ×0.93 | WR=34% PnL=-9.49
2026-06-20 21:41:43 [INFO] SOLUSDT Score=86 action=BUY regime=trending_up | Pos=0/6 | Solde=934.13 ×0.93 | WR=34% PnL=-9.49
2026-06-20 21:41:43 [INFO] SOLUSDT bloqué — ATR trop faible (0.39% < 0.50%)
2026-06-20 21:41:44 [INFO] AVAXUSDT Score=30 action=HOLD regime=trending_up | Pos=0/6 | Solde=934.13 ×0.93 | WR=34% PnL=-9.49
2026-06-20 21:46:48 [INFO] SOLUSDT Score=78 action=BUY regime=trending_up | Pos=0/6 | Solde=934.13 ×0.93 | WR=34% PnL=-9.49
2026-06-20 21:46:49 [INFO] SOLUSDT bloqué — ATR trop faible (0.38% < 0.50%)
2026-06-20 21:46:49 [INFO] AVAXUSDT Score=34 action=HOLD regime=trending_up | Pos=0/6 | Solde=934.13 ×0.93 | WR=34% PnL=-9.49
2026-06-20 21:51:54 [INFO] SOLUSDT Score=86 action=BUY regime=trending_up | Pos=0/6 | Solde=934.13 ×0.93 | WR=34% PnL=-9.49
2026-06-20 21:51:55 [INFO] SOLUSDT bloqué — ATR trop faible (0.38% < 0.50%)
2026-06-20 21:51:55 [INFO] AVAXUSDT Score=30 action=HOLD regime=trending_up | Pos=0/6 | Solde=934.13 ×0.93 | WR=34% PnL=-9.49
2026-06-20 21:57:00 [INFO] SOLUSDT Score=86 action=BUY regime=trending_up | Pos=0/6 | Solde=934.13 ×0.93 | WR=34% PnL=-9.49
2026-06-20 21:57:01 [INFO] SOLUSDT bloqué — ATR trop faible (0.39% < 0.50%)
2026-06-20 21:57:01 [INFO] AVAXUSDT Score=34 action=HOLD regime=trending_up | Pos=0/6 | Solde=934.13 ×0.93 | WR=34% PnL=-9.49
2026-06-20 21:59:42 [INFO] AVAXUSDT Score=34 action=HOLD regime=ranging | Pos=0/6 | Solde=934.13 ×0.93 | WR=34% PnL=-9.49
2026-06-20 22:02:06 [INFO] SOLUSDT Score=84 action=BUY regime=trending_up | Pos=0/6 | Solde=934.13 ×0.93 | WR=34% PnL=-9.49
2026-06-20 22:02:06 [INFO] SOLUSDT bloqué — ATR trop faible (0.37% < 0.50%)
2026-06-20 22:04:48 [INFO] AVAXUSDT Score=52 action=HOLD regime=ranging | Pos=0/6 | Solde=934.13 ×0.93 | WR=34% PnL=-9.49
2026-06-20 22:07:12 [INFO] SOLUSDT Score=84 action=BUY regime=trending_up | Pos=0/6 | Solde=934.13 ×0.93 | WR=34% PnL=-9.49
2026-06-20 22:07:12 [INFO] SOLUSDT bloqué — ATR trop faible (0.37% < 0.50%)
2026-06-20 22:09:53 [INFO] AVAXUSDT Score=54 action=HOLD regime=ranging | Pos=0/6 | Solde=934.13 ×0.93 | WR=34% PnL=-9.49
2026-06-20 22:12:16 [INFO] SOLUSDT Score=74 action=BUY regime=trending_up | Pos=0/6 | Solde=934.13 ×0.93 | WR=34% PnL=-9.49
2026-06-20 22:12:17 [INFO] SOLUSDT bloqué — ATR trop faible (0.37% < 0.50%)
2026-06-20 22:14:57 [INFO] AVAXUSDT Score=60 action=HOLD regime=ranging | Pos=0/6 | Solde=934.13 ×0.93 | WR=34% PnL=-9.49
2026-06-20 22:15:13 [INFO] AVAXUSDT Score=82 action=BUY regime=trending_up | Pos=0/6 | Solde=934.13 ×0.93 | WR=34% PnL=-9.49
2026-06-20 22:15:13 [INFO] AVAXUSDT bloqué — ATR trop faible (0.44% < 0.50%)
2026-06-20 22:17:20 [INFO] SOLUSDT Score=82 action=BUY regime=trending_up | Pos=0/6 | Solde=934.13 ×0.93 | WR=34% PnL=-9.49
2026-06-20 22:17:21 [INFO] SOLUSDT bloqué — ATR trop faible (0.35% < 0.50%)
2026-06-20 22:18:57 [INFO] AVAXUSDT Score=44 action=HOLD regime=trending_up | Pos=0/6 | Solde=934.13 ×0.93 | WR=34% PnL=-9.49
2026-06-20 22:22:26 [INFO] SOLUSDT Score=74 action=BUY regime=trending_up | Pos=0/6 | Solde=934.13 ×0.93 | WR=34% PnL=-9.49
2026-06-20 22:22:26 [INFO] SOLUSDT bloqué — ATR trop faible (0.35% < 0.50%)
2026-06-20 22:22:59 [INFO] AVAXUSDT Score=82 action=BUY regime=trending_up | Pos=0/6 | Solde=934.13 ×0.93 | WR=34% PnL=-9.49
2026-06-20 22:22:59 [INFO] AVAXUSDT bloqué — ATR trop faible (0.45% < 0.50%)
2026-06-20 22:23:15 [INFO] AVAXUSDT Score=44 action=HOLD regime=trending_up | Pos=0/6 | Solde=934.13 ×0.93 | WR=34% PnL=-9.49
2026-06-20 22:25:40 [INFO] AVAXUSDT Score=78 action=BUY regime=trending_up | Pos=0/6 | Solde=934.13 ×0.93 | WR=34% PnL=-9.49
2026-06-20 22:27:32 [INFO] SOLUSDT Score=82 action=BUY regime=trending_up | Pos=0/6 | Solde=934.13 ×0.93 | WR=34% PnL=-9.49
2026-06-20 22:27:32 [INFO] SOLUSDT bloqué — ATR trop faible (0.35% < 0.50%)
2026-06-20 22:27:33 [INFO] AVAXUSDT Score=44 action=HOLD regime=trending_up | Pos=0/6 | Solde=934.13 ×0.93 | WR=34% PnL=-9.49
2026-06-20 22:30:14 [INFO] AVAXUSDT Score=82 action=BUY regime=trending_up | Pos=0/6 | Solde=934.13 ×0.93 | WR=34% PnL=-9.49
2026-06-20 22:30:14 [INFO] AVAXUSDT bloqué — ATR trop faible (0.42% < 0.50%)
2026-06-20 22:31:51 [INFO] Fear & Greed index = 23/100
2026-06-20 22:32:39 [INFO] SOLUSDT Score=86 action=BUY regime=trending_up | Pos=0/6 | Solde=934.13 ×0.93 | WR=34% PnL=-9.49
2026-06-20 22:32:39 [INFO] SOLUSDT bloqué — ATR trop faible (0.33% < 0.50%)
2026-06-20 22:35:21 [INFO] AVAXUSDT Score=86 action=BUY regime=trending_up | Pos=0/6 | Solde=934.13 ×0.93 | WR=34% PnL=-9.49
2026-06-20 22:35:21 [INFO] AVAXUSDT bloqué — ATR trop faible (0.43% < 0.50%)
2026-06-20 22:37:45 [INFO] SOLUSDT Score=86 action=BUY regime=trending_up | Pos=0/6 | Solde=934.13 ×0.93 | WR=34% PnL=-9.49
2026-06-20 22:37:45 [INFO] SOLUSDT bloqué — ATR trop faible (0.34% < 0.50%)
2026-06-20 22:40:27 [INFO] AVAXUSDT Score=86 action=BUY regime=trending_up | Pos=0/6 | Solde=934.13 ×0.93 | WR=34% PnL=-9.49
2026-06-20 22:40:27 [INFO] AVAXUSDT bloqué — ATR trop faible (0.43% < 0.50%)
2026-06-20 22:42:51 [INFO] SOLUSDT Score=92 action=BUY regime=trending_up | Pos=0/6 | Solde=934.13 ×0.93 | WR=34% PnL=-9.49
2026-06-20 22:42:51 [INFO] SOLUSDT bloqué — ATR trop faible (0.35% < 0.50%)
2026-06-20 22:45:32 [INFO] AVAXUSDT Score=78 action=BUY regime=trending_up | Pos=0/6 | Solde=934.13 ×0.93 | WR=34% PnL=-9.49
2026-06-20 22:45:32 [INFO] AVAXUSDT bloqué — ATR trop faible (0.40% < 0.50%)
2026-06-20 22:47:56 [INFO] SOLUSDT Score=74 action=BUY regime=trending_up | Pos=0/6 | Solde=934.13 ×0.93 | WR=34% PnL=-9.49
2026-06-20 22:47:57 [INFO] SOLUSDT bloqué — ATR trop faible (0.33% < 0.50%)
2026-06-20 22:50:38 [INFO] AVAXUSDT Score=69 action=BUY regime=trending_up | Pos=0/6 | Solde=934.13 ×0.93 | WR=34% PnL=-9.49
2026-06-20 22:50:38 [INFO] AVAXUSDT bloqué — ATR trop faible (0.42% < 0.50%)
2026-06-20 22:53:03 [INFO] SOLUSDT Score=69 action=BUY regime=trending_up | Pos=0/6 | Solde=934.13 ×0.93 | WR=34% PnL=-9.49
2026-06-20 22:53:03 [INFO] SOLUSDT bloqué — ATR trop faible (0.33% < 0.50%)
2026-06-20 22:55:45 [INFO] AVAXUSDT Score=78 action=BUY regime=trending_up | Pos=0/6 | Solde=934.13 ×0.93 | WR=34% PnL=-9.49
2026-06-20 22:55:45 [INFO] AVAXUSDT bloqué — ATR trop faible (0.42% < 0.50%)
2026-06-20 22:58:09 [INFO] SOLUSDT Score=69 action=BUY regime=trending_up | Pos=0/6 | Solde=934.13 ×0.93 | WR=34% PnL=-9.49
2026-06-20 22:58:09 [INFO] SOLUSDT bloqué — ATR trop faible (0.34% < 0.50%)
2026-06-20 23:00:50 [INFO] AVAXUSDT Score=72 action=BUY regime=trending_up | Pos=0/6 | Solde=934.13 ×0.93 | WR=34% PnL=-9.49
2026-06-20 23:00:50 [INFO] AVAXUSDT bloqué — ATR trop faible (0.39% < 0.50%)
2026-06-20 23:03:15 [INFO] SOLUSDT Score=69 action=BUY regime=trending_up | Pos=0/6 | Solde=934.13 ×0.93 | WR=34% PnL=-9.49
2026-06-20 23:03:15 [INFO] SOLUSDT bloqué — ATR trop faible (0.32% < 0.50%)
2026-06-20 23:05:57 [INFO] AVAXUSDT Score=69 action=BUY regime=trending_up | Pos=0/6 | Solde=934.13 ×0.93 | WR=34% PnL=-9.49
2026-06-20 23:05:57 [INFO] AVAXUSDT bloqué — ATR trop faible (0.40% < 0.50%)
2026-06-20 23:08:21 [INFO] SOLUSDT Score=69 action=BUY regime=trending_up | Pos=0/6 | Solde=934.13 ×0.93 | WR=34% PnL=-9.49
2026-06-20 23:08:22 [INFO] SOLUSDT bloqué — ATR trop faible (0.33% < 0.50%)
2026-06-20 23:11:03 [INFO] AVAXUSDT Score=69 action=BUY regime=trending_up | Pos=0/6 | Solde=934.13 ×0.93 | WR=34% PnL=-9.49
2026-06-20 23:11:03 [INFO] AVAXUSDT bloqué — ATR trop faible (0.40% < 0.50%)
2026-06-20 23:11:18 [INFO] SOLUSDT Score=64 action=HOLD regime=trending_up | Pos=0/6 | Solde=934.13 ×0.93 | WR=34% PnL=-9.49
2026-06-20 23:12:55 [INFO] AVAXUSDT Score=64 action=HOLD regime=trending_up | Pos=0/6 | Solde=934.13 ×0.93 | WR=34% PnL=-9.49
2026-06-20 23:14:16 [INFO] AVAXUSDT Score=70 action=BUY regime=trending_up | Pos=0/6 | Solde=934.13 ×0.93 | WR=34% PnL=-9.49
2026-06-20 23:14:16 [BUY] Ordre limite | 12.0900 AVAXUSDT @ 6.1810 | Score=70 | SL=6.1316 TP1=6.2428 TP2=6.2740 TP3=6.3664
2026-06-20 23:16:21 [INFO] SOLUSDT Score=64 action=HOLD regime=trending_up | Pos=0/6 | Solde=859.34 ×0.93 | WR=34% PnL=-9.49
2026-06-20 23:19:19 [INFO] Limite AVAXUSDT annulée (timeout 302s)
2026-06-20 23:19:28 [INFO] AVAXUSDT Score=72 action=BUY regime=trending_up | Pos=0/6 | Solde=934.13 ×0.93 | WR=34% PnL=-9.49
2026-06-20 23:19:28 [INFO] AVAXUSDT bloqué — ATR trop faible (0.49% < 0.50%)
2026-06-20 23:21:20 [INFO] AVAXUSDT Score=64 action=HOLD regime=trending_up | Pos=0/6 | Solde=934.13 ×0.93 | WR=34% PnL=-9.49
2026-06-20 23:21:36 [INFO] SOLUSDT Score=64 action=HOLD regime=trending_up | Pos=0/6 | Solde=934.13 ×0.93 | WR=34% PnL=-9.49
2026-06-20 23:22:08 [INFO] SOLUSDT Score=77 action=BUY regime=trending_up | Pos=0/6 | Solde=934.13 ×0.93 | WR=34% PnL=-9.49
2026-06-20 23:22:08 [INFO] SOLUSDT bloqué — ATR trop faible (0.35% < 0.50%)
2026-06-20 23:22:25 [INFO] AVAXUSDT Score=72 action=BUY regime=trending_up | Pos=0/6 | Solde=934.13 ×0.93 | WR=34% PnL=-9.49
2026-06-20 23:24:17 [INFO] SOLUSDT Score=64 action=HOLD regime=trending_up | Pos=0/6 | Solde=934.13 ×0.93 | WR=34% PnL=-9.49
2026-06-20 23:24:18 [BUY] Ordre limite | 12.0900 AVAXUSDT @ 6.1800 | Score=72 | SL=6.1318 TP1=6.2418 TP2=6.2730 TP3=6.3654
2026-06-20 23:24:49 [INFO] SOLUSDT Score=72 action=BUY regime=trending_up | Pos=0/6 | Solde=859.35 ×0.93 | WR=34% PnL=-9.49
2026-06-20 23:24:49 [WARNING] Max drawdown 14.1% — achats suspendus
2026-06-20 23:25:03 [BUY] Ordre rempli | 12.0900 AVAXUSDT @ 6.1800 | SL=6.1318 TP1=6.2418 TP2=6.2730 | Score=72 | ×0.93 compound
2026-06-20 23:25:21 [INFO] SOLUSDT Score=64 action=HOLD regime=trending_up | Pos=1/6 | Solde=859.35 ×0.93 | WR=34% PnL=-9.49
2026-06-20 23:26:38 [INFO] SOLUSDT Score=77 action=BUY regime=trending_up | Pos=1/6 | Solde=859.35 ×0.93 | WR=34% PnL=-9.49
2026-06-20 23:27:09 [INFO] SOLUSDT bloqué — ATR trop faible (0.36% < 0.50%)
2026-06-20 23:29:30 [INFO] AVAXUSDT Score=72 action=BUY regime=trending_up | Pos=1/6 | Solde=859.35 ×0.93 | WR=34% PnL=-9.49
2026-06-20 23:31:54 [INFO] SOLUSDT Score=80 action=BUY regime=trending_up | Pos=1/6 | Solde=859.35 ×0.93 | WR=34% PnL=-9.49
2026-06-20 23:31:55 [INFO] Fear & Greed index = 23/100
2026-06-20 23:32:11 [INFO] SOLUSDT bloqué — ATR trop faible (0.34% < 0.50%)
2026-06-20 23:34:36 [INFO] AVAXUSDT Score=80 action=BUY regime=trending_up | Pos=1/6 | Solde=859.35 ×0.93 | WR=34% PnL=-9.49
2026-06-20 23:37:01 [INFO] SOLUSDT Score=64 action=HOLD regime=trending_up | Pos=1/6 | Solde=859.35 ×0.93 | WR=34% PnL=-9.49
2026-06-20 23:37:17 [INFO] SOLUSDT Score=74 action=BUY regime=trending_up | Pos=1/6 | Solde=859.35 ×0.93 | WR=34% PnL=-9.49
2026-06-20 23:37:17 [INFO] SOLUSDT bloqué — ATR trop faible (0.35% < 0.50%)
2026-06-20 23:39:42 [INFO] SOLUSDT Score=64 action=HOLD regime=trending_up | Pos=1/6 | Solde=859.35 ×0.93 | WR=34% PnL=-9.49
2026-06-20 23:39:42 [INFO] AVAXUSDT Score=80 action=BUY regime=trending_up | Pos=1/6 | Solde=859.35 ×0.93 | WR=34% PnL=-9.49
2026-06-20 23:40:14 [INFO] SOLUSDT Score=77 action=BUY regime=trending_up | Pos=1/6 | Solde=859.35 ×0.93 | WR=34% PnL=-9.49
2026-06-20 23:41:19 [INFO] SOLUSDT Score=64 action=HOLD regime=trending_up | Pos=1/6 | Solde=859.35 ×0.93 | WR=34% PnL=-9.49
2026-06-20 23:41:35 [INFO] SOLUSDT Score=77 action=BUY regime=trending_up | Pos=1/6 | Solde=859.35 ×0.93 | WR=34% PnL=-9.49
2026-06-20 23:42:23 [INFO] SOLUSDT bloqué — ATR trop faible (0.35% < 0.50%)
2026-06-20 23:44:48 [INFO] AVAXUSDT Score=77 action=BUY regime=trending_up | Pos=1/6 | Solde=859.35 ×0.93 | WR=34% PnL=-9.49
2026-06-20 23:46:40 [INFO] SOLUSDT Score=77 action=BUY regime=trending_up | Pos=1/6 | Solde=859.35 ×0.93 | WR=34% PnL=-9.49
2026-06-20 23:46:57 [INFO] AVAXUSDT bloque — 3 bougies baissières consecutives
2026-06-20 23:47:28 [INFO] SOLUSDT bloqué — ATR trop faible (0.34% < 0.50%)
2026-06-20 23:49:21 [INFO] SOLUSDT Score=64 action=HOLD regime=trending_up | Pos=1/6 | Solde=859.35 ×0.93 | WR=34% PnL=-9.49
2026-06-20 23:49:54 [INFO] AVAXUSDT Score=77 action=BUY regime=trending_up | Pos=1/6 | Solde=859.35 ×0.93 | WR=34% PnL=-9.49
2026-06-20 23:50:57 [INFO] SOLUSDT Score=69 action=BUY regime=trending_up | Pos=1/6 | Solde=859.35 ×0.93 | WR=34% PnL=-9.49
2026-06-20 23:51:14 [INFO] SOLUSDT Score=64 action=HOLD regime=trending_up | Pos=1/6 | Solde=859.35 ×0.93 | WR=34% PnL=-9.49
2026-06-20 23:51:30 [INFO] SOLUSDT Score=69 action=BUY regime=trending_up | Pos=1/6 | Solde=859.35 ×0.93 | WR=34% PnL=-9.49
2026-06-20 23:52:34 [INFO] SOLUSDT bloqué — ATR trop faible (0.35% < 0.50%)
2026-06-20 23:54:59 [INFO] AVAXUSDT Score=77 action=BUY regime=trending_up | Pos=1/6 | Solde=859.35 ×0.93 | WR=34% PnL=-9.49
2026-06-20 23:56:35 [INFO] SOLUSDT Score=69 action=BUY regime=trending_up | Pos=1/6 | Solde=859.35 ×0.93 | WR=34% PnL=-9.49
2026-06-20 23:57:24 [INFO] SOLUSDT Score=64 action=HOLD regime=trending_up | Pos=1/6 | Solde=859.35 ×0.93 | WR=34% PnL=-9.49
2026-06-20 23:57:40 [INFO] SOLUSDT Score=69 action=BUY regime=trending_up | Pos=1/6 | Solde=859.35 ×0.93 | WR=34% PnL=-9.49
2026-06-20 23:57:40 [INFO] SOLUSDT bloqué — ATR trop faible (0.35% < 0.50%)
2026-06-20 23:59:00 [INFO] SOLUSDT Score=64 action=HOLD regime=trending_up | Pos=1/6 | Solde=859.35 ×0.93 | WR=34% PnL=-9.49
2026-06-21 00:00:04 [INFO] SOLUSDT Score=72 action=BUY regime=trending_up | Pos=1/6 | Solde=859.35 ×0.93 | WR=34% PnL=-9.49
2026-06-21 00:00:05 [INFO] AVAXUSDT Score=80 action=BUY regime=trending_up | Pos=1/6 | Solde=859.35 ×0.93 | WR=34% PnL=-9.49
2026-06-21 00:02:45 [INFO] SOLUSDT bloqué — ATR trop faible (0.33% < 0.50%)
2026-06-21 00:04:06 [INFO] SOLUSDT Score=60 action=HOLD regime=trending_up | Pos=1/6 | Solde=859.35 ×0.93 | WR=34% PnL=-9.49
2026-06-21 00:05:10 [INFO] AVAXUSDT Score=77 action=BUY regime=trending_up | Pos=1/6 | Solde=859.35 ×0.93 | WR=34% PnL=-9.49
2026-06-21 00:09:12 [INFO] SOLUSDT Score=56 action=HOLD regime=trending_up | Pos=1/6 | Solde=859.35 ×0.93 | WR=34% PnL=-9.49
2026-06-21 00:10:17 [INFO] AVAXUSDT Score=83 action=BUY regime=trending_up | Pos=1/6 | Solde=859.35 ×0.93 | WR=34% PnL=-9.49
2026-06-21 00:13:31 [INFO] AVAXUSDT Score=62 action=HOLD regime=trending_up | Pos=1/6 | Solde=859.35 ×0.93 | WR=34% PnL=-9.49
2026-06-21 00:14:19 [INFO] SOLUSDT Score=48 action=HOLD regime=trending_up | Pos=1/6 | Solde=859.35 ×0.93 | WR=34% PnL=-9.49
2026-06-21 00:15:40 [INFO] AVAXUSDT Score=69 action=BUY regime=trending_up | Pos=1/6 | Solde=859.35 ×0.93 | WR=34% PnL=-9.49
2026-06-21 00:19:24 [INFO] SOLUSDT Score=64 action=HOLD regime=trending_up | Pos=1/6 | Solde=859.35 ×0.93 | WR=34% PnL=-9.49
2026-06-21 00:20:45 [INFO] AVAXUSDT Score=77 action=BUY regime=trending_up | Pos=1/6 | Solde=859.35 ×0.93 | WR=34% PnL=-9.49
2026-06-21 00:24:29 [INFO] SOLUSDT Score=58 action=HOLD regime=trending_up | Pos=1/6 | Solde=859.35 ×0.93 | WR=34% PnL=-9.49
2026-06-21 00:25:02 [INFO] AVAXUSDT Score=60 action=HOLD regime=trending_up | Pos=1/6 | Solde=859.35 ×0.93 | WR=34% PnL=-9.49
2026-06-21 00:25:18 [INFO] AVAXUSDT Score=69 action=BUY regime=trending_up | Pos=1/6 | Solde=859.35 ×0.93 | WR=34% PnL=-9.49
2026-06-21 00:27:43 [INFO] AVAXUSDT Score=63 action=HOLD regime=trending_up | Pos=1/6 | Solde=859.35 ×0.93 | WR=34% PnL=-9.49
2026-06-21 00:28:47 [INFO] AVAXUSDT Score=72 action=BUY regime=trending_up | Pos=1/6 | Solde=859.35 ×0.93 | WR=34% PnL=-9.49
2026-06-21 00:29:19 [INFO] AVAXUSDT Score=62 action=HOLD regime=trending_up | Pos=1/6 | Solde=859.35 ×0.93 | WR=34% PnL=-9.49
2026-06-21 00:29:35 [INFO] SOLUSDT Score=48 action=HOLD regime=trending_up | Pos=1/6 | Solde=859.35 ×0.93 | WR=34% PnL=-9.49
2026-06-21 00:30:07 [INFO] SOLUSDT Score=40 action=HOLD regime=volatile | Pos=1/6 | Solde=859.35 ×0.93 | WR=34% PnL=-9.49
2026-06-21 00:34:25 [INFO] AVAXUSDT Score=60 action=HOLD regime=trending_up | Pos=1/6 | Solde=859.35 ×0.93 | WR=34% PnL=-9.49
2026-06-21 00:35:13 [INFO] SOLUSDT Score=40 action=HOLD regime=volatile | Pos=1/6 | Solde=859.35 ×0.93 | WR=34% PnL=-9.49
2026-06-21 00:39:30 [INFO] AVAXUSDT Score=60 action=HOLD regime=trending_up | Pos=1/6 | Solde=859.35 ×0.93 | WR=34% PnL=-9.49
2026-06-21 00:40:18 [INFO] SOLUSDT Score=36 action=HOLD regime=volatile | Pos=1/6 | Solde=859.35 ×0.93 | WR=34% PnL=-9.49
2026-06-21 00:44:35 [INFO] AVAXUSDT Score=60 action=HOLD regime=trending_up | Pos=1/6 | Solde=859.35 ×0.93 | WR=34% PnL=-9.49
2026-06-21 00:45:23 [INFO] SOLUSDT Score=40 action=HOLD regime=volatile | Pos=1/6 | Solde=859.35 ×0.93 | WR=34% PnL=-9.49
2026-06-21 00:49:41 [INFO] AVAXUSDT Score=60 action=HOLD regime=trending_up | Pos=1/6 | Solde=859.35 ×0.93 | WR=34% PnL=-9.49
2026-06-21 00:50:29 [INFO] SOLUSDT Score=56 action=HOLD regime=volatile | Pos=1/6 | Solde=859.35 ×0.93 | WR=34% PnL=-9.49
2026-06-21 00:53:54 [TP1] 6.0450 AVAXUSDT @ 6.2450 | PnL=+0.3366 (+0.90%) | Compound ×0.90 | Session PnL=-9.15 WR=36% | Raison=tp1
2026-06-21 00:53:54 [INFO] Breakeven SL → 6.1985
2026-06-21 00:54:46 [INFO] AVAXUSDT Score=60 action=HOLD regime=trending_up | Pos=1/6 | Solde=897.08 ×0.90 | WR=36% PnL=-9.15
2026-06-21 00:55:34 [INFO] SOLUSDT Score=56 action=HOLD regime=volatile | Pos=1/6 | Solde=897.08 ×0.90 | WR=36% PnL=-9.15
2026-06-21 00:59:52 [INFO] AVAXUSDT Score=60 action=HOLD regime=trending_up | Pos=1/6 | Solde=897.08 ×0.90 | WR=36% PnL=-9.15
2026-06-21 01:00:40 [INFO] SOLUSDT Score=59 action=HOLD regime=volatile | Pos=1/6 | Solde=897.08 ×0.90 | WR=36% PnL=-9.15
2026-06-21 01:04:57 [INFO] AVAXUSDT Score=68 action=BUY regime=trending_up | Pos=1/6 | Solde=897.08 ×0.90 | WR=36% PnL=-9.15
2026-06-21 01:05:45 [INFO] SOLUSDT Score=56 action=HOLD regime=volatile | Pos=1/6 | Solde=897.08 ×0.90 | WR=36% PnL=-9.15
2026-06-21 01:08:58 [INFO] AVAXUSDT Score=60 action=HOLD regime=trending_up | Pos=1/6 | Solde=897.08 ×0.90 | WR=36% PnL=-9.15
2026-06-21 01:10:50 [INFO] SOLUSDT Score=56 action=HOLD regime=volatile | Pos=1/6 | Solde=897.08 ×0.90 | WR=36% PnL=-9.15
2026-06-21 01:11:39 [INFO] AVAXUSDT Score=68 action=BUY regime=trending_up | Pos=1/6 | Solde=897.08 ×0.90 | WR=36% PnL=-9.15
2026-06-21 01:15:08 [INFO] AVAXUSDT Score=63 action=HOLD regime=trending_up | Pos=1/6 | Solde=897.08 ×0.90 | WR=36% PnL=-9.15
2026-06-21 01:15:56 [INFO] SOLUSDT Score=56 action=HOLD regime=volatile | Pos=1/6 | Solde=897.08 ×0.90 | WR=36% PnL=-9.15
2026-06-21 01:20:14 [INFO] AVAXUSDT Score=60 action=HOLD regime=trending_up | Pos=1/6 | Solde=897.08 ×0.90 | WR=36% PnL=-9.15
2026-06-21 01:21:02 [INFO] SOLUSDT Score=56 action=HOLD regime=volatile | Pos=1/6 | Solde=897.08 ×0.90 | WR=36% PnL=-9.15
2026-06-21 01:25:20 [INFO] AVAXUSDT Score=60 action=HOLD regime=trending_up | Pos=1/6 | Solde=897.08 ×0.90 | WR=36% PnL=-9.15
2026-06-21 01:26:07 [INFO] SOLUSDT Score=56 action=HOLD regime=volatile | Pos=1/6 | Solde=897.08 ×0.90 | WR=36% PnL=-9.15
2026-06-21 01:30:25 [INFO] AVAXUSDT Score=60 action=HOLD regime=trending_up | Pos=1/6 | Solde=897.08 ×0.90 | WR=36% PnL=-9.15
2026-06-21 01:31:13 [INFO] SOLUSDT Score=52 action=HOLD regime=volatile | Pos=1/6 | Solde=897.08 ×0.90 | WR=36% PnL=-9.15
2026-06-21 01:35:30 [INFO] AVAXUSDT Score=60 action=HOLD regime=trending_up | Pos=1/6 | Solde=897.08 ×0.90 | WR=36% PnL=-9.15
2026-06-21 01:36:18 [INFO] SOLUSDT Score=56 action=HOLD regime=volatile | Pos=1/6 | Solde=897.08 ×0.90 | WR=36% PnL=-9.15
2026-06-21 01:40:35 [INFO] AVAXUSDT Score=60 action=HOLD regime=trending_up | Pos=1/6 | Solde=897.08 ×0.90 | WR=36% PnL=-9.15
2026-06-21 01:41:23 [INFO] SOLUSDT Score=62 action=HOLD regime=volatile | Pos=1/6 | Solde=897.08 ×0.90 | WR=36% PnL=-9.15
2026-06-21 01:45:41 [INFO] AVAXUSDT Score=74 action=BUY regime=trending_up | Pos=1/6 | Solde=897.08 ×0.90 | WR=36% PnL=-9.15
2026-06-21 01:46:28 [INFO] SOLUSDT Score=70 action=BUY regime=volatile | Pos=1/6 | Solde=897.08 ×0.90 | WR=36% PnL=-9.15
2026-06-21 01:50:46 [INFO] AVAXUSDT Score=82 action=BUY regime=trending_up | Pos=1/6 | Solde=897.08 ×0.90 | WR=36% PnL=-9.15
2026-06-21 01:51:34 [INFO] SOLUSDT Score=70 action=BUY regime=volatile | Pos=1/6 | Solde=897.08 ×0.90 | WR=36% PnL=-9.15
2026-06-21 01:55:51 [INFO] AVAXUSDT Score=74 action=BUY regime=trending_up | Pos=1/6 | Solde=897.08 ×0.90 | WR=36% PnL=-9.15
2026-06-21 01:56:39 [INFO] SOLUSDT Score=70 action=BUY regime=volatile | Pos=1/6 | Solde=897.08 ×0.90 | WR=36% PnL=-9.15
2026-06-21 01:58:17 [INFO] AVAXUSDT Score=66 action=HOLD regime=trending_up | Pos=1/6 | Solde=897.08 ×0.90 | WR=36% PnL=-9.15
2026-06-21 02:00:09 [INFO] AVAXUSDT Score=76 action=BUY regime=trending_up | Pos=1/6 | Solde=897.08 ×0.90 | WR=36% PnL=-9.15
2026-06-21 02:00:41 [INFO] AVAXUSDT Score=66 action=HOLD regime=trending_up | Pos=1/6 | Solde=897.08 ×0.90 | WR=36% PnL=-9.15
2026-06-21 02:01:13 [INFO] AVAXUSDT Score=74 action=BUY regime=trending_up | Pos=1/6 | Solde=897.08 ×0.90 | WR=36% PnL=-9.15
2026-06-21 02:01:45 [INFO] SOLUSDT Score=78 action=BUY regime=volatile | Pos=1/6 | Solde=897.08 ×0.90 | WR=36% PnL=-9.15
2026-06-21 02:05:14 [INFO] SOLUSDT Score=60 action=HOLD regime=volatile | Pos=1/6 | Solde=897.08 ×0.90 | WR=36% PnL=-9.15
2026-06-21 02:06:20 [INFO] AVAXUSDT Score=74 action=BUY regime=trending_up | Pos=1/6 | Solde=897.08 ×0.90 | WR=36% PnL=-9.15
2026-06-21 02:06:36 [INFO] SOLUSDT Score=74 action=BUY regime=volatile | Pos=1/6 | Solde=897.08 ×0.90 | WR=36% PnL=-9.15
2026-06-21 02:07:08 [INFO] SOLUSDT Score=60 action=HOLD regime=volatile | Pos=1/6 | Solde=897.08 ×0.90 | WR=36% PnL=-9.15
2026-06-21 02:07:24 [INFO] SOLUSDT Score=68 action=BUY regime=volatile | Pos=1/6 | Solde=897.08 ×0.90 | WR=36% PnL=-9.15
2026-06-21 02:08:12 [INFO] SOLUSDT Score=64 action=HOLD regime=volatile | Pos=1/6 | Solde=897.08 ×0.90 | WR=36% PnL=-9.15
2026-06-21 02:11:26 [INFO] AVAXUSDT Score=74 action=BUY regime=trending_up | Pos=1/6 | Solde=897.08 ×0.90 | WR=36% PnL=-9.15
2026-06-21 02:13:18 [INFO] SOLUSDT Score=64 action=HOLD regime=volatile | Pos=1/6 | Solde=897.08 ×0.90 | WR=36% PnL=-9.15
2026-06-21 02:15:11 [INFO] SOLUSDT Score=39 action=HOLD regime=trending_up | Pos=1/6 | Solde=897.08 ×0.90 | WR=36% PnL=-9.15
2026-06-21 02:15:44 [INFO] AVAXUSDT Score=66 action=HOLD regime=trending_up | Pos=1/6 | Solde=897.08 ×0.90 | WR=36% PnL=-9.15
2026-06-21 02:17:20 [INFO] SOLUSDT Score=86 action=BUY regime=trending_up | Pos=1/6 | Solde=897.08 ×0.90 | WR=36% PnL=-9.15
2026-06-21 02:17:20 [INFO] Fear & Greed index = 23/100
2026-06-21 02:17:21 [INFO] SOLUSDT bloqué — ATR trop faible (0.39% < 0.50%)
2026-06-21 02:18:09 [INFO] SOLUSDT Score=36 action=HOLD regime=trending_up | Pos=1/6 | Solde=897.08 ×0.90 | WR=36% PnL=-9.15
2026-06-21 02:19:45 [TP2] 3.0225 AVAXUSDT @ 6.2770 | PnL=+0.2649 (+1.42%) | Compound ×0.92 | Session PnL=-8.89 WR=37% | Raison=tp2
2026-06-21 02:20:51 [INFO] AVAXUSDT Score=60 action=HOLD regime=trending_up | Pos=1/6 | Solde=916.03 ×0.92 | WR=37% PnL=-8.89
2026-06-21 02:22:11 [INFO] SOLUSDT Score=86 action=BUY regime=trending_up | Pos=1/6 | Solde=916.03 ×0.92 | WR=37% PnL=-8.89
2026-06-21 02:22:28 [INFO] SOLUSDT bloqué — ATR trop faible (0.40% < 0.50%)
2026-06-21 02:23:32 [INFO] SOLUSDT Score=39 action=HOLD regime=trending_up | Pos=1/6 | Solde=916.03 ×0.92 | WR=37% PnL=-8.89
2026-06-21 02:25:57 [INFO] AVAXUSDT Score=68 action=BUY regime=trending_up | Pos=1/6 | Solde=916.03 ×0.92 | WR=37% PnL=-8.89
2026-06-21 02:28:37 [INFO] SOLUSDT Score=36 action=HOLD regime=trending_up | Pos=1/6 | Solde=916.03 ×0.92 | WR=37% PnL=-8.89
2026-06-21 02:29:42 [INFO] AVAXUSDT Score=66 action=HOLD regime=trending_up | Pos=1/6 | Solde=916.03 ×0.92 | WR=37% PnL=-8.89
2026-06-21 02:30:14 [INFO] AVAXUSDT Score=68 action=BUY regime=trending_up | Pos=1/6 | Solde=916.03 ×0.92 | WR=37% PnL=-8.89
2026-06-21 02:31:35 [INFO] AVAXUSDT Score=63 action=HOLD regime=trending_up | Pos=1/6 | Solde=916.03 ×0.92 | WR=37% PnL=-8.89
2026-06-21 02:33:43 [INFO] SOLUSDT Score=60 action=HOLD regime=trending_up | Pos=1/6 | Solde=916.03 ×0.92 | WR=37% PnL=-8.89
2026-06-21 02:34:00 [INFO] AVAXUSDT Score=74 action=BUY regime=trending_up | Pos=1/6 | Solde=916.03 ×0.92 | WR=37% PnL=-8.89
2026-06-21 02:35:04 [INFO] AVAXUSDT Score=66 action=HOLD regime=trending_up | Pos=1/6 | Solde=916.03 ×0.92 | WR=37% PnL=-8.89
2026-06-21 02:38:49 [INFO] SOLUSDT Score=60 action=HOLD regime=trending_up | Pos=1/6 | Solde=916.03 ×0.92 | WR=37% PnL=-8.89
2026-06-21 02:40:10 [INFO] AVAXUSDT Score=60 action=HOLD regime=trending_up | Pos=1/6 | Solde=916.03 ×0.92 | WR=37% PnL=-8.89
2026-06-21 02:43:55 [INFO] SOLUSDT Score=60 action=HOLD regime=trending_up | Pos=1/6 | Solde=916.03 ×0.92 | WR=37% PnL=-8.89
2026-06-21 02:45:15 [INFO] AVAXUSDT Score=74 action=BUY regime=trending_up | Pos=1/6 | Solde=916.03 ×0.92 | WR=37% PnL=-8.89
2026-06-21 02:49:00 [INFO] SOLUSDT Score=60 action=HOLD regime=trending_up | Pos=1/6 | Solde=916.03 ×0.92 | WR=37% PnL=-8.89
2026-06-21 02:50:04 [INFO] SOLUSDT Score=74 action=BUY regime=trending_up | Pos=1/6 | Solde=916.03 ×0.92 | WR=37% PnL=-8.89
2026-06-21 02:50:04 [INFO] SOLUSDT bloqué — ATR trop faible (0.38% < 0.50%)
2026-06-21 02:50:20 [INFO] SOLUSDT Score=60 action=HOLD regime=trending_up | Pos=1/6 | Solde=916.03 ×0.92 | WR=37% PnL=-8.89
2026-06-21 02:50:21 [INFO] AVAXUSDT Score=74 action=BUY regime=trending_up | Pos=1/6 | Solde=916.03 ×0.92 | WR=37% PnL=-8.89
2026-06-21 02:50:37 [INFO] SOLUSDT Score=74 action=BUY regime=trending_up | Pos=1/6 | Solde=916.03 ×0.92 | WR=37% PnL=-8.89
2026-06-21 02:54:54 [INFO] SOLUSDT Score=60 action=HOLD regime=trending_up | Pos=1/6 | Solde=916.03 ×0.92 | WR=37% PnL=-8.89
2026-06-21 02:55:10 [INFO] SOLUSDT Score=74 action=BUY regime=trending_up | Pos=1/6 | Solde=916.03 ×0.92 | WR=37% PnL=-8.89
2026-06-21 02:55:10 [INFO] SOLUSDT bloqué — ATR trop faible (0.39% < 0.50%)
2026-06-21 02:55:27 [INFO] AVAXUSDT Score=74 action=BUY regime=trending_up | Pos=1/6 | Solde=916.03 ×0.92 | WR=37% PnL=-8.89
2026-06-21 02:55:42 [INFO] SOLUSDT Score=60 action=HOLD regime=trending_up | Pos=1/6 | Solde=916.03 ×0.92 | WR=37% PnL=-8.89
2026-06-21 02:57:35 [INFO] SOLUSDT Score=74 action=BUY regime=trending_up | Pos=1/6 | Solde=916.03 ×0.92 | WR=37% PnL=-8.89
2026-06-21 02:58:07 [INFO] SOLUSDT Score=60 action=HOLD regime=trending_up | Pos=1/6 | Solde=916.03 ×0.92 | WR=37% PnL=-8.89
2026-06-21 02:58:23 [INFO] SOLUSDT Score=74 action=BUY regime=trending_up | Pos=1/6 | Solde=916.03 ×0.92 | WR=37% PnL=-8.89
2026-06-21 02:58:39 [INFO] SOLUSDT Score=60 action=HOLD regime=trending_up | Pos=1/6 | Solde=916.03 ×0.92 | WR=37% PnL=-8.89
2026-06-21 02:58:55 [INFO] SOLUSDT Score=74 action=BUY regime=trending_up | Pos=1/6 | Solde=916.03 ×0.92 | WR=37% PnL=-8.89
2026-06-21 03:00:16 [INFO] SOLUSDT Score=62 action=HOLD regime=trending_up | Pos=1/6 | Solde=916.03 ×0.92 | WR=37% PnL=-8.89
2026-06-21 03:00:32 [INFO] AVAXUSDT Score=76 action=BUY regime=trending_up | Pos=1/6 | Solde=916.03 ×0.92 | WR=37% PnL=-8.89
2026-06-21 03:01:52 [INFO] AVAXUSDT bloque — 3 bougies baissières consecutives
2026-06-21 03:04:33 [INFO] AVAXUSDT Score=66 action=HOLD regime=trending_up | Pos=1/6 | Solde=916.03 ×0.92 | WR=37% PnL=-8.89
2026-06-21 03:05:21 [INFO] SOLUSDT Score=60 action=HOLD regime=trending_up | Pos=1/6 | Solde=916.03 ×0.92 | WR=37% PnL=-8.89
2026-06-21 03:05:21 [INFO] AVAXUSDT Score=74 action=BUY regime=trending_up | Pos=1/6 | Solde=916.03 ×0.92 | WR=37% PnL=-8.89
2026-06-21 03:06:10 [INFO] AVAXUSDT Score=66 action=HOLD regime=trending_up | Pos=1/6 | Solde=916.03 ×0.92 | WR=37% PnL=-8.89
2026-06-21 03:07:14 [INFO] AVAXUSDT Score=74 action=BUY regime=trending_up | Pos=1/6 | Solde=916.03 ×0.92 | WR=37% PnL=-8.89
2026-06-21 03:10:11 [INFO] AVAXUSDT Score=66 action=HOLD regime=trending_up | Pos=1/6 | Solde=916.03 ×0.92 | WR=37% PnL=-8.89
2026-06-21 03:10:26 [INFO] SOLUSDT Score=60 action=HOLD regime=trending_up | Pos=1/6 | Solde=916.03 ×0.92 | WR=37% PnL=-8.89
2026-06-21 03:11:47 [INFO] AVAXUSDT Score=74 action=BUY regime=trending_up | Pos=1/6 | Solde=916.03 ×0.92 | WR=37% PnL=-8.89
2026-06-21 03:13:07 [INFO] AVAXUSDT bloque — 3 bougies baissières consecutives
2026-06-21 03:15:15 [INFO] SOLUSDT Score=74 action=BUY regime=trending_up | Pos=1/6 | Solde=916.03 ×0.92 | WR=37% PnL=-8.89
2026-06-21 03:15:16 [INFO] SOLUSDT bloqué — ATR trop faible (0.35% < 0.50%)
2026-06-21 03:16:36 [INFO] SOLUSDT Score=64 action=HOLD regime=trending_up | Pos=1/6 | Solde=916.03 ×0.92 | WR=37% PnL=-8.89
2026-06-21 03:16:52 [INFO] AVAXUSDT Score=76 action=BUY regime=trending_up | Pos=1/6 | Solde=916.03 ×0.92 | WR=37% PnL=-8.89
2026-06-21 03:21:41 [INFO] SOLUSDT Score=54 action=HOLD regime=trending_up | Pos=1/6 | Solde=916.03 ×0.92 | WR=37% PnL=-8.89
2026-06-21 03:21:58 [INFO] AVAXUSDT Score=82 action=BUY regime=trending_up | Pos=1/6 | Solde=916.03 ×0.92 | WR=37% PnL=-8.89
2026-06-21 03:26:46 [INFO] SOLUSDT Score=54 action=HOLD regime=trending_up | Pos=1/6 | Solde=916.03 ×0.92 | WR=37% PnL=-8.89
2026-06-21 03:27:03 [INFO] AVAXUSDT Score=82 action=BUY regime=trending_up | Pos=1/6 | Solde=916.03 ×0.92 | WR=37% PnL=-8.89
2026-06-21 03:27:19 [INFO] AVAXUSDT Score=50 action=HOLD regime=trending_up | Pos=1/6 | Solde=916.03 ×0.92 | WR=37% PnL=-8.89
2026-06-21 03:30:15 [INFO] SOLUSDT Score=80 action=BUY regime=trending_up | Pos=1/6 | Solde=916.03 ×0.92 | WR=37% PnL=-8.89
2026-06-21 03:30:16 [INFO] Fear & Greed index = 23/100
2026-06-21 03:30:16 [INFO] SOLUSDT bloqué — ATR trop faible (0.34% < 0.50%)
2026-06-21 03:32:25 [INFO] AVAXUSDT Score=64 action=HOLD regime=trending_up | Pos=1/6 | Solde=916.03 ×0.92 | WR=37% PnL=-8.89
2026-06-21 03:35:21 [INFO] SOLUSDT Score=74 action=BUY regime=trending_up | Pos=1/6 | Solde=916.03 ×0.92 | WR=37% PnL=-8.89
2026-06-21 03:35:21 [INFO] SOLUSDT bloqué — ATR trop faible (0.36% < 0.50%)
2026-06-21 03:37:30 [INFO] AVAXUSDT Score=64 action=HOLD regime=trending_up | Pos=1/6 | Solde=916.03 ×0.92 | WR=37% PnL=-8.89
2026-06-21 03:38:35 [INFO] SOLUSDT Score=64 action=HOLD regime=trending_up | Pos=1/6 | Solde=916.03 ×0.92 | WR=37% PnL=-8.89
2026-06-21 03:39:39 [INFO] SOLUSDT Score=74 action=BUY regime=trending_up | Pos=1/6 | Solde=916.03 ×0.92 | WR=37% PnL=-8.89
2026-06-21 03:40:27 [INFO] SOLUSDT bloqué — ATR trop faible (0.37% < 0.50%)
2026-06-21 03:42:37 [INFO] AVAXUSDT Score=62 action=HOLD regime=trending_up | Pos=1/6 | Solde=916.03 ×0.92 | WR=37% PnL=-8.89
2026-06-21 03:43:57 [INFO] SOLUSDT Score=64 action=HOLD regime=trending_up | Pos=1/6 | Solde=916.03 ×0.92 | WR=37% PnL=-8.89
2026-06-21 03:47:43 [INFO] AVAXUSDT Score=62 action=HOLD regime=trending_up | Pos=1/6 | Solde=916.03 ×0.92 | WR=37% PnL=-8.89
2026-06-21 03:49:02 [INFO] SOLUSDT Score=56 action=HOLD regime=trending_up | Pos=1/6 | Solde=916.03 ×0.92 | WR=37% PnL=-8.89
2026-06-21 03:52:48 [INFO] AVAXUSDT Score=62 action=HOLD regime=trending_up | Pos=1/6 | Solde=916.03 ×0.92 | WR=37% PnL=-8.89
2026-06-21 03:54:08 [INFO] SOLUSDT Score=56 action=HOLD regime=trending_up | Pos=1/6 | Solde=916.03 ×0.92 | WR=37% PnL=-8.89
2026-06-21 03:57:53 [INFO] AVAXUSDT Score=62 action=HOLD regime=trending_up | Pos=1/6 | Solde=916.03 ×0.92 | WR=37% PnL=-8.89
2026-06-21 03:59:13 [INFO] SOLUSDT Score=56 action=HOLD regime=trending_up | Pos=1/6 | Solde=916.03 ×0.92 | WR=37% PnL=-8.89
2026-06-21 04:02:59 [INFO] AVAXUSDT Score=64 action=HOLD regime=trending_up | Pos=1/6 | Solde=916.03 ×0.92 | WR=37% PnL=-8.89
2026-06-21 04:04:18 [INFO] SOLUSDT Score=64 action=HOLD regime=trending_up | Pos=1/6 | Solde=916.03 ×0.92 | WR=37% PnL=-8.89
2026-06-21 04:08:05 [INFO] AVAXUSDT Score=64 action=HOLD regime=trending_up | Pos=1/6 | Solde=916.03 ×0.92 | WR=37% PnL=-8.89
2026-06-21 04:09:25 [INFO] SOLUSDT Score=64 action=HOLD regime=trending_up | Pos=1/6 | Solde=916.03 ×0.92 | WR=37% PnL=-8.89
2026-06-21 04:13:11 [INFO] AVAXUSDT Score=64 action=HOLD regime=trending_up | Pos=1/6 | Solde=916.03 ×0.92 | WR=37% PnL=-8.89
2026-06-21 04:14:30 [INFO] SOLUSDT Score=66 action=HOLD regime=trending_up | Pos=1/6 | Solde=916.03 ×0.92 | WR=37% PnL=-8.89
2026-06-21 04:15:51 [INFO] AVAXUSDT Score=70 action=BUY regime=trending_up | Pos=1/6 | Solde=916.03 ×0.92 | WR=37% PnL=-8.89
2026-06-21 04:16:07 [INFO] AVAXUSDT Score=68 action=HOLD regime=trending_up | Pos=1/6 | Solde=916.03 ×0.92 | WR=37% PnL=-8.89
2026-06-21 04:19:35 [INFO] SOLUSDT Score=56 action=HOLD regime=trending_up | Pos=1/6 | Solde=916.03 ×0.92 | WR=37% PnL=-8.89
2026-06-21 04:21:12 [INFO] AVAXUSDT Score=68 action=HOLD regime=trending_up | Pos=1/6 | Solde=916.03 ×0.92 | WR=37% PnL=-8.89
2026-06-21 04:24:41 [INFO] SOLUSDT Score=46 action=HOLD regime=trending_up | Pos=1/6 | Solde=916.03 ×0.92 | WR=37% PnL=-8.89
2026-06-21 04:26:18 [INFO] AVAXUSDT Score=68 action=HOLD regime=trending_up | Pos=1/6 | Solde=916.03 ×0.92 | WR=37% PnL=-8.89
2026-06-21 04:29:46 [INFO] SOLUSDT Score=46 action=HOLD regime=trending_up | Pos=1/6 | Solde=916.03 ×0.92 | WR=37% PnL=-8.89
2026-06-21 04:30:03 [INFO] AVAXUSDT Score=70 action=BUY regime=trending_up | Pos=1/6 | Solde=916.03 ×0.92 | WR=37% PnL=-8.89
2026-06-21 04:31:07 [INFO] AVAXUSDT Score=68 action=HOLD regime=trending_up | Pos=1/6 | Solde=916.03 ×0.92 | WR=37% PnL=-8.89
2026-06-21 04:34:52 [INFO] SOLUSDT Score=66 action=HOLD regime=trending_up | Pos=1/6 | Solde=916.03 ×0.92 | WR=37% PnL=-8.89
2026-06-21 04:34:52 [INFO] AVAXUSDT Score=78 action=BUY regime=trending_up | Pos=1/6 | Solde=916.03 ×0.92 | WR=37% PnL=-8.89
2026-06-21 04:34:52 [INFO] AVAXUSDT bloque — 3 bougies baissières consecutives
2026-06-21 04:35:08 [INFO] AVAXUSDT Score=68 action=HOLD regime=trending_up | Pos=1/6 | Solde=916.03 ×0.92 | WR=37% PnL=-8.89
2026-06-21 04:36:44 [INFO] SOLUSDT Score=72 action=BUY regime=trending_up | Pos=1/6 | Solde=916.03 ×0.92 | WR=37% PnL=-8.89
2026-06-21 04:36:45 [INFO] Fear & Greed index = 23/100
2026-06-21 04:36:45 [INFO] SOLUSDT bloqué — ATR trop faible (0.32% < 0.50%)
2026-06-21 04:37:50 [INFO] AVAXUSDT Score=78 action=BUY regime=trending_up | Pos=1/6 | Solde=916.03 ×0.92 | WR=37% PnL=-8.89
2026-06-21 04:40:46 [INFO] SOLUSDT Score=62 action=HOLD regime=trending_up | Pos=1/6 | Solde=916.03 ×0.92 | WR=37% PnL=-8.89
2026-06-21 04:41:18 [INFO] SOLUSDT Score=72 action=BUY regime=trending_up | Pos=1/6 | Solde=916.03 ×0.92 | WR=37% PnL=-8.89
2026-06-21 04:41:50 [INFO] SOLUSDT bloqué — ATR trop faible (0.32% < 0.50%)
2026-06-21 04:42:55 [INFO] AVAXUSDT Score=78 action=BUY regime=trending_up | Pos=1/6 | Solde=916.03 ×0.92 | WR=37% PnL=-8.89
2026-06-21 04:43:58 [INFO] SOLUSDT Score=62 action=HOLD regime=trending_up | Pos=1/6 | Solde=916.03 ×0.92 | WR=37% PnL=-8.89
2026-06-21 04:45:03 [INFO] AVAXUSDT Score=66 action=HOLD regime=trending_up | Pos=1/6 | Solde=916.03 ×0.92 | WR=37% PnL=-8.89
2026-06-21 04:49:01 [INFO] SOLUSDT Score=62 action=HOLD regime=trending_up | Pos=1/6 | Solde=916.03 ×0.92 | WR=37% PnL=-8.89
2026-06-21 04:50:06 [INFO] AVAXUSDT Score=52 action=HOLD regime=trending_up | Pos=1/6 | Solde=916.03 ×0.92 | WR=37% PnL=-8.89
2026-06-21 04:54:04 [INFO] SOLUSDT Score=62 action=HOLD regime=trending_up | Pos=1/6 | Solde=916.03 ×0.92 | WR=37% PnL=-8.89
2026-06-21 04:55:09 [INFO] AVAXUSDT Score=52 action=HOLD regime=trending_up | Pos=1/6 | Solde=916.03 ×0.92 | WR=37% PnL=-8.89
2026-06-21 04:59:07 [INFO] SOLUSDT Score=62 action=HOLD regime=trending_up | Pos=1/6 | Solde=916.03 ×0.92 | WR=37% PnL=-8.89
2026-06-21 05:00:11 [INFO] AVAXUSDT Score=62 action=HOLD regime=trending_up | Pos=1/6 | Solde=916.03 ×0.92 | WR=37% PnL=-8.89
2026-06-21 05:01:15 [INFO] AVAXUSDT Score=69 action=BUY regime=trending_up | Pos=1/6 | Solde=916.03 ×0.92 | WR=37% PnL=-8.89
2026-06-21 05:01:47 [INFO] AVAXUSDT Score=60 action=HOLD regime=trending_up | Pos=1/6 | Solde=916.03 ×0.92 | WR=37% PnL=-8.89
2026-06-21 05:02:19 [INFO] AVAXUSDT Score=69 action=BUY regime=trending_up | Pos=1/6 | Solde=916.03 ×0.92 | WR=37% PnL=-8.89
2026-06-21 05:04:10 [INFO] SOLUSDT Score=62 action=HOLD regime=trending_up | Pos=1/6 | Solde=916.03 ×0.92 | WR=37% PnL=-8.89
2026-06-21 05:05:14 [INFO] AVAXUSDT Score=64 action=HOLD regime=trending_up | Pos=1/6 | Solde=916.03 ×0.92 | WR=37% PnL=-8.89
2026-06-21 05:09:14 [INFO] SOLUSDT Score=64 action=HOLD regime=trending_up | Pos=1/6 | Solde=916.03 ×0.92 | WR=37% PnL=-8.89
2026-06-21 05:10:18 [INFO] AVAXUSDT Score=64 action=HOLD regime=trending_up | Pos=1/6 | Solde=916.03 ×0.92 | WR=37% PnL=-8.89
2026-06-21 05:14:17 [INFO] SOLUSDT Score=44 action=HOLD regime=trending_up | Pos=1/6 | Solde=916.03 ×0.92 | WR=37% PnL=-8.89
2026-06-21 05:15:21 [INFO] AVAXUSDT Score=54 action=HOLD regime=trending_up | Pos=1/6 | Solde=916.03 ×0.92 | WR=37% PnL=-8.89
2026-06-21 05:19:20 [INFO] SOLUSDT Score=39 action=HOLD regime=trending_up | Pos=1/6 | Solde=916.03 ×0.92 | WR=37% PnL=-8.89
2026-06-21 05:20:24 [INFO] AVAXUSDT Score=52 action=HOLD regime=trending_up | Pos=1/6 | Solde=916.03 ×0.92 | WR=37% PnL=-8.89
2026-06-21 05:22:31 [INFO] SOLUSDT Score=75 action=BUY regime=trending_up | Pos=1/6 | Solde=916.03 ×0.92 | WR=37% PnL=-8.89
2026-06-21 05:22:32 [INFO] SOLUSDT bloqué — ATR trop faible (0.34% < 0.50%)
2026-06-21 05:23:35 [INFO] SOLUSDT Score=34 action=HOLD regime=trending_up | Pos=1/6 | Solde=916.03 ×0.92 | WR=37% PnL=-8.89
2026-06-21 05:23:51 [INFO] SOLUSDT Score=75 action=BUY regime=trending_up | Pos=1/6 | Solde=916.03 ×0.92 | WR=37% PnL=-8.89
2026-06-21 05:24:07 [INFO] SOLUSDT Score=34 action=HOLD regime=trending_up | Pos=1/6 | Solde=916.03 ×0.92 | WR=37% PnL=-8.89
2026-06-21 05:24:39 [INFO] SOLUSDT Score=75 action=BUY regime=trending_up | Pos=1/6 | Solde=916.03 ×0.92 | WR=37% PnL=-8.89
2026-06-21 05:24:55 [INFO] SOLUSDT Score=39 action=HOLD regime=trending_up | Pos=1/6 | Solde=916.03 ×0.92 | WR=37% PnL=-8.89
2026-06-21 05:25:28 [INFO] AVAXUSDT Score=52 action=HOLD regime=trending_up | Pos=1/6 | Solde=916.03 ×0.92 | WR=37% PnL=-8.89
2026-06-21 05:29:58 [INFO] SOLUSDT Score=42 action=HOLD regime=trending_up | Pos=1/6 | Solde=916.03 ×0.92 | WR=37% PnL=-8.89
2026-06-21 05:30:31 [INFO] AVAXUSDT Score=52 action=HOLD regime=trending_up | Pos=1/6 | Solde=916.03 ×0.92 | WR=37% PnL=-8.89
2026-06-21 05:35:01 [INFO] SOLUSDT Score=39 action=HOLD regime=trending_up | Pos=1/6 | Solde=916.03 ×0.92 | WR=37% PnL=-8.89
2026-06-21 05:35:34 [INFO] AVAXUSDT Score=52 action=HOLD regime=trending_up | Pos=1/6 | Solde=916.03 ×0.92 | WR=37% PnL=-8.89
2026-06-21 05:39:01 [INFO] SOLUSDT Score=75 action=BUY regime=trending_up | Pos=1/6 | Solde=916.03 ×0.92 | WR=37% PnL=-8.89
2026-06-21 05:39:02 [INFO] Fear & Greed index = 23/100
2026-06-21 05:39:02 [INFO] SOLUSDT bloqué — ATR trop faible (0.35% < 0.50%)
2026-06-21 05:40:06 [INFO] SOLUSDT Score=34 action=HOLD regime=trending_up | Pos=1/6 | Solde=916.03 ×0.92 | WR=37% PnL=-8.89
2026-06-21 05:40:38 [INFO] AVAXUSDT Score=60 action=HOLD regime=trending_up | Pos=1/6 | Solde=916.03 ×0.92 | WR=37% PnL=-8.89
2026-06-21 05:44:21 [INFO] SOLUSDT Score=75 action=BUY regime=trending_up | Pos=1/6 | Solde=916.03 ×0.92 | WR=37% PnL=-8.89
2026-06-21 05:44:21 [INFO] SOLUSDT bloqué — ATR trop faible (0.35% < 0.50%)
2026-06-21 05:45:09 [INFO] SOLUSDT Score=56 action=HOLD regime=trending_up | Pos=1/6 | Solde=916.03 ×0.92 | WR=37% PnL=-8.89
2026-06-21 05:45:41 [INFO] AVAXUSDT Score=49 action=HOLD regime=trending_up | Pos=1/6 | Solde=916.03 ×0.92 | WR=37% PnL=-8.89
2026-06-21 05:50:12 [INFO] SOLUSDT Score=56 action=HOLD regime=trending_up | Pos=1/6 | Solde=916.03 ×0.92 | WR=37% PnL=-8.89
2026-06-21 05:50:44 [INFO] AVAXUSDT Score=52 action=HOLD regime=trending_up | Pos=1/6 | Solde=916.03 ×0.92 | WR=37% PnL=-8.89
2026-06-21 05:54:43 [INFO] SOLUSDT Score=68 action=BUY regime=trending_up | Pos=1/6 | Solde=916.03 ×0.92 | WR=37% PnL=-8.89
2026-06-21 05:54:43 [INFO] SOLUSDT bloqué — ATR trop faible (0.34% < 0.50%)
2026-06-21 05:55:48 [INFO] AVAXUSDT Score=52 action=HOLD regime=trending_up | Pos=1/6 | Solde=916.03 ×0.92 | WR=37% PnL=-8.89
2026-06-21 05:59:47 [INFO] SOLUSDT Score=77 action=BUY regime=trending_up | Pos=1/6 | Solde=916.03 ×0.92 | WR=37% PnL=-8.89
2026-06-21 05:59:47 [INFO] SOLUSDT bloqué — ATR trop faible (0.34% < 0.50%)
2026-06-21 06:00:51 [INFO] AVAXUSDT Score=54 action=HOLD regime=trending_up | Pos=1/6 | Solde=916.03 ×0.92 | WR=37% PnL=-8.89
2026-06-21 06:01:23 [INFO] SOLUSDT Score=28 action=HOLD regime=trending_up | Pos=1/6 | Solde=916.03 ×0.92 | WR=37% PnL=-8.89
2026-06-21 06:01:39 [INFO] SOLUSDT Score=68 action=BUY regime=trending_up | Pos=1/6 | Solde=916.03 ×0.92 | WR=37% PnL=-8.89
2026-06-21 06:04:02 [INFO] SOLUSDT Score=36 action=HOLD regime=trending_up | Pos=1/6 | Solde=916.03 ×0.92 | WR=37% PnL=-8.89
2026-06-21 06:05:54 [INFO] AVAXUSDT Score=54 action=HOLD regime=trending_up | Pos=1/6 | Solde=916.03 ×0.92 | WR=37% PnL=-8.89
2026-06-21 06:09:05 [INFO] SOLUSDT Score=42 action=HOLD regime=trending_up | Pos=1/6 | Solde=916.03 ×0.92 | WR=37% PnL=-8.89
2026-06-21 06:10:57 [INFO] AVAXUSDT Score=62 action=HOLD regime=trending_up | Pos=1/6 | Solde=916.03 ×0.92 | WR=37% PnL=-8.89
2026-06-21 06:14:08 [INFO] SOLUSDT Score=42 action=HOLD regime=trending_up | Pos=1/6 | Solde=916.03 ×0.92 | WR=37% PnL=-8.89
2026-06-21 06:16:00 [INFO] AVAXUSDT Score=66 action=HOLD regime=trending_up | Pos=1/6 | Solde=916.03 ×0.92 | WR=37% PnL=-8.89
2026-06-21 06:19:11 [INFO] SOLUSDT Score=56 action=HOLD regime=trending_up | Pos=1/6 | Solde=916.03 ×0.92 | WR=37% PnL=-8.89
2026-06-21 06:21:03 [INFO] AVAXUSDT Score=52 action=HOLD regime=trending_up | Pos=1/6 | Solde=916.03 ×0.92 | WR=37% PnL=-8.89
2026-06-21 06:24:14 [INFO] SOLUSDT Score=56 action=HOLD regime=trending_up | Pos=1/6 | Solde=916.03 ×0.92 | WR=37% PnL=-8.89
2026-06-21 06:26:06 [INFO] AVAXUSDT Score=52 action=HOLD regime=trending_up | Pos=1/6 | Solde=916.03 ×0.92 | WR=37% PnL=-8.89
2026-06-21 06:27:58 [INFO] SOLUSDT Score=83 action=BUY regime=trending_up | Pos=1/6 | Solde=916.03 ×0.92 | WR=37% PnL=-8.89
2026-06-21 06:27:58 [INFO] SOLUSDT bloqué — ATR trop faible (0.34% < 0.50%)
2026-06-21 06:31:10 [INFO] AVAXUSDT Score=45 action=HOLD regime=trending_up | Pos=1/6 | Solde=916.03 ×0.92 | WR=37% PnL=-8.89
2026-06-21 06:33:01 [INFO] SOLUSDT Score=68 action=BUY regime=trending_up | Pos=1/6 | Solde=916.03 ×0.92 | WR=37% PnL=-8.89
2026-06-21 06:33:01 [INFO] SOLUSDT bloqué — ATR trop faible (0.33% < 0.50%)
2026-06-21 06:36:13 [INFO] AVAXUSDT Score=52 action=HOLD regime=trending_up | Pos=1/6 | Solde=916.03 ×0.92 | WR=37% PnL=-8.89
2026-06-21 06:38:04 [INFO] SOLUSDT Score=68 action=BUY regime=trending_up | Pos=1/6 | Solde=916.03 ×0.92 | WR=37% PnL=-8.89
2026-06-21 06:38:05 [INFO] SOLUSDT bloqué — ATR trop faible (0.33% < 0.50%)
2026-06-21 06:38:53 [INFO] SOLUSDT Score=36 action=HOLD regime=trending_up | Pos=1/6 | Solde=916.03 ×0.92 | WR=37% PnL=-8.89
2026-06-21 06:39:40 [INFO] SOLUSDT Score=77 action=BUY regime=trending_up | Pos=1/6 | Solde=916.03 ×0.92 | WR=37% PnL=-8.89
2026-06-21 06:39:41 [INFO] Fear & Greed index = 23/100
2026-06-21 06:39:57 [INFO] SOLUSDT Score=36 action=HOLD regime=trending_up | Pos=1/6 | Solde=916.03 ×0.92 | WR=37% PnL=-8.89
2026-06-21 06:40:13 [INFO] SOLUSDT Score=77 action=BUY regime=trending_up | Pos=1/6 | Solde=916.03 ×0.92 | WR=37% PnL=-8.89
2026-06-21 06:40:45 [INFO] SOLUSDT Score=36 action=HOLD regime=trending_up | Pos=1/6 | Solde=916.03 ×0.92 | WR=37% PnL=-8.89
2026-06-21 06:41:01 [INFO] SOLUSDT Score=77 action=BUY regime=trending_up | Pos=1/6 | Solde=916.03 ×0.92 | WR=37% PnL=-8.89
2026-06-21 06:41:17 [INFO] AVAXUSDT Score=34 action=HOLD regime=trending_up | Pos=1/6 | Solde=916.03 ×0.92 | WR=37% PnL=-8.89
2026-06-21 06:43:08 [INFO] SOLUSDT bloqué — ATR trop faible (0.33% < 0.50%)
2026-06-21 06:45:16 [INFO] SOLUSDT Score=40 action=HOLD regime=trending_up | Pos=1/6 | Solde=916.03 ×0.92 | WR=37% PnL=-8.89
2026-06-21 06:45:48 [INFO] SOLUSDT Score=68 action=BUY regime=trending_up | Pos=1/6 | Solde=916.03 ×0.92 | WR=37% PnL=-8.89
2026-06-21 06:46:20 [INFO] SOLUSDT Score=36 action=HOLD regime=trending_up | Pos=1/6 | Solde=916.03 ×0.92 | WR=37% PnL=-8.89
2026-06-21 06:46:20 [INFO] AVAXUSDT Score=62 action=HOLD regime=trending_up | Pos=1/6 | Solde=916.03 ×0.92 | WR=37% PnL=-8.89
2026-06-21 06:51:23 [INFO] SOLUSDT Score=42 action=HOLD regime=trending_up | Pos=1/6 | Solde=916.03 ×0.92 | WR=37% PnL=-8.89
2026-06-21 06:51:23 [INFO] AVAXUSDT Score=62 action=HOLD regime=trending_up | Pos=1/6 | Solde=916.03 ×0.92 | WR=37% PnL=-8.89
2026-06-21 06:56:26 [INFO] SOLUSDT Score=50 action=HOLD regime=trending_up | Pos=1/6 | Solde=916.03 ×0.92 | WR=37% PnL=-8.89
2026-06-21 06:56:26 [INFO] AVAXUSDT Score=62 action=HOLD regime=trending_up | Pos=1/6 | Solde=916.03 ×0.92 | WR=37% PnL=-8.89
2026-06-21 06:56:58 [INFO] AVAXUSDT Score=74 action=BUY regime=trending_up | Pos=1/6 | Solde=916.03 ×0.92 | WR=37% PnL=-8.89
2026-06-21 07:00:09 [INFO] SOLUSDT Score=72 action=BUY regime=trending_up | Pos=1/6 | Solde=916.03 ×0.92 | WR=37% PnL=-8.89
2026-06-21 07:00:09 [INFO] SOLUSDT bloqué — ATR trop faible (0.32% < 0.50%)
2026-06-21 07:00:10 [INFO] AVAXUSDT Score=66 action=HOLD regime=trending_up | Pos=1/6 | Solde=916.03 ×0.92 | WR=37% PnL=-8.89
2026-06-21 07:04:26 [INFO] AVAXUSDT Score=69 action=BUY regime=trending_up | Pos=1/6 | Solde=916.03 ×0.92 | WR=37% PnL=-8.89
2026-06-21 07:04:41 [INFO] SOLUSDT bloque — 3 bougies baissières consecutives
2026-06-21 07:05:13 [INFO] SOLUSDT Score=74 action=BUY regime=trending_up | Pos=1/6 | Solde=916.03 ×0.92 | WR=37% PnL=-8.89
2026-06-21 07:09:29 [INFO] AVAXUSDT Score=69 action=BUY regime=trending_up | Pos=1/6 | Solde=916.03 ×0.92 | WR=37% PnL=-8.89
2026-06-21 07:09:44 [INFO] SOLUSDT bloque — 3 bougies baissières consecutives
2026-06-21 07:10:16 [INFO] SOLUSDT Score=74 action=BUY regime=trending_up | Pos=1/6 | Solde=916.03 ×0.92 | WR=37% PnL=-8.89
2026-06-21 07:14:31 [INFO] SOLUSDT Score=68 action=HOLD regime=trending_up | Pos=1/6 | Solde=916.03 ×0.92 | WR=37% PnL=-8.89
2026-06-21 07:14:32 [INFO] AVAXUSDT Score=69 action=BUY regime=trending_up | Pos=1/6 | Solde=916.03 ×0.92 | WR=37% PnL=-8.89
2026-06-21 07:15:03 [INFO] SOLUSDT Score=70 action=BUY regime=trending_up | Pos=1/6 | Solde=916.03 ×0.92 | WR=37% PnL=-8.89
2026-06-21 07:15:04 [INFO] SOLUSDT bloqué — ATR trop faible (0.33% < 0.50%)
2026-06-21 07:15:04 [INFO] AVAXUSDT Score=66 action=HOLD regime=trending_up | Pos=1/6 | Solde=916.03 ×0.92 | WR=37% PnL=-8.89
2026-06-21 07:15:19 [INFO] SOLUSDT Score=68 action=HOLD regime=trending_up | Pos=1/6 | Solde=916.03 ×0.92 | WR=37% PnL=-8.89
2026-06-21 07:20:07 [INFO] AVAXUSDT Score=56 action=HOLD regime=trending_up | Pos=1/6 | Solde=916.03 ×0.92 | WR=37% PnL=-8.89
2026-06-21 07:20:22 [INFO] SOLUSDT Score=68 action=HOLD regime=trending_up | Pos=1/6 | Solde=916.03 ×0.92 | WR=37% PnL=-8.89
2026-06-21 07:23:02 [INFO] SOLUSDT Score=70 action=BUY regime=trending_up | Pos=1/6 | Solde=916.03 ×0.92 | WR=37% PnL=-8.89
2026-06-21 07:23:02 [INFO] SOLUSDT bloque — 3 bougies baissières consecutives
2026-06-21 07:24:06 [INFO] SOLUSDT bloqué — ATR trop faible (0.34% < 0.50%)
2026-06-21 07:25:10 [INFO] AVAXUSDT Score=56 action=HOLD regime=trending_up | Pos=1/6 | Solde=916.03 ×0.92 | WR=37% PnL=-8.89
2026-06-21 07:28:06 [INFO] SOLUSDT Score=70 action=BUY regime=trending_up | Pos=1/6 | Solde=916.03 ×0.92 | WR=37% PnL=-8.89
2026-06-21 07:29:10 [INFO] SOLUSDT bloqué — ATR trop faible (0.34% < 0.50%)
2026-06-21 07:30:14 [INFO] AVAXUSDT Score=68 action=BUY regime=trending_up | Pos=1/6 | Solde=916.03 ×0.92 | WR=37% PnL=-8.89
2026-06-21 07:30:29 [INFO] SOLUSDT Score=68 action=HOLD regime=trending_up | Pos=1/6 | Solde=916.03 ×0.92 | WR=37% PnL=-8.89
2026-06-21 07:31:17 [INFO] SOLUSDT Score=78 action=BUY regime=trending_up | Pos=1/6 | Solde=916.03 ×0.92 | WR=37% PnL=-8.89
2026-06-21 07:31:18 [INFO] AVAXUSDT Score=66 action=HOLD regime=trending_up | Pos=1/6 | Solde=916.03 ×0.92 | WR=37% PnL=-8.89
2026-06-21 07:32:53 [INFO] SOLUSDT Score=68 action=HOLD regime=trending_up | Pos=1/6 | Solde=916.03 ×0.92 | WR=37% PnL=-8.89
2026-06-21 07:33:09 [INFO] SOLUSDT Score=78 action=BUY regime=trending_up | Pos=1/6 | Solde=916.03 ×0.92 | WR=37% PnL=-8.89
2026-06-21 07:34:13 [INFO] SOLUSDT bloqué — ATR trop faible (0.33% < 0.50%)
2026-06-21 07:36:21 [INFO] AVAXUSDT Score=68 action=HOLD regime=trending_up | Pos=1/6 | Solde=916.03 ×0.92 | WR=37% PnL=-8.89
2026-06-21 07:38:12 [INFO] SOLUSDT Score=78 action=BUY regime=trending_up | Pos=1/6 | Solde=916.03 ×0.92 | WR=37% PnL=-8.89
2026-06-21 07:39:16 [INFO] SOLUSDT bloqué — ATR trop faible (0.33% < 0.50%)
2026-06-21 07:39:49 [INFO] Fear & Greed index = 23/100
2026-06-21 07:41:25 [INFO] AVAXUSDT Score=58 action=HOLD regime=trending_up | Pos=1/6 | Solde=916.03 ×0.92 | WR=37% PnL=-8.89
2026-06-21 07:43:16 [INFO] SOLUSDT Score=78 action=BUY regime=trending_up | Pos=1/6 | Solde=916.03 ×0.92 | WR=37% PnL=-8.89
2026-06-21 07:44:20 [INFO] SOLUSDT bloqué — ATR trop faible (0.33% < 0.50%)
2026-06-21 07:45:08 [INFO] SOLUSDT Score=57 action=HOLD regime=ranging | Pos=1/6 | Solde=916.03 ×0.92 | WR=37% PnL=-8.89
2026-06-21 07:45:08 [INFO] AVAXUSDT Score=70 action=BUY regime=trending_up | Pos=1/6 | Solde=916.03 ×0.92 | WR=37% PnL=-8.89
2026-06-21 07:50:11 [INFO] SOLUSDT Score=57 action=HOLD regime=ranging | Pos=1/6 | Solde=916.03 ×0.92 | WR=37% PnL=-8.89
2026-06-21 07:50:12 [INFO] AVAXUSDT Score=70 action=BUY regime=trending_up | Pos=1/6 | Solde=916.03 ×0.92 | WR=37% PnL=-8.89
2026-06-21 07:53:07 [INFO] SOLUSDT Score=74 action=BUY regime=ranging | Pos=1/6 | Solde=916.03 ×0.92 | WR=37% PnL=-8.89
2026-06-21 07:53:07 [INFO] SOLUSDT bloqué — ATR trop faible (0.32% < 0.50%)
2026-06-21 07:53:39 [INFO] AVAXUSDT Score=70 action=BUY regime=ranging | Pos=1/6 | Solde=916.03 ×0.92 | WR=37% PnL=-8.89
2026-06-21 07:54:59 [INFO] SOLUSDT Score=54 action=HOLD regime=ranging | Pos=1/6 | Solde=916.03 ×0.92 | WR=37% PnL=-8.89
2026-06-21 07:55:15 [INFO] AVAXUSDT Score=48 action=HOLD regime=trending_up | Pos=1/6 | Solde=916.03 ×0.92 | WR=37% PnL=-8.89
2026-06-21 07:56:02 [INFO] SOLUSDT Score=74 action=BUY regime=ranging | Pos=1/6 | Solde=916.03 ×0.92 | WR=37% PnL=-8.89
2026-06-21 07:56:19 [INFO] AVAXUSDT Score=72 action=BUY regime=ranging | Pos=1/6 | Solde=916.03 ×0.92 | WR=37% PnL=-8.89
2026-06-21 07:58:10 [INFO] SOLUSDT bloqué — ATR trop faible (0.32% < 0.50%)
2026-06-21 07:58:27 [INFO] AVAXUSDT Score=48 action=HOLD regime=trending_up | Pos=1/6 | Solde=916.03 ×0.92 | WR=37% PnL=-8.89
2026-06-21 07:58:42 [INFO] SOLUSDT Score=54 action=HOLD regime=ranging | Pos=1/6 | Solde=916.03 ×0.92 | WR=37% PnL=-8.89
2026-06-21 08:03:30 [INFO] AVAXUSDT Score=37 action=HOLD regime=trending_up | Pos=1/6 | Solde=916.03 ×0.92 | WR=37% PnL=-8.89
2026-06-21 08:03:45 [INFO] SOLUSDT Score=43 action=HOLD regime=ranging | Pos=1/6 | Solde=916.03 ×0.92 | WR=37% PnL=-8.89
2026-06-21 08:08:33 [INFO] AVAXUSDT Score=20 action=HOLD regime=trending_up | Pos=1/6 | Solde=916.03 ×0.92 | WR=37% PnL=-8.89
2026-06-21 08:08:48 [INFO] SOLUSDT Score=54 action=HOLD regime=ranging | Pos=1/6 | Solde=916.03 ×0.92 | WR=37% PnL=-8.89
2026-06-21 08:13:36 [INFO] AVAXUSDT Score=20 action=HOLD regime=trending_up | Pos=1/6 | Solde=916.03 ×0.92 | WR=37% PnL=-8.89
2026-06-21 08:13:52 [INFO] SOLUSDT Score=43 action=HOLD regime=ranging | Pos=1/6 | Solde=916.03 ×0.92 | WR=37% PnL=-8.89
2026-06-21 08:18:39 [INFO] AVAXUSDT Score=24 action=HOLD regime=trending_up | Pos=1/6 | Solde=916.03 ×0.92 | WR=37% PnL=-8.89
2026-06-21 08:18:55 [INFO] SOLUSDT Score=50 action=HOLD regime=ranging | Pos=1/6 | Solde=916.03 ×0.92 | WR=37% PnL=-8.89
2026-06-21 08:23:43 [INFO] AVAXUSDT Score=34 action=HOLD regime=trending_up | Pos=1/6 | Solde=916.03 ×0.92 | WR=37% PnL=-8.89
2026-06-21 08:23:58 [INFO] SOLUSDT Score=42 action=HOLD regime=ranging | Pos=1/6 | Solde=916.03 ×0.92 | WR=37% PnL=-8.89
2026-06-21 08:28:46 [INFO] AVAXUSDT Score=24 action=HOLD regime=trending_up | Pos=1/6 | Solde=916.03 ×0.92 | WR=37% PnL=-8.89
2026-06-21 08:29:02 [INFO] SOLUSDT Score=42 action=HOLD regime=ranging | Pos=1/6 | Solde=916.03 ×0.92 | WR=37% PnL=-8.89
2026-06-21 08:33:49 [INFO] AVAXUSDT Score=37 action=HOLD regime=trending_up | Pos=1/6 | Solde=916.03 ×0.92 | WR=37% PnL=-8.89
2026-06-21 08:34:05 [INFO] SOLUSDT Score=32 action=HOLD regime=ranging | Pos=1/6 | Solde=916.03 ×0.92 | WR=37% PnL=-8.89
2026-06-21 08:38:52 [INFO] AVAXUSDT Score=44 action=HOLD regime=trending_up | Pos=1/6 | Solde=916.03 ×0.92 | WR=37% PnL=-8.89
2026-06-21 08:39:08 [INFO] SOLUSDT Score=32 action=HOLD regime=ranging | Pos=1/6 | Solde=916.03 ×0.92 | WR=37% PnL=-8.89
2026-06-21 08:43:55 [INFO] AVAXUSDT Score=30 action=HOLD regime=trending_up | Pos=1/6 | Solde=916.03 ×0.92 | WR=37% PnL=-8.89
2026-06-21 08:44:11 [INFO] SOLUSDT Score=46 action=HOLD regime=ranging | Pos=1/6 | Solde=916.03 ×0.92 | WR=37% PnL=-8.89
2026-06-21 08:48:59 [INFO] AVAXUSDT Score=24 action=HOLD regime=trending_up | Pos=1/6 | Solde=916.03 ×0.92 | WR=37% PnL=-8.89
2026-06-21 08:49:14 [INFO] SOLUSDT Score=32 action=HOLD regime=ranging | Pos=1/6 | Solde=916.03 ×0.92 | WR=37% PnL=-8.89
2026-06-21 08:54:02 [INFO] AVAXUSDT Score=24 action=HOLD regime=trending_up | Pos=1/6 | Solde=916.03 ×0.92 | WR=37% PnL=-8.89
2026-06-21 08:54:18 [INFO] SOLUSDT Score=32 action=HOLD regime=ranging | Pos=1/6 | Solde=916.03 ×0.92 | WR=37% PnL=-8.89
2026-06-21 08:59:05 [INFO] AVAXUSDT Score=20 action=HOLD regime=trending_up | Pos=1/6 | Solde=916.03 ×0.92 | WR=37% PnL=-8.89
2026-06-21 08:59:21 [INFO] SOLUSDT Score=32 action=HOLD regime=ranging | Pos=1/6 | Solde=916.03 ×0.92 | WR=37% PnL=-8.89
2026-06-21 09:04:09 [INFO] AVAXUSDT Score=20 action=HOLD regime=trending_up | Pos=1/6 | Solde=916.03 ×0.92 | WR=37% PnL=-8.89
2026-06-21 09:04:25 [INFO] SOLUSDT Score=32 action=HOLD regime=ranging | Pos=1/6 | Solde=916.03 ×0.92 | WR=37% PnL=-8.89
2026-06-21 09:06:48 [INFO] SOLUSDT Score=66 action=HOLD regime=trending_up | Pos=1/6 | Solde=916.03 ×0.92 | WR=37% PnL=-8.89
2026-06-21 09:08:08 [INFO] SOLUSDT Score=32 action=HOLD regime=ranging | Pos=1/6 | Solde=916.03 ×0.92 | WR=37% PnL=-8.89
2026-06-21 09:08:40 [INFO] SOLUSDT Score=20 action=HOLD regime=trending_up | Pos=1/6 | Solde=916.03 ×0.92 | WR=37% PnL=-8.89
2026-06-21 09:09:12 [INFO] AVAXUSDT Score=20 action=HOLD regime=trending_up | Pos=1/6 | Solde=916.03 ×0.92 | WR=37% PnL=-8.89
2026-06-21 09:13:43 [INFO] SOLUSDT Score=66 action=HOLD regime=trending_up | Pos=1/6 | Solde=916.03 ×0.92 | WR=37% PnL=-8.89
2026-06-21 09:14:15 [INFO] AVAXUSDT Score=20 action=HOLD regime=trending_up | Pos=1/6 | Solde=916.03 ×0.92 | WR=37% PnL=-8.89
2026-06-21 09:18:47 [INFO] SOLUSDT Score=52 action=HOLD regime=trending_up | Pos=1/6 | Solde=916.03 ×0.92 | WR=37% PnL=-8.89
2026-06-21 09:19:19 [INFO] AVAXUSDT Score=24 action=HOLD regime=trending_up | Pos=1/6 | Solde=916.03 ×0.92 | WR=37% PnL=-8.89
2026-06-21 09:20:07 [INFO] AVAXUSDT Score=35 action=HOLD regime=ranging | Pos=1/6 | Solde=916.03 ×0.92 | WR=37% PnL=-8.89
2026-06-21 09:23:51 [INFO] SOLUSDT Score=56 action=HOLD regime=trending_up | Pos=1/6 | Solde=916.03 ×0.92 | WR=37% PnL=-8.89
2026-06-21 09:25:11 [INFO] AVAXUSDT Score=32 action=HOLD regime=ranging | Pos=1/6 | Solde=916.03 ×0.92 | WR=37% PnL=-8.89
2026-06-21 09:28:54 [INFO] SOLUSDT Score=56 action=HOLD regime=trending_up | Pos=1/6 | Solde=916.03 ×0.92 | WR=37% PnL=-8.89
2026-06-21 09:30:14 [INFO] AVAXUSDT Score=35 action=HOLD regime=ranging | Pos=1/6 | Solde=916.03 ×0.92 | WR=37% PnL=-8.89
2026-06-21 09:32:38 [INFO] AVAXUSDT Score=58 action=HOLD regime=trending_up | Pos=1/6 | Solde=916.03 ×0.92 | WR=37% PnL=-8.89
2026-06-21 09:33:57 [INFO] SOLUSDT Score=66 action=HOLD regime=trending_up | Pos=1/6 | Solde=916.03 ×0.92 | WR=37% PnL=-8.89
2026-06-21 09:37:41 [INFO] AVAXUSDT Score=48 action=HOLD regime=trending_up | Pos=1/6 | Solde=916.03 ×0.92 | WR=37% PnL=-8.89
2026-06-21 09:39:01 [INFO] SOLUSDT Score=20 action=HOLD regime=trending_up | Pos=1/6 | Solde=916.03 ×0.92 | WR=37% PnL=-8.89
2026-06-21 09:39:17 [INFO] SOLUSDT Score=32 action=HOLD regime=ranging | Pos=1/6 | Solde=916.03 ×0.92 | WR=37% PnL=-8.89
2026-06-21 09:39:33 [INFO] AVAXUSDT Score=76 action=BUY regime=trending_up | Pos=1/6 | Solde=916.03 ×0.92 | WR=37% PnL=-8.89
2026-06-21 09:39:49 [INFO] SOLUSDT Score=58 action=HOLD regime=trending_up | Pos=1/6 | Solde=916.03 ×0.92 | WR=37% PnL=-8.89
2026-06-21 09:40:36 [INFO] SOLUSDT Score=32 action=HOLD regime=ranging | Pos=1/6 | Solde=916.03 ×0.92 | WR=37% PnL=-8.89
2026-06-21 09:41:24 [INFO] SOLUSDT Score=66 action=HOLD regime=trending_up | Pos=1/6 | Solde=916.03 ×0.92 | WR=37% PnL=-8.89
2026-06-21 09:44:37 [INFO] AVAXUSDT Score=81 action=BUY regime=trending_up | Pos=1/6 | Solde=916.03 ×0.92 | WR=37% PnL=-8.89
2026-06-21 09:44:52 [INFO] SOLUSDT Score=72 action=BUY regime=trending_up | Pos=1/6 | Solde=916.03 ×0.92 | WR=37% PnL=-8.89
2026-06-21 09:44:53 [INFO] Fear & Greed index = 23/100
2026-06-21 09:44:53 [INFO] SOLUSDT bloqué — ATR trop faible (0.30% < 0.50%)
2026-06-21 09:45:09 [INFO] SOLUSDT Score=66 action=HOLD regime=trending_up | Pos=1/6 | Solde=916.03 ×0.92 | WR=37% PnL=-8.89
2026-06-21 09:45:09 [INFO] AVAXUSDT Score=56 action=HOLD regime=trending_up | Pos=1/6 | Solde=916.03 ×0.92 | WR=37% PnL=-8.89
2026-06-21 09:46:13 [INFO] SOLUSDT Score=68 action=BUY regime=trending_up | Pos=1/6 | Solde=916.03 ×0.92 | WR=37% PnL=-8.89
2026-06-21 09:46:45 [INFO] SOLUSDT Score=66 action=HOLD regime=trending_up | Pos=1/6 | Solde=916.03 ×0.92 | WR=37% PnL=-8.89
2026-06-21 09:47:33 [INFO] SOLUSDT Score=68 action=BUY regime=trending_up | Pos=1/6 | Solde=916.03 ×0.92 | WR=37% PnL=-8.89
2026-06-21 09:48:53 [INFO] SOLUSDT Score=66 action=HOLD regime=trending_up | Pos=1/6 | Solde=916.03 ×0.92 | WR=37% PnL=-8.89
2026-06-21 09:50:13 [INFO] AVAXUSDT Score=56 action=HOLD regime=trending_up | Pos=1/6 | Solde=916.03 ×0.92 | WR=37% PnL=-8.89
2026-06-21 09:51:01 [INFO] AVAXUSDT Score=72 action=BUY regime=trending_up | Pos=1/6 | Solde=916.03 ×0.92 | WR=37% PnL=-8.89
2026-06-21 09:53:56 [INFO] SOLUSDT Score=14 action=HOLD regime=trending_up | Pos=1/6 | Solde=916.03 ×0.92 | WR=37% PnL=-8.89
2026-06-21 09:55:17 [INFO] SOLUSDT Score=34 action=HOLD regime=ranging | Pos=1/6 | Solde=916.03 ×0.92 | WR=37% PnL=-8.89
2026-06-21 09:56:05 [INFO] AVAXUSDT Score=77 action=BUY regime=trending_up | Pos=1/6 | Solde=916.03 ×0.92 | WR=37% PnL=-8.89
2026-06-21 09:57:56 [INFO] SOLUSDT Score=22 action=HOLD regime=trending_up | Pos=1/6 | Solde=916.03 ×0.92 | WR=37% PnL=-8.89
2026-06-21 10:00:04 [INFO] SOLUSDT Score=45 action=HOLD regime=ranging | Pos=1/6 | Solde=916.03 ×0.92 | WR=37% PnL=-8.89
2026-06-21 10:01:08 [INFO] AVAXUSDT Score=77 action=BUY regime=trending_up | Pos=1/6 | Solde=916.03 ×0.92 | WR=37% PnL=-8.89
2026-06-21 10:05:07 [INFO] SOLUSDT Score=45 action=HOLD regime=ranging | Pos=1/6 | Solde=916.03 ×0.92 | WR=37% PnL=-8.89
2026-06-21 10:06:11 [INFO] AVAXUSDT Score=77 action=BUY regime=trending_up | Pos=1/6 | Solde=916.03 ×0.92 | WR=37% PnL=-8.89
2026-06-21 10:10:10 [INFO] SOLUSDT Score=64 action=HOLD regime=ranging | Pos=1/6 | Solde=916.03 ×0.92 | WR=37% PnL=-8.89
2026-06-21 10:11:15 [INFO] AVAXUSDT Score=83 action=BUY regime=trending_up | Pos=1/6 | Solde=916.03 ×0.92 | WR=37% PnL=-8.89
2026-06-21 10:15:13 [INFO] SOLUSDT Score=53 action=HOLD regime=ranging | Pos=1/6 | Solde=916.03 ×0.92 | WR=37% PnL=-8.89
2026-06-21 10:16:18 [INFO] AVAXUSDT Score=77 action=BUY regime=trending_up | Pos=1/6 | Solde=916.03 ×0.92 | WR=37% PnL=-8.89
2026-06-21 10:20:17 [INFO] SOLUSDT Score=64 action=HOLD regime=ranging | Pos=1/6 | Solde=916.03 ×0.92 | WR=37% PnL=-8.89
2026-06-21 10:21:22 [INFO] AVAXUSDT Score=77 action=BUY regime=trending_up | Pos=1/6 | Solde=916.03 ×0.92 | WR=37% PnL=-8.89
2026-06-21 10:25:20 [INFO] SOLUSDT Score=64 action=HOLD regime=ranging | Pos=1/6 | Solde=916.03 ×0.92 | WR=37% PnL=-8.89
2026-06-21 10:26:25 [INFO] AVAXUSDT Score=86 action=BUY regime=trending_up | Pos=1/6 | Solde=916.03 ×0.92 | WR=37% PnL=-8.89
2026-06-21 10:30:23 [INFO] SOLUSDT Score=64 action=HOLD regime=ranging | Pos=1/6 | Solde=916.03 ×0.92 | WR=37% PnL=-8.89
2026-06-21 10:31:28 [INFO] AVAXUSDT Score=86 action=BUY regime=trending_up | Pos=1/6 | Solde=916.03 ×0.92 | WR=37% PnL=-8.89
2026-06-21 10:35:26 [INFO] SOLUSDT Score=58 action=HOLD regime=ranging | Pos=1/6 | Solde=916.03 ×0.92 | WR=37% PnL=-8.89
2026-06-21 10:35:42 [INFO] SOLUSDT Score=70 action=BUY regime=ranging | Pos=1/6 | Solde=916.03 ×0.92 | WR=37% PnL=-8.89
2026-06-21 10:35:42 [INFO] SOLUSDT bloque — 3 bougies baissières consecutives
2026-06-21 10:36:31 [INFO] AVAXUSDT Score=86 action=BUY regime=trending_up | Pos=1/6 | Solde=916.03 ×0.92 | WR=37% PnL=-8.89
2026-06-21 10:37:34 [INFO] SOLUSDT Score=58 action=HOLD regime=ranging | Pos=1/6 | Solde=916.03 ×0.92 | WR=37% PnL=-8.89
2026-06-21 10:41:34 [INFO] AVAXUSDT Score=86 action=BUY regime=trending_up | Pos=1/6 | Solde=916.03 ×0.92 | WR=37% PnL=-8.89
2026-06-21 10:42:38 [INFO] SOLUSDT Score=58 action=HOLD regime=ranging | Pos=1/6 | Solde=916.03 ×0.92 | WR=37% PnL=-8.89
2026-06-21 10:46:38 [INFO] AVAXUSDT Score=86 action=BUY regime=trending_up | Pos=1/6 | Solde=916.03 ×0.92 | WR=37% PnL=-8.89
2026-06-21 10:47:41 [INFO] SOLUSDT Score=48 action=HOLD regime=ranging | Pos=1/6 | Solde=916.03 ×0.92 | WR=37% PnL=-8.89
2026-06-21 10:51:41 [INFO] AVAXUSDT Score=86 action=BUY regime=trending_up | Pos=1/6 | Solde=916.03 ×0.92 | WR=37% PnL=-8.89
2026-06-21 10:52:44 [INFO] SOLUSDT Score=54 action=HOLD regime=ranging | Pos=1/6 | Solde=916.03 ×0.92 | WR=37% PnL=-8.89
2026-06-21 10:56:44 [INFO] AVAXUSDT Score=90 action=BUY regime=trending_up | Pos=1/6 | Solde=916.03 ×0.92 | WR=37% PnL=-8.89
2026-06-21 10:57:47 [INFO] SOLUSDT Score=46 action=HOLD regime=ranging | Pos=1/6 | Solde=916.03 ×0.92 | WR=37% PnL=-8.89
2026-06-21 11:01:48 [INFO] AVAXUSDT Score=82 action=BUY regime=trending_up | Pos=1/6 | Solde=916.03 ×0.92 | WR=37% PnL=-8.89
2026-06-21 11:02:51 [INFO] SOLUSDT Score=36 action=HOLD regime=ranging | Pos=1/6 | Solde=916.03 ×0.92 | WR=37% PnL=-8.89
2026-06-21 11:06:51 [INFO] AVAXUSDT Score=86 action=BUY regime=trending_up | Pos=1/6 | Solde=916.03 ×0.92 | WR=37% PnL=-8.89
2026-06-21 11:07:54 [INFO] SOLUSDT Score=39 action=HOLD regime=ranging | Pos=1/6 | Solde=916.03 ×0.92 | WR=37% PnL=-8.89
2026-06-21 11:11:56 [INFO] AVAXUSDT Score=86 action=BUY regime=trending_up | Pos=1/6 | Solde=916.03 ×0.92 | WR=37% PnL=-8.89
2026-06-21 11:13:00 [INFO] SOLUSDT Score=33 action=HOLD regime=ranging | Pos=1/6 | Solde=916.03 ×0.92 | WR=37% PnL=-8.89
2026-06-21 11:17:00 [INFO] AVAXUSDT Score=82 action=BUY regime=trending_up | Pos=1/6 | Solde=916.03 ×0.92 | WR=37% PnL=-8.89
2026-06-21 11:18:03 [INFO] SOLUSDT Score=27 action=HOLD regime=ranging | Pos=1/6 | Solde=916.03 ×0.92 | WR=37% PnL=-8.89
2026-06-21 11:22:04 [INFO] AVAXUSDT Score=82 action=BUY regime=trending_up | Pos=1/6 | Solde=916.03 ×0.92 | WR=37% PnL=-8.89
2026-06-21 11:23:08 [INFO] SOLUSDT Score=13 action=HOLD regime=ranging | Pos=1/6 | Solde=916.03 ×0.92 | WR=37% PnL=-8.89
2026-06-21 11:25:48 [INFO] SOLUSDT Score=42 action=HOLD regime=trending_up | Pos=1/6 | Solde=916.03 ×0.92 | WR=37% PnL=-8.89
2026-06-21 11:26:52 [INFO] SOLUSDT Score=94 action=BUY regime=trending_up | Pos=1/6 | Solde=916.03 ×0.92 | WR=37% PnL=-8.89
2026-06-21 11:26:52 [INFO] Fear & Greed index = 23/100
2026-06-21 11:26:53 [INFO] SOLUSDT bloqué — ATR trop faible (0.31% < 0.50%)
2026-06-21 11:27:09 [INFO] AVAXUSDT Score=87 action=BUY regime=trending_up | Pos=1/6 | Solde=916.03 ×0.92 | WR=37% PnL=-8.89
2026-06-21 11:29:16 [INFO] SOLUSDT Score=42 action=HOLD regime=trending_up | Pos=1/6 | Solde=916.03 ×0.92 | WR=37% PnL=-8.89
2026-06-21 11:32:12 [INFO] AVAXUSDT Score=87 action=BUY regime=trending_up | Pos=1/6 | Solde=916.03 ×0.92 | WR=37% PnL=-8.89
2026-06-21 11:34:19 [INFO] SOLUSDT Score=56 action=HOLD regime=trending_up | Pos=1/6 | Solde=916.03 ×0.92 | WR=37% PnL=-8.89
2026-06-21 11:37:15 [INFO] AVAXUSDT Score=77 action=BUY regime=trending_up | Pos=1/6 | Solde=916.03 ×0.92 | WR=37% PnL=-8.89
2026-06-21 11:39:22 [INFO] SOLUSDT Score=56 action=HOLD regime=trending_up | Pos=1/6 | Solde=916.03 ×0.92 | WR=37% PnL=-8.89
2026-06-21 11:42:18 [INFO] AVAXUSDT Score=77 action=BUY regime=trending_up | Pos=1/6 | Solde=916.03 ×0.92 | WR=37% PnL=-8.89
2026-06-21 11:44:26 [INFO] SOLUSDT Score=56 action=HOLD regime=trending_up | Pos=1/6 | Solde=916.03 ×0.92 | WR=37% PnL=-8.89
2026-06-21 11:47:22 [INFO] AVAXUSDT Score=77 action=BUY regime=trending_up | Pos=1/6 | Solde=916.03 ×0.92 | WR=37% PnL=-8.89
2026-06-21 11:49:30 [INFO] SOLUSDT Score=56 action=HOLD regime=trending_up | Pos=1/6 | Solde=916.03 ×0.92 | WR=37% PnL=-8.89
2026-06-21 11:52:26 [INFO] AVAXUSDT Score=80 action=BUY regime=trending_up | Pos=1/6 | Solde=916.03 ×0.92 | WR=37% PnL=-8.89
2026-06-21 11:54:33 [INFO] SOLUSDT Score=56 action=HOLD regime=trending_up | Pos=1/6 | Solde=916.03 ×0.92 | WR=37% PnL=-8.89
2026-06-21 11:57:30 [INFO] AVAXUSDT Score=80 action=BUY regime=trending_up | Pos=1/6 | Solde=916.03 ×0.92 | WR=37% PnL=-8.89
2026-06-21 11:59:37 [INFO] SOLUSDT Score=56 action=HOLD regime=trending_up | Pos=1/6 | Solde=916.03 ×0.92 | WR=37% PnL=-8.89
2026-06-21 12:02:33 [INFO] AVAXUSDT Score=71 action=BUY regime=trending_up | Pos=1/6 | Solde=916.03 ×0.92 | WR=37% PnL=-8.89
2026-06-21 12:04:40 [INFO] SOLUSDT Score=64 action=HOLD regime=trending_up | Pos=1/6 | Solde=916.03 ×0.92 | WR=37% PnL=-8.89
2026-06-21 12:07:36 [INFO] AVAXUSDT Score=90 action=BUY regime=trending_up | Pos=1/6 | Solde=916.03 ×0.92 | WR=37% PnL=-8.89
2026-06-21 12:09:44 [INFO] SOLUSDT Score=68 action=BUY regime=trending_up | Pos=1/6 | Solde=916.03 ×0.92 | WR=37% PnL=-8.89
2026-06-21 12:09:44 [INFO] SOLUSDT bloqué — ATR trop faible (0.33% < 0.50%)
2026-06-21 12:10:00 [INFO] SOLUSDT Score=66 action=HOLD regime=trending_up | Pos=1/6 | Solde=916.03 ×0.92 | WR=37% PnL=-8.89
2026-06-21 12:12:40 [INFO] AVAXUSDT Score=76 action=BUY regime=trending_up | Pos=1/6 | Solde=916.03 ×0.92 | WR=37% PnL=-8.89
2026-06-21 12:15:03 [INFO] SOLUSDT Score=58 action=HOLD regime=trending_up | Pos=1/6 | Solde=916.03 ×0.92 | WR=37% PnL=-8.89
2026-06-21 12:16:07 [INFO] AVAXUSDT bloque — 3 bougies baissières consecutives
2026-06-21 12:17:43 [INFO] AVAXUSDT Score=86 action=BUY regime=trending_up | Pos=1/6 | Solde=916.03 ×0.92 | WR=37% PnL=-8.89
2026-06-21 12:18:30 [INFO] SOLUSDT Score=76 action=BUY regime=trending_up | Pos=1/6 | Solde=916.03 ×0.92 | WR=37% PnL=-8.89
2026-06-21 12:18:30 [INFO] SOLUSDT bloqué — ATR trop faible (0.32% < 0.50%)
2026-06-21 12:18:46 [INFO] SOLUSDT Score=58 action=HOLD regime=trending_up | Pos=1/6 | Solde=916.03 ×0.92 | WR=37% PnL=-8.89
2026-06-21 12:21:11 [INFO] AVAXUSDT bloque — 3 bougies baissières consecutives
2026-06-21 12:22:46 [INFO] AVAXUSDT Score=82 action=BUY regime=trending_up | Pos=1/6 | Solde=916.03 ×0.92 | WR=37% PnL=-8.89
2026-06-21 12:23:50 [INFO] SOLUSDT Score=66 action=HOLD regime=trending_up | Pos=1/6 | Solde=916.03 ×0.92 | WR=37% PnL=-8.89
2026-06-21 12:26:14 [INFO] AVAXUSDT bloque — 3 bougies baissières consecutives
2026-06-21 12:27:50 [INFO] AVAXUSDT Score=82 action=BUY regime=trending_up | Pos=1/6 | Solde=916.03 ×0.92 | WR=37% PnL=-8.89
2026-06-21 12:28:53 [INFO] SOLUSDT Score=66 action=HOLD regime=trending_up | Pos=1/6 | Solde=916.03 ×0.92 | WR=37% PnL=-8.89
2026-06-21 12:31:49 [INFO] AVAXUSDT bloque — 3 bougies baissières consecutives
2026-06-21 12:32:53 [INFO] AVAXUSDT Score=86 action=BUY regime=trending_up | Pos=1/6 | Solde=916.03 ×0.92 | WR=37% PnL=-8.89
2026-06-21 12:33:57 [INFO] SOLUSDT Score=60 action=HOLD regime=trending_up | Pos=1/6 | Solde=916.03 ×0.92 | WR=37% PnL=-8.89
2026-06-21 12:34:45 [INFO] SOLUSDT Score=70 action=BUY regime=trending_up | Pos=1/6 | Solde=916.03 ×0.92 | WR=37% PnL=-8.89
2026-06-21 12:34:45 [INFO] Fear & Greed index = 23/100
2026-06-21 12:34:45 [INFO] SOLUSDT bloqué — ATR trop faible (0.34% < 0.50%)
2026-06-21 12:35:17 [INFO] SOLUSDT Score=63 action=HOLD regime=trending_up | Pos=1/6 | Solde=916.03 ×0.92 | WR=37% PnL=-8.89
2026-06-21 12:37:58 [INFO] AVAXUSDT Score=100 action=BUY regime=trending_up | Pos=1/6 | Solde=916.03 ×0.92 | WR=37% PnL=-8.89
2026-06-21 12:40:22 [INFO] SOLUSDT Score=60 action=HOLD regime=trending_up | Pos=1/6 | Solde=916.03 ×0.92 | WR=37% PnL=-8.89
2026-06-21 12:43:02 [INFO] AVAXUSDT Score=100 action=BUY regime=trending_up | Pos=1/6 | Solde=916.03 ×0.92 | WR=37% PnL=-8.89
2026-06-21 12:44:37 [INFO] SOLUSDT Score=68 action=BUY regime=trending_up | Pos=1/6 | Solde=916.03 ×0.92 | WR=37% PnL=-8.89
2026-06-21 12:44:37 [INFO] SOLUSDT bloqué — ATR trop faible (0.35% < 0.50%)
2026-06-21 12:46:13 [INFO] SOLUSDT Score=60 action=HOLD regime=trending_up | Pos=1/6 | Solde=916.03 ×0.92 | WR=37% PnL=-8.89
2026-06-21 12:48:05 [INFO] AVAXUSDT Score=82 action=BUY regime=trending_up | Pos=1/6 | Solde=916.03 ×0.92 | WR=37% PnL=-8.89
2026-06-21 12:51:16 [INFO] SOLUSDT Score=60 action=HOLD regime=trending_up | Pos=1/6 | Solde=916.03 ×0.92 | WR=37% PnL=-8.89
2026-06-21 12:52:20 [INFO] SOLUSDT Score=71 action=BUY regime=trending_up | Pos=1/6 | Solde=916.03 ×0.92 | WR=37% PnL=-8.89
2026-06-21 12:52:20 [INFO] SOLUSDT bloqué — ATR trop faible (0.34% < 0.50%)
2026-06-21 12:53:08 [INFO] AVAXUSDT Score=82 action=BUY regime=trending_up | Pos=1/6 | Solde=916.03 ×0.92 | WR=37% PnL=-8.89
2026-06-21 12:57:23 [INFO] SOLUSDT Score=71 action=BUY regime=trending_up | Pos=1/6 | Solde=916.03 ×0.92 | WR=37% PnL=-8.89
2026-06-21 12:57:23 [INFO] SOLUSDT bloqué — ATR trop faible (0.35% < 0.50%)
2026-06-21 12:58:12 [INFO] AVAXUSDT Score=94 action=BUY regime=trending_up | Pos=1/6 | Solde=916.03 ×0.92 | WR=37% PnL=-8.89
2026-06-21 13:00:51 [INFO] SOLUSDT bloque — 3 bougies baissières consecutives
2026-06-21 13:02:27 [INFO] SOLUSDT Score=82 action=BUY regime=trending_up | Pos=1/6 | Solde=916.03 ×0.92 | WR=37% PnL=-8.89
2026-06-21 13:02:27 [INFO] SOLUSDT bloqué — ATR trop faible (0.34% < 0.50%)
2026-06-21 13:03:15 [INFO] AVAXUSDT Score=82 action=BUY regime=trending_up | Pos=1/6 | Solde=916.03 ×0.92 | WR=37% PnL=-8.89
2026-06-21 13:05:23 [INFO] AVAXUSDT Score=54 action=HOLD regime=trending_up | Pos=1/6 | Solde=916.03 ×0.92 | WR=37% PnL=-8.89
2026-06-21 13:05:55 [INFO] SOLUSDT bloque — 3 bougies baissières consecutives
2026-06-21 13:07:30 [INFO] SOLUSDT Score=82 action=BUY regime=trending_up | Pos=1/6 | Solde=916.03 ×0.92 | WR=37% PnL=-8.89
2026-06-21 13:07:47 [INFO] AVAXUSDT Score=90 action=BUY regime=trending_up | Pos=1/6 | Solde=916.03 ×0.92 | WR=37% PnL=-8.89
2026-06-21 13:08:19 [INFO] AVAXUSDT Score=54 action=HOLD regime=trending_up | Pos=1/6 | Solde=916.03 ×0.92 | WR=37% PnL=-8.89
2026-06-21 13:10:26 [INFO] AVAXUSDT Score=90 action=BUY regime=trending_up | Pos=1/6 | Solde=916.03 ×0.92 | WR=37% PnL=-8.89
2026-06-21 13:10:58 [INFO] SOLUSDT bloque — 3 bougies baissières consecutives
2026-06-21 13:11:14 [INFO] SOLUSDT bloqué — ATR trop faible (0.36% < 0.50%)
2026-06-21 13:12:34 [INFO] SOLUSDT Score=82 action=BUY regime=trending_up | Pos=1/6 | Solde=916.03 ×0.92 | WR=37% PnL=-8.89
2026-06-21 13:15:31 [INFO] AVAXUSDT Score=82 action=BUY regime=trending_up | Pos=1/6 | Solde=916.03 ×0.92 | WR=37% PnL=-8.89
2026-06-21 13:16:02 [INFO] AVAXUSDT Score=32 action=HOLD regime=trending_up | Pos=1/6 | Solde=916.03 ×0.92 | WR=37% PnL=-8.89
2026-06-21 13:16:18 [INFO] SOLUSDT bloqué — ATR trop faible (0.35% < 0.50%)
2026-06-21 13:17:38 [INFO] SOLUSDT Score=76 action=BUY regime=trending_up | Pos=1/6 | Solde=916.03 ×0.92 | WR=37% PnL=-8.89
2026-06-21 13:21:06 [INFO] AVAXUSDT Score=38 action=HOLD regime=trending_up | Pos=1/6 | Solde=916.03 ×0.92 | WR=37% PnL=-8.89
2026-06-21 13:21:21 [INFO] SOLUSDT bloqué — ATR trop faible (0.38% < 0.50%)
2026-06-21 13:22:41 [INFO] SOLUSDT Score=76 action=BUY regime=trending_up | Pos=1/6 | Solde=916.03 ×0.92 | WR=37% PnL=-8.89
2026-06-21 13:26:10 [INFO] AVAXUSDT Score=38 action=HOLD regime=trending_up | Pos=1/6 | Solde=916.03 ×0.92 | WR=37% PnL=-8.89
2026-06-21 13:26:25 [INFO] SOLUSDT bloqué — ATR trop faible (0.38% < 0.50%)
2026-06-21 13:27:45 [INFO] SOLUSDT Score=76 action=BUY regime=trending_up | Pos=1/6 | Solde=916.03 ×0.92 | WR=37% PnL=-8.89
2026-06-21 13:30:09 [INFO] SOLUSDT Score=46 action=HOLD regime=trending_up | Pos=1/6 | Solde=916.03 ×0.92 | WR=37% PnL=-8.89
2026-06-21 13:30:42 [INFO] AVAXUSDT Score=74 action=BUY regime=trending_up | Pos=1/6 | Solde=916.03 ×0.92 | WR=37% PnL=-8.89
2026-06-21 13:31:29 [INFO] AVAXUSDT Score=68 action=HOLD regime=trending_up | Pos=1/6 | Solde=916.03 ×0.92 | WR=37% PnL=-8.89
2026-06-21 13:35:12 [INFO] SOLUSDT Score=54 action=HOLD regime=trending_up | Pos=1/6 | Solde=916.03 ×0.92 | WR=37% PnL=-8.89
2026-06-21 13:36:32 [INFO] AVAXUSDT Score=68 action=HOLD regime=trending_up | Pos=1/6 | Solde=916.03 ×0.92 | WR=37% PnL=-8.89
2026-06-21 13:40:15 [INFO] SOLUSDT Score=54 action=HOLD regime=trending_up | Pos=1/6 | Solde=916.03 ×0.92 | WR=37% PnL=-8.89
2026-06-21 13:41:36 [INFO] AVAXUSDT Score=68 action=HOLD regime=trending_up | Pos=1/6 | Solde=916.03 ×0.92 | WR=37% PnL=-8.89
2026-06-21 13:45:03 [INFO] SOLUSDT Score=57 action=HOLD regime=ranging | Pos=1/6 | Solde=916.03 ×0.92 | WR=37% PnL=-8.89
2026-06-21 13:45:03 [INFO] AVAXUSDT Score=70 action=BUY regime=trending_up | Pos=1/6 | Solde=916.03 ×0.92 | WR=37% PnL=-8.89
2026-06-21 13:46:39 [INFO] SOLUSDT Score=56 action=HOLD regime=trending_up | Pos=1/6 | Solde=916.03 ×0.92 | WR=37% PnL=-8.89
2026-06-21 13:46:55 [INFO] AVAXUSDT Score=60 action=HOLD regime=trending_up | Pos=1/6 | Solde=916.03 ×0.92 | WR=37% PnL=-8.89
2026-06-21 13:48:14 [INFO] SOLUSDT Score=54 action=HOLD regime=ranging | Pos=1/6 | Solde=916.03 ×0.92 | WR=37% PnL=-8.89
2026-06-21 13:49:34 [INFO] SOLUSDT Score=56 action=HOLD regime=trending_up | Pos=1/6 | Solde=916.03 ×0.92 | WR=37% PnL=-8.89
2026-06-21 13:50:38 [INFO] SOLUSDT Score=54 action=HOLD regime=ranging | Pos=1/6 | Solde=916.03 ×0.92 | WR=37% PnL=-8.89
2026-06-21 13:51:58 [INFO] AVAXUSDT Score=68 action=HOLD regime=trending_up | Pos=1/6 | Solde=916.03 ×0.92 | WR=37% PnL=-8.89
2026-06-21 13:55:41 [INFO] SOLUSDT Score=54 action=HOLD regime=ranging | Pos=1/6 | Solde=916.03 ×0.92 | WR=37% PnL=-8.89
2026-06-21 13:57:02 [INFO] AVAXUSDT Score=68 action=HOLD regime=trending_up | Pos=1/6 | Solde=916.03 ×0.92 | WR=37% PnL=-8.89
2026-06-21 14:00:45 [INFO] SOLUSDT Score=55 action=HOLD regime=ranging | Pos=1/6 | Solde=916.03 ×0.92 | WR=37% PnL=-8.89
2026-06-21 14:02:06 [INFO] AVAXUSDT Score=64 action=HOLD regime=trending_up | Pos=1/6 | Solde=916.03 ×0.92 | WR=37% PnL=-8.89
2026-06-21 14:05:48 [INFO] SOLUSDT Score=58 action=HOLD regime=ranging | Pos=1/6 | Solde=916.03 ×0.92 | WR=37% PnL=-8.89
2026-06-21 14:07:09 [INFO] AVAXUSDT Score=56 action=HOLD regime=trending_up | Pos=1/6 | Solde=916.03 ×0.92 | WR=37% PnL=-8.89
2026-06-21 14:10:52 [INFO] SOLUSDT Score=55 action=HOLD regime=ranging | Pos=1/6 | Solde=916.03 ×0.92 | WR=37% PnL=-8.89
2026-06-21 14:12:12 [INFO] AVAXUSDT Score=66 action=HOLD regime=trending_up | Pos=1/6 | Solde=916.03 ×0.92 | WR=37% PnL=-8.89
2026-06-21 14:14:20 [INFO] AVAXUSDT Score=69 action=BUY regime=trending_up | Pos=1/6 | Solde=916.03 ×0.92 | WR=37% PnL=-8.89
2026-06-21 14:14:20 [INFO] AVAXUSDT bloque — 3 bougies baissières consecutives
2026-06-21 14:15:08 [INFO] AVAXUSDT Score=56 action=HOLD regime=ranging | Pos=1/6 | Solde=916.03 ×0.92 | WR=37% PnL=-8.89
2026-06-21 14:15:55 [INFO] SOLUSDT Score=41 action=HOLD regime=ranging | Pos=1/6 | Solde=916.03 ×0.92 | WR=37% PnL=-8.89
2026-06-21 14:20:11 [INFO] AVAXUSDT Score=66 action=HOLD regime=ranging | Pos=1/6 | Solde=916.03 ×0.92 | WR=37% PnL=-8.89
2026-06-21 14:20:59 [INFO] SOLUSDT Score=54 action=HOLD regime=ranging | Pos=1/6 | Solde=916.03 ×0.92 | WR=37% PnL=-8.89
2026-06-21 14:25:14 [INFO] AVAXUSDT Score=66 action=HOLD regime=ranging | Pos=1/6 | Solde=916.03 ×0.92 | WR=37% PnL=-8.89
2026-06-21 14:26:02 [INFO] SOLUSDT Score=41 action=HOLD regime=ranging | Pos=1/6 | Solde=916.03 ×0.92 | WR=37% PnL=-8.89
2026-06-21 14:30:18 [INFO] AVAXUSDT Score=56 action=HOLD regime=ranging | Pos=1/6 | Solde=916.03 ×0.92 | WR=37% PnL=-8.89
2026-06-21 14:31:06 [INFO] SOLUSDT Score=41 action=HOLD regime=ranging | Pos=1/6 | Solde=916.03 ×0.92 | WR=37% PnL=-8.89
2026-06-21 14:31:22 [INFO] AVAXUSDT Score=68 action=BUY regime=ranging | Pos=1/6 | Solde=916.03 ×0.92 | WR=37% PnL=-8.89
2026-06-21 14:33:14 [INFO] AVAXUSDT Score=47 action=HOLD regime=ranging | Pos=1/6 | Solde=916.03 ×0.92 | WR=37% PnL=-8.89
2026-06-21 14:36:09 [INFO] SOLUSDT Score=41 action=HOLD regime=ranging | Pos=1/6 | Solde=916.03 ×0.92 | WR=37% PnL=-8.89
2026-06-21 14:38:18 [INFO] AVAXUSDT Score=54 action=HOLD regime=ranging | Pos=1/6 | Solde=916.03 ×0.92 | WR=37% PnL=-8.89
2026-06-21 14:41:13 [INFO] SOLUSDT Score=41 action=HOLD regime=ranging | Pos=1/6 | Solde=916.03 ×0.92 | WR=37% PnL=-8.89
2026-06-21 14:41:14 [INFO] AVAXUSDT Score=68 action=BUY regime=ranging | Pos=1/6 | Solde=916.03 ×0.92 | WR=37% PnL=-8.89
2026-06-21 14:42:01 [INFO] AVAXUSDT Score=47 action=HOLD regime=ranging | Pos=1/6 | Solde=916.03 ×0.92 | WR=37% PnL=-8.89
2026-06-21 14:42:49 [INFO] AVAXUSDT Score=68 action=BUY regime=ranging | Pos=1/6 | Solde=916.03 ×0.92 | WR=37% PnL=-8.89
2026-06-21 14:45:13 [INFO] AVAXUSDT Score=56 action=HOLD regime=ranging | Pos=1/6 | Solde=916.03 ×0.92 | WR=37% PnL=-8.89
2026-06-21 14:46:17 [INFO] SOLUSDT Score=36 action=HOLD regime=ranging | Pos=1/6 | Solde=916.03 ×0.92 | WR=37% PnL=-8.89
2026-06-21 14:50:16 [INFO] AVAXUSDT Score=54 action=HOLD regime=ranging | Pos=1/6 | Solde=916.03 ×0.92 | WR=37% PnL=-8.89
2026-06-21 14:51:20 [INFO] SOLUSDT Score=33 action=HOLD regime=ranging | Pos=1/6 | Solde=916.03 ×0.92 | WR=37% PnL=-8.89
2026-06-21 14:55:20 [INFO] AVAXUSDT Score=32 action=HOLD regime=ranging | Pos=1/6 | Solde=916.03 ×0.92 | WR=37% PnL=-8.89
2026-06-21 14:56:23 [INFO] SOLUSDT Score=32 action=HOLD regime=ranging | Pos=1/6 | Solde=916.03 ×0.92 | WR=37% PnL=-8.89
2026-06-21 15:00:23 [INFO] AVAXUSDT Score=35 action=HOLD regime=ranging | Pos=1/6 | Solde=916.03 ×0.92 | WR=37% PnL=-8.89
2026-06-21 15:01:26 [INFO] SOLUSDT Score=32 action=HOLD regime=ranging | Pos=1/6 | Solde=916.03 ×0.92 | WR=37% PnL=-8.89
2026-06-21 15:05:26 [INFO] AVAXUSDT Score=32 action=HOLD regime=ranging | Pos=1/6 | Solde=916.03 ×0.92 | WR=37% PnL=-8.89
2026-06-21 15:06:29 [INFO] SOLUSDT Score=39 action=HOLD regime=ranging | Pos=1/6 | Solde=916.03 ×0.92 | WR=37% PnL=-8.89
2026-06-21 15:10:29 [INFO] AVAXUSDT Score=56 action=HOLD regime=ranging | Pos=1/6 | Solde=916.03 ×0.92 | WR=37% PnL=-8.89
2026-06-21 15:11:33 [INFO] SOLUSDT Score=39 action=HOLD regime=ranging | Pos=1/6 | Solde=916.03 ×0.92 | WR=37% PnL=-8.89
2026-06-21 15:15:16 [INFO] SOLUSDT Score=54 action=HOLD regime=trending_up | Pos=1/6 | Solde=916.03 ×0.92 | WR=37% PnL=-8.89
2026-06-21 15:15:17 [INFO] AVAXUSDT Score=56 action=HOLD regime=trending_up | Pos=1/6 | Solde=916.03 ×0.92 | WR=37% PnL=-8.89
2026-06-21 15:16:20 [INFO] SOLUSDT Score=92 action=BUY regime=trending_up | Pos=1/6 | Solde=916.03 ×0.92 | WR=37% PnL=-8.89
2026-06-21 15:16:20 [INFO] Fear & Greed index = 23/100
2026-06-21 15:16:21 [INFO] SOLUSDT bloqué — ATR trop faible (0.37% < 0.50%)
2026-06-21 15:17:56 [INFO] SOLUSDT Score=52 action=HOLD regime=trending_up | Pos=1/6 | Solde=916.03 ×0.92 | WR=37% PnL=-8.89
2026-06-21 15:18:12 [INFO] SOLUSDT Score=92 action=BUY regime=trending_up | Pos=1/6 | Solde=916.03 ×0.92 | WR=37% PnL=-8.89
2026-06-21 15:18:44 [INFO] SOLUSDT Score=52 action=HOLD regime=trending_up | Pos=1/6 | Solde=916.03 ×0.92 | WR=37% PnL=-8.89
2026-06-21 15:20:21 [INFO] AVAXUSDT Score=44 action=HOLD regime=trending_up | Pos=1/6 | Solde=916.03 ×0.92 | WR=37% PnL=-8.89
2026-06-21 15:23:48 [INFO] SOLUSDT Score=52 action=HOLD regime=trending_up | Pos=1/6 | Solde=916.03 ×0.92 | WR=37% PnL=-8.89
2026-06-21 15:25:24 [INFO] AVAXUSDT Score=58 action=HOLD regime=trending_up | Pos=1/6 | Solde=916.03 ×0.92 | WR=37% PnL=-8.89
2026-06-21 15:28:51 [INFO] SOLUSDT Score=54 action=HOLD regime=trending_up | Pos=1/6 | Solde=916.03 ×0.92 | WR=37% PnL=-8.89
2026-06-21 15:30:11 [INFO] SOLUSDT Score=95 action=BUY regime=trending_up | Pos=1/6 | Solde=916.03 ×0.92 | WR=37% PnL=-8.89
2026-06-21 15:30:11 [INFO] SOLUSDT bloqué — ATR trop faible (0.35% < 0.50%)
2026-06-21 15:30:28 [INFO] AVAXUSDT Score=58 action=HOLD regime=trending_up | Pos=1/6 | Solde=916.03 ×0.92 | WR=37% PnL=-8.89
2026-06-21 15:31:31 [INFO] SOLUSDT Score=52 action=HOLD regime=trending_up | Pos=1/6 | Solde=916.03 ×0.92 | WR=37% PnL=-8.89
2026-06-21 15:35:31 [INFO] AVAXUSDT Score=56 action=HOLD regime=trending_up | Pos=1/6 | Solde=916.03 ×0.92 | WR=37% PnL=-8.89
2026-06-21 15:36:34 [INFO] SOLUSDT Score=56 action=HOLD regime=trending_up | Pos=1/6 | Solde=916.03 ×0.92 | WR=37% PnL=-8.89
2026-06-21 15:40:34 [INFO] AVAXUSDT Score=56 action=HOLD regime=trending_up | Pos=1/6 | Solde=916.03 ×0.92 | WR=37% PnL=-8.89
2026-06-21 15:41:38 [INFO] SOLUSDT Score=56 action=HOLD regime=trending_up | Pos=1/6 | Solde=916.03 ×0.92 | WR=37% PnL=-8.89
2026-06-21 15:45:37 [INFO] AVAXUSDT Score=56 action=HOLD regime=trending_up | Pos=1/6 | Solde=916.03 ×0.92 | WR=37% PnL=-8.89
2026-06-21 15:46:41 [INFO] SOLUSDT Score=56 action=HOLD regime=trending_up | Pos=1/6 | Solde=916.03 ×0.92 | WR=37% PnL=-8.89
2026-06-21 15:50:41 [INFO] AVAXUSDT Score=56 action=HOLD regime=trending_up | Pos=1/6 | Solde=916.03 ×0.92 | WR=37% PnL=-8.89
2026-06-21 15:51:44 [INFO] SOLUSDT Score=56 action=HOLD regime=trending_up | Pos=1/6 | Solde=916.03 ×0.92 | WR=37% PnL=-8.89
2026-06-21 15:52:00 [INFO] SOLUSDT Score=92 action=BUY regime=trending_up | Pos=1/6 | Solde=916.03 ×0.92 | WR=37% PnL=-8.89
2026-06-21 15:52:00 [INFO] SOLUSDT bloqué — ATR trop faible (0.38% < 0.50%)
2026-06-21 15:53:20 [INFO] SOLUSDT Score=56 action=HOLD regime=trending_up | Pos=1/6 | Solde=916.03 ×0.92 | WR=37% PnL=-8.89
2026-06-21 15:53:52 [INFO] SOLUSDT Score=92 action=BUY regime=trending_up | Pos=1/6 | Solde=916.03 ×0.92 | WR=37% PnL=-8.89
2026-06-21 15:55:44 [INFO] AVAXUSDT Score=56 action=HOLD regime=trending_up | Pos=1/6 | Solde=916.03 ×0.92 | WR=37% PnL=-8.89
2026-06-21 15:57:03 [INFO] SOLUSDT bloqué — ATR trop faible (0.38% < 0.50%)
2026-06-21 15:58:55 [INFO] SOLUSDT Score=100 action=BUY regime=trending_up | Pos=1/6 | Solde=916.03 ×0.92 | WR=37% PnL=-8.89
2026-06-21 16:00:16 [INFO] AVAXUSDT Score=68 action=BUY regime=trending_up | Pos=1/6 | Solde=916.03 ×0.92 | WR=37% PnL=-8.89
2026-06-21 16:00:32 [INFO] AVAXUSDT Score=66 action=HOLD regime=trending_up | Pos=1/6 | Solde=916.03 ×0.92 | WR=37% PnL=-8.89
2026-06-21 16:02:07 [INFO] SOLUSDT bloqué — ATR trop faible (0.37% < 0.50%)
2026-06-21 16:02:55 [INFO] AVAXUSDT Score=68 action=BUY regime=trending_up | Pos=1/6 | Solde=916.03 ×0.92 | WR=37% PnL=-8.89
2026-06-21 16:03:43 [INFO] AVAXUSDT Score=54 action=HOLD regime=trending_up | Pos=1/6 | Solde=916.03 ×0.92 | WR=37% PnL=-8.89
2026-06-21 16:03:59 [INFO] SOLUSDT Score=74 action=BUY regime=trending_up | Pos=1/6 | Solde=916.03 ×0.92 | WR=37% PnL=-8.89
2026-06-21 16:07:11 [INFO] SOLUSDT bloqué — ATR trop faible (0.38% < 0.50%)
2026-06-21 16:08:15 [INFO] AVAXUSDT Score=68 action=BUY regime=trending_up | Pos=1/6 | Solde=916.03 ×0.92 | WR=37% PnL=-8.89
2026-06-21 16:09:02 [INFO] SOLUSDT Score=72 action=BUY regime=trending_up | Pos=1/6 | Solde=916.03 ×0.92 | WR=37% PnL=-8.89
2026-06-21 16:09:19 [INFO] AVAXUSDT Score=66 action=HOLD regime=trending_up | Pos=1/6 | Solde=916.03 ×0.92 | WR=37% PnL=-8.89
2026-06-21 16:11:26 [INFO] SOLUSDT Score=68 action=HOLD regime=trending_up | Pos=1/6 | Solde=916.03 ×0.92 | WR=37% PnL=-8.89
2026-06-21 16:12:14 [INFO] SOLUSDT Score=72 action=BUY regime=trending_up | Pos=1/6 | Solde=916.03 ×0.92 | WR=37% PnL=-8.89
2026-06-21 16:12:14 [INFO] SOLUSDT bloqué — ATR trop faible (0.38% < 0.50%)
2026-06-21 16:14:22 [INFO] AVAXUSDT Score=66 action=HOLD regime=trending_up | Pos=1/6 | Solde=916.03 ×0.92 | WR=37% PnL=-8.89
2026-06-21 16:16:30 [INFO] Fear & Greed index = 23/100
2026-06-21 16:17:17 [INFO] SOLUSDT Score=86 action=BUY regime=trending_up | Pos=1/6 | Solde=916.03 ×0.92 | WR=37% PnL=-8.89
2026-06-21 16:17:18 [INFO] BTC EMA21 1h baissière — filtre macro actif
2026-06-21 16:17:18 [INFO] SOLUSDT BTC baissier — taille ×0.5
2026-06-21 16:17:18 [INFO] SOLUSDT bloqué — ATR trop faible (0.37% < 0.50%)
2026-06-21 16:19:26 [INFO] AVAXUSDT Score=56 action=HOLD regime=trending_up | Pos=1/6 | Solde=916.03 ×0.92 | WR=37% PnL=-8.89
2026-06-21 16:20:14 [INFO] AVAXUSDT Score=54 action=HOLD regime=ranging | Pos=1/6 | Solde=916.03 ×0.92 | WR=37% PnL=-8.89
2026-06-21 16:22:21 [INFO] SOLUSDT Score=96 action=BUY regime=trending_up | Pos=1/6 | Solde=916.03 ×0.92 | WR=37% PnL=-8.89
2026-06-21 16:22:21 [INFO] BTC EMA21 1h baissière — filtre macro actif
2026-06-21 16:22:21 [INFO] SOLUSDT BTC baissier — taille ×0.5
2026-06-21 16:22:21 [INFO] SOLUSDT bloqué — ATR trop faible (0.37% < 0.50%)
2026-06-21 16:22:22 [INFO] AVAXUSDT Score=64 action=HOLD regime=trending_up | Pos=1/6 | Solde=916.03 ×0.92 | WR=37% PnL=-8.89
2026-06-21 16:24:45 [INFO] AVAXUSDT Score=84 action=BUY regime=trending_up | Pos=1/6 | Solde=916.03 ×0.92 | WR=37% PnL=-8.89
2026-06-21 16:27:24 [INFO] SOLUSDT Score=82 action=BUY regime=trending_up | Pos=1/6 | Solde=916.03 ×0.92 | WR=37% PnL=-8.89
2026-06-21 16:27:25 [INFO] SOLUSDT bloqué — ATR trop faible (0.39% < 0.50%)
2026-06-21 16:29:49 [INFO] AVAXUSDT Score=100 action=BUY regime=trending_up | Pos=1/6 | Solde=916.03 ×0.92 | WR=37% PnL=-8.89
2026-06-21 16:32:28 [INFO] SOLUSDT Score=74 action=BUY regime=trending_up | Pos=1/6 | Solde=916.03 ×0.92 | WR=37% PnL=-8.89
2026-06-21 16:32:28 [INFO] BTC EMA21 1h baissière — filtre macro actif
2026-06-21 16:32:28 [INFO] SOLUSDT BTC baissier — taille ×0.5
2026-06-21 16:32:28 [INFO] SOLUSDT bloqué — ATR trop faible (0.36% < 0.50%)
2026-06-21 16:34:53 [INFO] AVAXUSDT Score=69 action=BUY regime=trending_up | Pos=1/6 | Solde=916.03 ×0.92 | WR=37% PnL=-8.89
2026-06-21 16:37:33 [INFO] SOLUSDT Score=90 action=BUY regime=trending_up | Pos=1/6 | Solde=916.03 ×0.92 | WR=37% PnL=-8.89
2026-06-21 16:37:33 [INFO] SOLUSDT bloqué — ATR trop faible (0.38% < 0.50%)
2026-06-21 16:39:57 [INFO] AVAXUSDT Score=79 action=BUY regime=trending_up | Pos=1/6 | Solde=916.03 ×0.92 | WR=37% PnL=-8.89
2026-06-21 16:42:21 [INFO] AVAXUSDT Score=64 action=HOLD regime=trending_up | Pos=1/6 | Solde=916.03 ×0.92 | WR=37% PnL=-8.89
2026-06-21 16:42:37 [INFO] SOLUSDT Score=90 action=BUY regime=trending_up | Pos=1/6 | Solde=916.03 ×0.92 | WR=37% PnL=-8.89
2026-06-21 16:42:37 [INFO] SOLUSDT bloqué — ATR trop faible (0.39% < 0.50%)
2026-06-21 16:43:10 [INFO] AVAXUSDT Score=69 action=BUY regime=trending_up | Pos=1/6 | Solde=916.03 ×0.92 | WR=37% PnL=-8.89
2026-06-21 16:47:40 [INFO] SOLUSDT Score=76 action=BUY regime=trending_up | Pos=1/6 | Solde=916.03 ×0.92 | WR=37% PnL=-8.89
2026-06-21 16:47:41 [INFO] BTC EMA21 1h baissière — filtre macro actif
2026-06-21 16:47:41 [INFO] SOLUSDT BTC baissier — taille ×0.5
2026-06-21 16:47:41 [INFO] SOLUSDT bloqué — ATR trop faible (0.39% < 0.50%)
2026-06-21 16:48:13 [INFO] AVAXUSDT Score=82 action=BUY regime=trending_up | Pos=1/6 | Solde=916.03 ×0.92 | WR=37% PnL=-8.89
2026-06-21 16:52:44 [INFO] SOLUSDT Score=74 action=BUY regime=trending_up | Pos=1/6 | Solde=916.03 ×0.92 | WR=37% PnL=-8.89
2026-06-21 16:52:44 [INFO] SOLUSDT bloqué — ATR trop faible (0.38% < 0.50%)
2026-06-21 16:53:16 [INFO] AVAXUSDT Score=82 action=BUY regime=trending_up | Pos=1/6 | Solde=916.03 ×0.92 | WR=37% PnL=-8.89
2026-06-21 16:57:47 [INFO] SOLUSDT Score=74 action=BUY regime=trending_up | Pos=1/6 | Solde=916.03 ×0.92 | WR=37% PnL=-8.89
2026-06-21 16:57:47 [INFO] SOLUSDT bloqué — ATR trop faible (0.39% < 0.50%)
2026-06-21 16:58:20 [INFO] AVAXUSDT Score=69 action=BUY regime=trending_up | Pos=1/6 | Solde=916.03 ×0.92 | WR=37% PnL=-8.89
2026-06-21 17:01:31 [INFO] SOLUSDT Score=64 action=HOLD regime=trending_up | Pos=1/6 | Solde=916.03 ×0.92 | WR=37% PnL=-8.89
2026-06-21 17:01:47 [INFO] SOLUSDT Score=79 action=BUY regime=trending_up | Pos=1/6 | Solde=916.03 ×0.92 | WR=37% PnL=-8.89
2026-06-21 17:02:51 [INFO] SOLUSDT bloqué — ATR trop faible (0.38% < 0.50%)
2026-06-21 17:03:24 [INFO] AVAXUSDT Score=70 action=BUY regime=trending_up | Pos=1/6 | Solde=916.03 ×0.92 | WR=37% PnL=-8.89
2026-06-21 17:06:51 [INFO] SOLUSDT Score=69 action=BUY regime=trending_up | Pos=1/6 | Solde=916.03 ×0.92 | WR=37% PnL=-8.89
2026-06-21 17:07:55 [INFO] SOLUSDT bloqué — ATR trop faible (0.38% < 0.50%)
2026-06-21 17:08:27 [INFO] AVAXUSDT Score=84 action=BUY regime=trending_up | Pos=1/6 | Solde=916.03 ×0.92 | WR=37% PnL=-8.89
2026-06-21 17:08:59 [INFO] SOLUSDT Score=64 action=HOLD regime=trending_up | Pos=1/6 | Solde=916.03 ×0.92 | WR=37% PnL=-8.89
2026-06-21 17:09:47 [INFO] SOLUSDT Score=74 action=BUY regime=trending_up | Pos=1/6 | Solde=916.03 ×0.92 | WR=37% PnL=-8.89
2026-06-21 17:11:22 [INFO] SOLUSDT Score=64 action=HOLD regime=trending_up | Pos=1/6 | Solde=916.03 ×0.92 | WR=37% PnL=-8.89
2026-06-21 17:13:31 [INFO] AVAXUSDT Score=87 action=BUY regime=trending_up | Pos=1/6 | Solde=916.03 ×0.92 | WR=37% PnL=-8.89
2026-06-21 17:15:06 [INFO] SOLUSDT Score=78 action=BUY regime=trending_up | Pos=1/6 | Solde=916.03 ×0.92 | WR=37% PnL=-8.89
2026-06-21 17:15:06 [INFO] SOLUSDT bloqué — ATR trop faible (0.36% < 0.50%)
2026-06-21 17:16:42 [INFO] Fear & Greed index = 23/100
2026-06-21 17:18:18 [INFO] AVAXUSDT Score=60 action=HOLD regime=trending_up | Pos=1/6 | Solde=916.03 ×0.92 | WR=37% PnL=-8.89
2026-06-21 17:19:38 [INFO] AVAXUSDT Score=69 action=BUY regime=trending_up | Pos=1/6 | Solde=916.03 ×0.92 | WR=37% PnL=-8.89
2026-06-21 17:20:10 [INFO] SOLUSDT Score=78 action=BUY regime=trending_up | Pos=1/6 | Solde=916.03 ×0.92 | WR=37% PnL=-8.89
2026-06-21 17:20:10 [INFO] SOLUSDT bloqué — ATR trop faible (0.37% < 0.50%)
2026-06-21 17:24:42 [INFO] AVAXUSDT Score=69 action=BUY regime=trending_up | Pos=1/6 | Solde=916.03 ×0.92 | WR=37% PnL=-8.89
2026-06-21 17:25:13 [INFO] SOLUSDT Score=82 action=BUY regime=trending_up | Pos=1/6 | Solde=916.03 ×0.92 | WR=37% PnL=-8.89
2026-06-21 17:25:13 [INFO] SOLUSDT bloqué — ATR trop faible (0.38% < 0.50%)
2026-06-21 17:29:46 [INFO] AVAXUSDT Score=72 action=BUY regime=trending_up | Pos=1/6 | Solde=916.03 ×0.92 | WR=37% PnL=-8.89
2026-06-21 17:30:18 [INFO] SOLUSDT Score=72 action=BUY regime=trending_up | Pos=1/6 | Solde=916.03 ×0.92 | WR=37% PnL=-8.89
2026-06-21 17:30:18 [INFO] SOLUSDT bloqué — ATR trop faible (0.36% < 0.50%)
2026-06-21 17:31:22 [INFO] AVAXUSDT Score=59 action=HOLD regime=trending_up | Pos=1/6 | Solde=916.03 ×0.92 | WR=37% PnL=-8.89
2026-06-21 17:33:30 [INFO] AVAXUSDT Score=72 action=BUY regime=trending_up | Pos=1/6 | Solde=916.03 ×0.92 | WR=37% PnL=-8.89
2026-06-21 17:35:21 [INFO] SOLUSDT Score=69 action=BUY regime=trending_up | Pos=1/6 | Solde=916.03 ×0.92 | WR=37% PnL=-8.89
2026-06-21 17:35:22 [INFO] SOLUSDT bloqué — ATR trop faible (0.37% < 0.50%)
2026-06-21 17:38:33 [INFO] AVAXUSDT Score=72 action=BUY regime=trending_up | Pos=1/6 | Solde=916.03 ×0.92 | WR=37% PnL=-8.89
2026-06-21 17:39:21 [INFO] AVAXUSDT Score=59 action=HOLD regime=trending_up | Pos=1/6 | Solde=916.03 ×0.92 | WR=37% PnL=-8.89
2026-06-21 17:40:25 [INFO] SOLUSDT Score=79 action=BUY regime=trending_up | Pos=1/6 | Solde=916.03 ×0.92 | WR=37% PnL=-8.89
2026-06-21 17:40:25 [INFO] SOLUSDT bloqué — ATR trop faible (0.37% < 0.50%)
2026-06-21 17:40:41 [INFO] AVAXUSDT Score=72 action=BUY regime=trending_up | Pos=1/6 | Solde=916.03 ×0.92 | WR=37% PnL=-8.89
2026-06-21 17:45:28 [INFO] SOLUSDT Score=69 action=BUY regime=trending_up | Pos=1/6 | Solde=916.03 ×0.92 | WR=37% PnL=-8.89
2026-06-21 17:45:29 [INFO] SOLUSDT bloqué — ATR trop faible (0.35% < 0.50%)
2026-06-21 17:45:46 [INFO] AVAXUSDT Score=86 action=BUY regime=trending_up | Pos=1/6 | Solde=916.03 ×0.92 | WR=37% PnL=-8.89
2026-06-21 17:46:17 [INFO] SOLUSDT Score=64 action=HOLD regime=trending_up | Pos=1/6 | Solde=916.03 ×0.92 | WR=37% PnL=-8.89
2026-06-21 17:47:05 [INFO] SOLUSDT Score=72 action=BUY regime=trending_up | Pos=1/6 | Solde=916.03 ×0.92 | WR=37% PnL=-8.89
2026-06-21 17:50:32 [INFO] SOLUSDT bloqué — ATR trop faible (0.37% < 0.50%)
2026-06-21 17:50:49 [INFO] AVAXUSDT Score=82 action=BUY regime=trending_up | Pos=1/6 | Solde=916.03 ×0.92 | WR=37% PnL=-8.89
2026-06-21 17:52:08 [INFO] SOLUSDT Score=72 action=BUY regime=trending_up | Pos=1/6 | Solde=916.03 ×0.92 | WR=37% PnL=-8.89
2026-06-21 17:55:36 [INFO] SOLUSDT bloqué — ATR trop faible (0.37% < 0.50%)
2026-06-21 17:55:52 [INFO] AVAXUSDT Score=86 action=BUY regime=trending_up | Pos=1/6 | Solde=916.03 ×0.92 | WR=37% PnL=-8.89
2026-06-21 17:57:12 [INFO] SOLUSDT Score=72 action=BUY regime=trending_up | Pos=1/6 | Solde=916.03 ×0.92 | WR=37% PnL=-8.89
2026-06-21 17:59:36 [INFO] SOLUSDT Score=64 action=HOLD regime=trending_up | Pos=1/6 | Solde=916.03 ×0.92 | WR=37% PnL=-8.89
2026-06-21 18:00:07 [INFO] SOLUSDT Score=82 action=BUY regime=trending_up | Pos=1/6 | Solde=916.03 ×0.92 | WR=37% PnL=-8.89
2026-06-21 18:00:40 [INFO] SOLUSDT bloqué — ATR trop faible (0.34% < 0.50%)
2026-06-21 18:00:56 [INFO] AVAXUSDT Score=86 action=BUY regime=trending_up | Pos=1/6 | Solde=916.03 ×0.92 | WR=37% PnL=-8.89
2026-06-21 18:05:12 [INFO] SOLUSDT Score=82 action=BUY regime=trending_up | Pos=1/6 | Solde=916.03 ×0.92 | WR=37% PnL=-8.89
2026-06-21 18:05:44 [INFO] BTC EMA21 1h baissière — filtre macro actif
2026-06-21 18:05:44 [INFO] SOLUSDT BTC baissier — taille ×0.5
2026-06-21 18:05:44 [INFO] SOLUSDT bloqué — ATR trop faible (0.36% < 0.50%)
2026-06-21 18:06:00 [INFO] AVAXUSDT Score=86 action=BUY regime=trending_up | Pos=1/6 | Solde=916.03 ×0.92 | WR=37% PnL=-8.89
2026-06-21 18:10:16 [INFO] SOLUSDT Score=82 action=BUY regime=trending_up | Pos=1/6 | Solde=916.03 ×0.92 | WR=37% PnL=-8.89
2026-06-21 18:10:48 [INFO] SOLUSDT bloqué — ATR trop faible (0.36% < 0.50%)
2026-06-21 18:11:04 [INFO] AVAXUSDT Score=72 action=BUY regime=trending_up | Pos=1/6 | Solde=916.03 ×0.92 | WR=37% PnL=-8.89
2026-06-21 18:14:00 [INFO] AVAXUSDT Score=44 action=HOLD regime=trending_up | Pos=1/6 | Solde=916.03 ×0.92 | WR=37% PnL=-8.89
2026-06-21 18:14:16 [INFO] AVAXUSDT Score=84 action=BUY regime=trending_up | Pos=1/6 | Solde=916.03 ×0.92 | WR=37% PnL=-8.89
2026-06-21 18:15:04 [INFO] AVAXUSDT Score=57 action=HOLD regime=trending_up | Pos=1/6 | Solde=916.03 ×0.92 | WR=37% PnL=-8.89
2026-06-21 18:15:20 [INFO] SOLUSDT Score=80 action=BUY regime=trending_up | Pos=1/6 | Solde=916.03 ×0.92 | WR=37% PnL=-8.89
2026-06-21 18:15:52 [INFO] SOLUSDT bloqué — ATR trop faible (0.35% < 0.50%)
2026-06-21 18:16:56 [INFO] Fear & Greed index = 23/100
2026-06-21 18:20:08 [INFO] AVAXUSDT Score=52 action=HOLD regime=trending_up | Pos=1/6 | Solde=916.03 ×0.92 | WR=37% PnL=-8.89
2026-06-21 18:20:24 [INFO] SOLUSDT Score=80 action=BUY regime=trending_up | Pos=1/6 | Solde=916.03 ×0.92 | WR=37% PnL=-8.89
2026-06-21 18:20:56 [INFO] SOLUSDT bloqué — ATR trop faible (0.35% < 0.50%)
2026-06-21 18:25:12 [INFO] AVAXUSDT Score=27 action=HOLD regime=trending_up | Pos=1/6 | Solde=916.03 ×0.92 | WR=37% PnL=-8.89
2026-06-21 18:25:28 [INFO] SOLUSDT Score=82 action=BUY regime=trending_up | Pos=1/6 | Solde=916.03 ×0.92 | WR=37% PnL=-8.89
2026-06-21 18:26:00 [INFO] SOLUSDT bloqué — ATR trop faible (0.36% < 0.50%)
2026-06-21 18:29:13 [INFO] AVAXUSDT Score=65 action=HOLD regime=ranging | Pos=1/6 | Solde=916.03 ×0.92 | WR=37% PnL=-8.89
2026-06-21 18:30:32 [INFO] SOLUSDT Score=86 action=BUY regime=trending_up | Pos=1/6 | Solde=916.03 ×0.92 | WR=37% PnL=-8.89
2026-06-21 18:31:04 [INFO] SOLUSDT bloqué — ATR trop faible (0.34% < 0.50%)
2026-06-21 18:34:16 [INFO] SOLUSDT Score=46 action=HOLD regime=trending_up | Pos=1/6 | Solde=916.03 ×0.92 | WR=37% PnL=-8.89
2026-06-21 18:34:16 [INFO] AVAXUSDT Score=54 action=HOLD regime=ranging | Pos=1/6 | Solde=916.03 ×0.92 | WR=37% PnL=-8.89
2026-06-21 18:36:39 [INFO] SOLUSDT Score=86 action=BUY regime=trending_up | Pos=1/6 | Solde=916.03 ×0.92 | WR=37% PnL=-8.89
2026-06-21 18:36:39 [INFO] SOLUSDT bloqué — ATR trop faible (0.36% < 0.50%)
2026-06-21 18:37:43 [INFO] SOLUSDT Score=46 action=HOLD regime=trending_up | Pos=1/6 | Solde=916.03 ×0.92 | WR=37% PnL=-8.89
2026-06-21 18:39:19 [INFO] AVAXUSDT Score=54 action=HOLD regime=ranging | Pos=1/6 | Solde=916.03 ×0.92 | WR=37% PnL=-8.89
2026-06-21 18:41:58 [INFO] SOLUSDT Score=86 action=BUY regime=trending_up | Pos=1/6 | Solde=916.03 ×0.92 | WR=37% PnL=-8.89
2026-06-21 18:41:59 [INFO] SOLUSDT bloqué — ATR trop faible (0.36% < 0.50%)
2026-06-21 18:44:23 [INFO] AVAXUSDT Score=54 action=HOLD regime=ranging | Pos=1/6 | Solde=916.03 ×0.92 | WR=37% PnL=-8.89
2026-06-21 18:47:02 [INFO] SOLUSDT Score=82 action=BUY regime=trending_up | Pos=1/6 | Solde=916.03 ×0.92 | WR=37% PnL=-8.89
2026-06-21 18:47:02 [INFO] SOLUSDT bloqué — ATR trop faible (0.35% < 0.50%)
2026-06-21 18:49:27 [INFO] AVAXUSDT Score=35 action=HOLD regime=ranging | Pos=1/6 | Solde=916.03 ×0.92 | WR=37% PnL=-8.89
2026-06-21 18:52:06 [INFO] SOLUSDT Score=69 action=BUY regime=trending_up | Pos=1/6 | Solde=916.03 ×0.92 | WR=37% PnL=-8.89
2026-06-21 18:52:06 [INFO] SOLUSDT bloqué — ATR trop faible (0.36% < 0.50%)
2026-06-21 18:52:38 [INFO] SOLUSDT Score=60 action=HOLD regime=trending_up | Pos=1/6 | Solde=916.03 ×0.92 | WR=37% PnL=-8.89
2026-06-21 18:54:31 [INFO] AVAXUSDT Score=35 action=HOLD regime=ranging | Pos=1/6 | Solde=916.03 ×0.92 | WR=37% PnL=-8.89
2026-06-21 18:57:10 [INFO] SOLUSDT Score=75 action=BUY regime=trending_up | Pos=1/6 | Solde=916.03 ×0.92 | WR=37% PnL=-8.89
2026-06-21 18:57:10 [INFO] SOLUSDT bloqué — ATR trop faible (0.39% < 0.50%)
2026-06-21 18:59:35 [INFO] AVAXUSDT Score=27 action=HOLD regime=ranging | Pos=1/6 | Solde=916.03 ×0.92 | WR=37% PnL=-8.89
2026-06-21 19:02:14 [INFO] SOLUSDT Score=77 action=BUY regime=trending_up | Pos=1/6 | Solde=916.03 ×0.92 | WR=37% PnL=-8.89
2026-06-21 19:02:14 [INFO] SOLUSDT bloqué — ATR trop faible (0.38% < 0.50%)
2026-06-21 19:04:39 [INFO] AVAXUSDT Score=32 action=HOLD regime=ranging | Pos=1/6 | Solde=916.03 ×0.92 | WR=37% PnL=-8.89
2026-06-21 19:05:11 [INFO] SOLUSDT Score=60 action=HOLD regime=trending_up | Pos=1/6 | Solde=916.03 ×0.92 | WR=37% PnL=-8.89
2026-06-21 19:08:22 [INFO] SOLUSDT Score=69 action=BUY regime=trending_up | Pos=1/6 | Solde=916.03 ×0.92 | WR=37% PnL=-8.89
2026-06-21 19:08:22 [INFO] SOLUSDT bloqué — ATR trop faible (0.39% < 0.50%)
2026-06-21 19:08:38 [INFO] SOLUSDT Score=60 action=HOLD regime=trending_up | Pos=1/6 | Solde=916.03 ×0.92 | WR=37% PnL=-8.89
2026-06-21 19:08:54 [INFO] SOLUSDT Score=69 action=BUY regime=trending_up | Pos=1/6 | Solde=916.03 ×0.92 | WR=37% PnL=-8.89
2026-06-21 19:09:43 [INFO] AVAXUSDT Score=26 action=HOLD regime=ranging | Pos=1/6 | Solde=916.03 ×0.92 | WR=37% PnL=-8.89
2026-06-21 19:12:38 [INFO] SOLUSDT Score=60 action=HOLD regime=trending_up | Pos=1/6 | Solde=916.03 ×0.92 | WR=37% PnL=-8.89
2026-06-21 19:14:46 [INFO] AVAXUSDT Score=32 action=HOLD regime=ranging | Pos=1/6 | Solde=916.03 ×0.92 | WR=37% PnL=-8.89
2026-06-21 19:16:37 [INFO] SOLUSDT Score=77 action=BUY regime=trending_up | Pos=1/6 | Solde=916.03 ×0.92 | WR=37% PnL=-8.89
2026-06-21 19:16:38 [INFO] SOLUSDT bloqué — ATR trop faible (0.38% < 0.50%)
2026-06-21 19:17:11 [INFO] Fear & Greed index = 23/100
2026-06-21 19:18:14 [INFO] SOLUSDT Score=67 action=HOLD regime=trending_up | Pos=1/6 | Solde=916.03 ×0.92 | WR=37% PnL=-8.89
2026-06-21 19:18:30 [INFO] SOLUSDT Score=72 action=BUY regime=trending_up | Pos=1/6 | Solde=916.03 ×0.92 | WR=37% PnL=-8.89
2026-06-21 19:18:46 [INFO] SOLUSDT Score=67 action=HOLD regime=trending_up | Pos=1/6 | Solde=916.03 ×0.92 | WR=37% PnL=-8.89
2026-06-21 19:19:02 [INFO] SOLUSDT Score=77 action=BUY regime=trending_up | Pos=1/6 | Solde=916.03 ×0.92 | WR=37% PnL=-8.89
2026-06-21 19:19:34 [INFO] SOLUSDT Score=67 action=HOLD regime=trending_up | Pos=1/6 | Solde=916.03 ×0.92 | WR=37% PnL=-8.89
2026-06-21 19:19:51 [INFO] SOLUSDT Score=77 action=BUY regime=trending_up | Pos=1/6 | Solde=916.03 ×0.92 | WR=37% PnL=-8.89
2026-06-21 19:19:51 [INFO] AVAXUSDT Score=32 action=HOLD regime=ranging | Pos=1/6 | Solde=916.03 ×0.92 | WR=37% PnL=-8.89
2026-06-21 19:21:43 [INFO] SOLUSDT bloqué — ATR trop faible (0.39% < 0.50%)
2026-06-21 19:22:30 [INFO] SOLUSDT Score=60 action=HOLD regime=trending_up | Pos=1/6 | Solde=916.03 ×0.92 | WR=37% PnL=-8.89
2026-06-21 19:24:54 [INFO] AVAXUSDT Score=23 action=HOLD regime=ranging | Pos=1/6 | Solde=916.03 ×0.92 | WR=37% PnL=-8.89
2026-06-21 19:27:02 [INFO] SOLUSDT Score=70 action=BUY regime=trending_up | Pos=1/6 | Solde=916.03 ×0.92 | WR=37% PnL=-8.89
2026-06-21 19:27:02 [INFO] SOLUSDT bloqué — ATR trop faible (0.39% < 0.50%)
2026-06-21 19:27:18 [INFO] SOLUSDT Score=66 action=HOLD regime=trending_up | Pos=1/6 | Solde=916.03 ×0.92 | WR=37% PnL=-8.89
2026-06-21 19:29:10 [INFO] SOLUSDT Score=69 action=BUY regime=trending_up | Pos=1/6 | Solde=916.03 ×0.92 | WR=37% PnL=-8.89
2026-06-21 19:29:26 [INFO] SOLUSDT Score=63 action=HOLD regime=trending_up | Pos=1/6 | Solde=916.03 ×0.92 | WR=37% PnL=-8.89
2026-06-21 19:29:58 [INFO] AVAXUSDT Score=33 action=HOLD regime=ranging | Pos=1/6 | Solde=916.03 ×0.92 | WR=37% PnL=-8.89
2026-06-21 19:31:34 [INFO] SOLUSDT Score=77 action=BUY regime=trending_up | Pos=1/6 | Solde=916.03 ×0.92 | WR=37% PnL=-8.89
2026-06-21 19:32:06 [INFO] SOLUSDT bloqué — ATR trop faible (0.37% < 0.50%)
2026-06-21 19:35:02 [INFO] AVAXUSDT Score=54 action=HOLD regime=ranging | Pos=1/6 | Solde=916.03 ×0.92 | WR=37% PnL=-8.89
2026-06-21 19:36:37 [INFO] SOLUSDT Score=82 action=BUY regime=trending_up | Pos=1/6 | Solde=916.03 ×0.92 | WR=37% PnL=-8.89
2026-06-21 19:37:09 [INFO] SOLUSDT bloqué — ATR trop faible (0.39% < 0.50%)
2026-06-21 19:40:05 [INFO] AVAXUSDT Score=54 action=HOLD regime=ranging | Pos=1/6 | Solde=916.03 ×0.92 | WR=37% PnL=-8.89
2026-06-21 19:41:41 [INFO] SOLUSDT Score=94 action=BUY regime=trending_up | Pos=1/6 | Solde=916.03 ×0.92 | WR=37% PnL=-8.89
2026-06-21 19:42:13 [INFO] SOLUSDT bloqué — ATR trop faible (0.41% < 0.50%)
2026-06-21 19:45:09 [INFO] AVAXUSDT Score=58 action=HOLD regime=ranging | Pos=1/6 | Solde=916.03 ×0.92 | WR=37% PnL=-8.89
2026-06-21 19:46:44 [INFO] SOLUSDT Score=82 action=BUY regime=trending_up | Pos=1/6 | Solde=916.03 ×0.92 | WR=37% PnL=-8.89
2026-06-21 19:47:16 [INFO] SOLUSDT bloqué — ATR trop faible (0.39% < 0.50%)
2026-06-21 19:50:12 [INFO] AVAXUSDT Score=54 action=HOLD regime=ranging | Pos=1/6 | Solde=916.03 ×0.92 | WR=37% PnL=-8.89
2026-06-21 19:51:47 [INFO] SOLUSDT Score=82 action=BUY regime=trending_up | Pos=1/6 | Solde=916.03 ×0.92 | WR=37% PnL=-8.89
2026-06-21 19:52:20 [INFO] SOLUSDT bloqué — ATR trop faible (0.40% < 0.50%)
2026-06-21 19:55:16 [INFO] AVAXUSDT Score=54 action=HOLD regime=ranging | Pos=1/6 | Solde=916.03 ×0.92 | WR=37% PnL=-8.89
2026-06-21 19:56:51 [INFO] SOLUSDT Score=77 action=BUY regime=trending_up | Pos=1/6 | Solde=916.03 ×0.92 | WR=37% PnL=-8.89
2026-06-21 19:57:23 [INFO] SOLUSDT bloqué — ATR trop faible (0.40% < 0.50%)
2026-06-21 20:00:19 [INFO] AVAXUSDT Score=54 action=HOLD regime=ranging | Pos=1/6 | Solde=916.03 ×0.92 | WR=37% PnL=-8.89
2026-06-21 20:01:23 [INFO] SOLUSDT Score=48 action=HOLD regime=trending_up | Pos=1/6 | Solde=916.03 ×0.92 | WR=37% PnL=-8.89
2026-06-21 20:05:23 [INFO] AVAXUSDT Score=66 action=HOLD regime=ranging | Pos=1/6 | Solde=916.03 ×0.92 | WR=37% PnL=-8.89
2026-06-21 20:06:26 [INFO] SOLUSDT Score=48 action=HOLD regime=trending_up | Pos=1/6 | Solde=916.03 ×0.92 | WR=37% PnL=-8.89
2026-06-21 20:10:26 [INFO] AVAXUSDT Score=54 action=HOLD regime=ranging | Pos=1/6 | Solde=916.03 ×0.92 | WR=37% PnL=-8.89
2026-06-21 20:11:29 [INFO] SOLUSDT Score=48 action=HOLD regime=trending_up | Pos=1/6 | Solde=916.03 ×0.92 | WR=37% PnL=-8.89
2026-06-21 20:15:12 [INFO] SOLUSDT Score=70 action=BUY regime=trending_up | Pos=1/6 | Solde=916.03 ×0.92 | WR=37% PnL=-8.89
2026-06-21 20:15:12 [INFO] SOLUSDT bloqué — ATR trop faible (0.39% < 0.50%)
2026-06-21 20:15:28 [INFO] SOLUSDT Score=68 action=HOLD regime=trending_up | Pos=1/6 | Solde=916.03 ×0.92 | WR=37% PnL=-8.89
2026-06-21 20:15:29 [INFO] AVAXUSDT Score=54 action=HOLD regime=ranging | Pos=1/6 | Solde=916.03 ×0.92 | WR=37% PnL=-8.89
2026-06-21 20:20:31 [INFO] SOLUSDT Score=68 action=HOLD regime=trending_up | Pos=1/6 | Solde=916.03 ×0.92 | WR=37% PnL=-8.89
2026-06-21 20:20:32 [INFO] AVAXUSDT Score=54 action=HOLD regime=ranging | Pos=1/6 | Solde=916.03 ×0.92 | WR=37% PnL=-8.89
2026-06-21 20:25:35 [INFO] SOLUSDT Score=68 action=HOLD regime=trending_up | Pos=1/6 | Solde=916.03 ×0.92 | WR=37% PnL=-8.89
2026-06-21 20:25:35 [INFO] AVAXUSDT Score=54 action=HOLD regime=ranging | Pos=1/6 | Solde=916.03 ×0.92 | WR=37% PnL=-8.89
2026-06-21 20:30:06 [INFO] SOLUSDT Score=68 action=BUY regime=trending_up | Pos=1/6 | Solde=916.03 ×0.92 | WR=37% PnL=-8.89
2026-06-21 20:30:07 [INFO] Fear & Greed index = 23/100
2026-06-21 20:30:07 [INFO] SOLUSDT bloqué — ATR trop faible (0.38% < 0.50%)
2026-06-21 20:30:39 [INFO] SOLUSDT Score=66 action=HOLD regime=trending_up | Pos=1/6 | Solde=916.03 ×0.92 | WR=37% PnL=-8.89
2026-06-21 20:30:39 [INFO] AVAXUSDT Score=58 action=HOLD regime=ranging | Pos=1/6 | Solde=916.03 ×0.92 | WR=37% PnL=-8.89
2026-06-21 20:30:55 [INFO] SOLUSDT Score=74 action=BUY regime=trending_up | Pos=1/6 | Solde=916.03 ×0.92 | WR=37% PnL=-8.89
2026-06-21 20:31:43 [INFO] SOLUSDT Score=62 action=HOLD regime=trending_up | Pos=1/6 | Solde=916.03 ×0.92 | WR=37% PnL=-8.89
2026-06-21 20:35:44 [INFO] AVAXUSDT Score=36 action=HOLD regime=ranging | Pos=1/6 | Solde=916.03 ×0.92 | WR=37% PnL=-8.89
2026-06-21 20:36:47 [INFO] SOLUSDT Score=62 action=HOLD regime=trending_up | Pos=1/6 | Solde=916.03 ×0.92 | WR=37% PnL=-8.89
2026-06-21 20:40:47 [INFO] AVAXUSDT Score=36 action=HOLD regime=ranging | Pos=1/6 | Solde=916.03 ×0.92 | WR=37% PnL=-8.89
2026-06-21 20:41:50 [INFO] SOLUSDT Score=62 action=HOLD regime=trending_up | Pos=1/6 | Solde=916.03 ×0.92 | WR=37% PnL=-8.89
2026-06-21 20:45:50 [INFO] AVAXUSDT Score=46 action=HOLD regime=ranging | Pos=1/6 | Solde=916.03 ×0.92 | WR=37% PnL=-8.89
2026-06-21 20:46:53 [INFO] SOLUSDT Score=66 action=HOLD regime=trending_up | Pos=1/6 | Solde=916.03 ×0.92 | WR=37% PnL=-8.89
2026-06-21 20:47:09 [INFO] SOLUSDT Score=72 action=BUY regime=trending_up | Pos=1/6 | Solde=916.03 ×0.92 | WR=37% PnL=-8.89
2026-06-21 20:47:10 [INFO] SOLUSDT bloqué — ATR trop faible (0.39% < 0.50%)
2026-06-21 20:47:42 [INFO] SOLUSDT Score=62 action=HOLD regime=trending_up | Pos=1/6 | Solde=916.03 ×0.92 | WR=37% PnL=-8.89
2026-06-21 20:50:53 [INFO] AVAXUSDT Score=46 action=HOLD regime=ranging | Pos=1/6 | Solde=916.03 ×0.92 | WR=37% PnL=-8.89
2026-06-21 20:52:45 [INFO] SOLUSDT Score=66 action=HOLD regime=trending_up | Pos=1/6 | Solde=916.03 ×0.92 | WR=37% PnL=-8.89
2026-06-21 20:55:59 [INFO] AVAXUSDT Score=36 action=HOLD regime=ranging | Pos=1/6 | Solde=916.03 ×0.92 | WR=37% PnL=-8.89
2026-06-21 20:57:51 [INFO] SOLUSDT Score=66 action=HOLD regime=trending_up | Pos=1/6 | Solde=916.03 ×0.92 | WR=37% PnL=-8.89
2026-06-21 21:00:14 [INFO] SOLUSDT Score=68 action=BUY regime=trending_up | Pos=1/6 | Solde=916.03 ×0.92 | WR=37% PnL=-8.89
2026-06-21 21:00:15 [INFO] SOLUSDT bloqué — ATR trop faible (0.38% < 0.50%)
2026-06-21 21:00:31 [INFO] SOLUSDT Score=66 action=HOLD regime=trending_up | Pos=1/6 | Solde=916.03 ×0.92 | WR=37% PnL=-8.89
2026-06-21 21:01:03 [INFO] AVAXUSDT Score=39 action=HOLD regime=ranging | Pos=1/6 | Solde=916.03 ×0.92 | WR=37% PnL=-8.89
2026-06-21 21:02:23 [INFO] SOLUSDT Score=72 action=BUY regime=trending_up | Pos=1/6 | Solde=916.03 ×0.92 | WR=37% PnL=-8.89
2026-06-21 21:03:42 [INFO] SOLUSDT Score=66 action=HOLD regime=trending_up | Pos=1/6 | Solde=916.03 ×0.92 | WR=37% PnL=-8.89
2026-06-21 21:03:58 [INFO] SOLUSDT Score=68 action=BUY regime=trending_up | Pos=1/6 | Solde=916.03 ×0.92 | WR=37% PnL=-8.89
2026-06-21 21:04:14 [INFO] SOLUSDT Score=66 action=HOLD regime=trending_up | Pos=1/6 | Solde=916.03 ×0.92 | WR=37% PnL=-8.89
2026-06-21 21:06:07 [INFO] AVAXUSDT Score=36 action=HOLD regime=ranging | Pos=1/6 | Solde=916.03 ×0.92 | WR=37% PnL=-8.89
2026-06-21 21:08:46 [INFO] SOLUSDT Score=68 action=BUY regime=trending_up | Pos=1/6 | Solde=916.03 ×0.92 | WR=37% PnL=-8.89
2026-06-21 21:08:46 [INFO] BTC EMA21 1h baissière — filtre macro actif
2026-06-21 21:08:46 [INFO] SOLUSDT BTC baissier — taille ×0.5
2026-06-21 21:08:46 [INFO] SOLUSDT bloqué — ATR trop faible (0.40% < 0.50%)
2026-06-21 21:10:55 [INFO] SOLUSDT Score=62 action=HOLD regime=trending_up | Pos=1/6 | Solde=916.03 ×0.92 | WR=37% PnL=-8.89
2026-06-21 21:11:11 [INFO] AVAXUSDT Score=27 action=HOLD regime=ranging | Pos=1/6 | Solde=916.03 ×0.92 | WR=37% PnL=-8.89
2026-06-21 21:11:43 [INFO] SOLUSDT Score=72 action=BUY regime=trending_up | Pos=1/6 | Solde=916.03 ×0.92 | WR=37% PnL=-8.89
2026-06-21 21:13:34 [INFO] SOLUSDT Score=66 action=HOLD regime=trending_up | Pos=1/6 | Solde=916.03 ×0.92 | WR=37% PnL=-8.89
2026-06-21 21:16:15 [INFO] AVAXUSDT Score=21 action=HOLD regime=ranging | Pos=1/6 | Solde=916.03 ×0.92 | WR=37% PnL=-8.89
2026-06-21 21:18:38 [INFO] SOLUSDT Score=56 action=HOLD regime=trending_up | Pos=1/6 | Solde=916.03 ×0.92 | WR=37% PnL=-8.89
2026-06-21 21:21:19 [INFO] AVAXUSDT Score=16 action=HOLD regime=ranging | Pos=1/6 | Solde=916.03 ×0.92 | WR=37% PnL=-8.89
2026-06-21 21:23:42 [INFO] SOLUSDT Score=52 action=HOLD regime=trending_up | Pos=1/6 | Solde=916.03 ×0.92 | WR=37% PnL=-8.89
2026-06-21 21:26:23 [INFO] AVAXUSDT Score=16 action=HOLD regime=ranging | Pos=1/6 | Solde=916.03 ×0.92 | WR=37% PnL=-8.89
2026-06-21 21:28:47 [INFO] SOLUSDT Score=56 action=HOLD regime=trending_up | Pos=1/6 | Solde=916.03 ×0.92 | WR=37% PnL=-8.89
2026-06-21 21:31:27 [INFO] AVAXUSDT Score=18 action=HOLD regime=ranging | Pos=1/6 | Solde=916.03 ×0.92 | WR=37% PnL=-8.89
2026-06-21 21:33:51 [INFO] SOLUSDT Score=52 action=HOLD regime=trending_up | Pos=1/6 | Solde=916.03 ×0.92 | WR=37% PnL=-8.89
2026-06-21 21:36:31 [INFO] AVAXUSDT Score=18 action=HOLD regime=ranging | Pos=1/6 | Solde=916.03 ×0.92 | WR=37% PnL=-8.89
2026-06-21 21:38:54 [INFO] SOLUSDT Score=58 action=HOLD regime=trending_up | Pos=1/6 | Solde=916.03 ×0.92 | WR=37% PnL=-8.89
2026-06-21 21:41:35 [INFO] AVAXUSDT Score=26 action=HOLD regime=ranging | Pos=1/6 | Solde=916.03 ×0.92 | WR=37% PnL=-8.89
2026-06-21 21:43:59 [INFO] SOLUSDT Score=52 action=HOLD regime=trending_up | Pos=1/6 | Solde=916.03 ×0.92 | WR=37% PnL=-8.89
2026-06-21 21:46:39 [INFO] AVAXUSDT Score=41 action=HOLD regime=ranging | Pos=1/6 | Solde=916.03 ×0.92 | WR=37% PnL=-8.89
2026-06-21 21:49:03 [INFO] SOLUSDT Score=56 action=HOLD regime=trending_up | Pos=1/6 | Solde=916.03 ×0.92 | WR=37% PnL=-8.89
2026-06-21 21:51:44 [INFO] AVAXUSDT Score=48 action=HOLD regime=ranging | Pos=1/6 | Solde=916.03 ×0.92 | WR=37% PnL=-8.89
2026-06-21 21:54:08 [INFO] SOLUSDT Score=56 action=HOLD regime=trending_up | Pos=1/6 | Solde=916.03 ×0.92 | WR=37% PnL=-8.89
2026-06-21 21:56:48 [INFO] AVAXUSDT Score=26 action=HOLD regime=ranging | Pos=1/6 | Solde=916.03 ×0.92 | WR=37% PnL=-8.89
2026-06-21 21:59:12 [INFO] SOLUSDT Score=56 action=HOLD regime=trending_up | Pos=1/6 | Solde=916.03 ×0.92 | WR=37% PnL=-8.89
2026-06-21 22:01:52 [INFO] AVAXUSDT Score=36 action=HOLD regime=ranging | Pos=1/6 | Solde=916.03 ×0.92 | WR=37% PnL=-8.89
2026-06-21 22:04:15 [INFO] SOLUSDT Score=62 action=HOLD regime=trending_up | Pos=1/6 | Solde=916.03 ×0.92 | WR=37% PnL=-8.89
2026-06-21 22:06:23 [INFO] SOLUSDT Score=96 action=BUY regime=trending_up | Pos=1/6 | Solde=916.03 ×0.92 | WR=37% PnL=-8.89
2026-06-21 22:06:24 [INFO] Fear & Greed index = 23/100
2026-06-21 22:06:24 [INFO] SOLUSDT bloqué — ATR trop faible (0.36% < 0.50%)
2026-06-21 22:06:56 [INFO] AVAXUSDT Score=37 action=HOLD regime=ranging | Pos=1/6 | Solde=916.03 ×0.92 | WR=37% PnL=-8.89
2026-06-21 22:08:00 [INFO] SOLUSDT Score=62 action=HOLD regime=trending_up | Pos=1/6 | Solde=916.03 ×0.92 | WR=37% PnL=-8.89
2026-06-21 22:12:00 [INFO] AVAXUSDT Score=37 action=HOLD regime=ranging | Pos=1/6 | Solde=916.03 ×0.92 | WR=37% PnL=-8.89
2026-06-21 22:13:04 [INFO] SOLUSDT Score=58 action=HOLD regime=trending_up | Pos=1/6 | Solde=916.03 ×0.92 | WR=37% PnL=-8.89
2026-06-21 22:17:04 [INFO] AVAXUSDT Score=31 action=HOLD regime=ranging | Pos=1/6 | Solde=916.03 ×0.92 | WR=37% PnL=-8.89
2026-06-21 22:17:20 [INFO] AVAXUSDT Score=68 action=BUY regime=ranging | Pos=1/6 | Solde=916.03 ×0.92 | WR=37% PnL=-8.89
2026-06-21 22:17:20 [INFO] AVAXUSDT bloque — 3 bougies baissières consecutives
2026-06-21 22:18:07 [INFO] SOLUSDT Score=64 action=HOLD regime=trending_up | Pos=1/6 | Solde=916.03 ×0.92 | WR=37% PnL=-8.89
2026-06-21 22:18:24 [INFO] AVAXUSDT Score=54 action=HOLD regime=ranging | Pos=1/6 | Solde=916.03 ×0.92 | WR=37% PnL=-8.89
2026-06-21 22:19:59 [INFO] SOLUSDT Score=69 action=BUY regime=trending_up | Pos=1/6 | Solde=916.03 ×0.92 | WR=37% PnL=-8.89
2026-06-21 22:19:59 [INFO] BTC EMA21 1h baissière — filtre macro actif
2026-06-21 22:19:59 [INFO] SOLUSDT BTC baissier — taille ×0.5
2026-06-21 22:19:59 [INFO] SOLUSDT bloqué — ATR trop faible (0.38% < 0.50%)
2026-06-21 22:20:00 [INFO] AVAXUSDT Score=69 action=BUY regime=ranging | Pos=1/6 | Solde=916.03 ×0.92 | WR=37% PnL=-8.89
2026-06-21 22:20:15 [INFO] SOLUSDT Score=64 action=HOLD regime=trending_up | Pos=1/6 | Solde=916.03 ×0.92 | WR=37% PnL=-8.89
2026-06-21 22:21:20 [INFO] AVAXUSDT Score=54 action=HOLD regime=ranging | Pos=1/6 | Solde=916.03 ×0.92 | WR=37% PnL=-8.89
2026-06-21 22:22:23 [INFO] AVAXUSDT Score=69 action=BUY regime=ranging | Pos=1/6 | Solde=916.03 ×0.92 | WR=37% PnL=-8.89
2026-06-21 22:22:23 [INFO] AVAXUSDT bloque — 3 bougies baissières consecutives
2026-06-21 22:24:47 [INFO] AVAXUSDT Score=54 action=HOLD regime=ranging | Pos=1/6 | Solde=916.03 ×0.92 | WR=37% PnL=-8.89
2026-06-21 22:25:19 [INFO] SOLUSDT Score=64 action=HOLD regime=trending_up | Pos=1/6 | Solde=916.03 ×0.92 | WR=37% PnL=-8.89
2026-06-21 22:27:27 [INFO] AVAXUSDT Score=69 action=BUY regime=ranging | Pos=1/6 | Solde=916.03 ×0.92 | WR=37% PnL=-8.89
2026-06-21 22:27:27 [INFO] AVAXUSDT bloque — 3 bougies baissières consecutives
2026-06-21 22:28:46 [INFO] AVAXUSDT Score=54 action=HOLD regime=ranging | Pos=1/6 | Solde=916.03 ×0.92 | WR=37% PnL=-8.89
2026-06-21 22:29:02 [INFO] AVAXUSDT Score=69 action=BUY regime=ranging | Pos=1/6 | Solde=916.03 ×0.92 | WR=37% PnL=-8.89
2026-06-21 22:30:06 [INFO] SOLUSDT Score=76 action=BUY regime=trending_up | Pos=1/6 | Solde=916.03 ×0.92 | WR=37% PnL=-8.89
2026-06-21 22:30:06 [INFO] BTC EMA21 1h baissière — filtre macro actif
2026-06-21 22:30:06 [INFO] SOLUSDT BTC baissier — taille ×0.5
2026-06-21 22:30:06 [INFO] SOLUSDT bloqué — ATR trop faible (0.35% < 0.50%)
2026-06-21 22:30:06 [INFO] AVAXUSDT Score=66 action=HOLD regime=ranging | Pos=1/6 | Solde=916.03 ×0.92 | WR=37% PnL=-8.89
2026-06-21 22:30:38 [INFO] SOLUSDT bloque — 3 bougies baissières consecutives
2026-06-21 22:35:09 [INFO] SOLUSDT Score=79 action=BUY regime=trending_up | Pos=1/6 | Solde=916.03 ×0.92 | WR=37% PnL=-8.89
2026-06-21 22:35:10 [INFO] AVAXUSDT Score=63 action=HOLD regime=ranging | Pos=1/6 | Solde=916.03 ×0.92 | WR=37% PnL=-8.89
2026-06-21 22:35:41 [INFO] SOLUSDT bloque — 3 bougies baissières consecutives
2026-06-21 22:40:13 [INFO] SOLUSDT Score=69 action=BUY regime=trending_up | Pos=1/6 | Solde=916.03 ×0.92 | WR=37% PnL=-8.89
2026-06-21 22:40:13 [INFO] AVAXUSDT Score=63 action=HOLD regime=ranging | Pos=1/6 | Solde=916.03 ×0.92 | WR=37% PnL=-8.89
2026-06-21 22:40:45 [INFO] SOLUSDT bloque — 3 bougies baissières consecutives
2026-06-21 22:41:09 [SL] 3.0225 AVAXUSDT @ 6.2110 | PnL=+0.0656 (+0.35%) | Compound ×0.93 | Session PnL=-8.82 WR=39% | Raison=trailing_sl
2026-06-21 22:41:17 [INFO] SOLUSDT Score=68 action=HOLD regime=ranging | Pos=0/6 | Solde=934.79 ×0.93 | WR=39% PnL=-8.82
2026-06-21 22:41:17 [INFO] AVAXUSDT SL-cooldown actif — 891s restantes
2026-06-21 22:42:50 [INFO] SOLUSDT Score=68 action=BUY regime=ranging | Pos=0/6 | Solde=934.79 ×0.93 | WR=39% PnL=-8.82
2026-06-21 22:43:36 [INFO] SOLUSDT Score=68 action=HOLD regime=ranging | Pos=0/6 | Solde=934.79 ×0.93 | WR=39% PnL=-8.82
2026-06-21 22:44:22 [INFO] SOLUSDT Score=68 action=BUY regime=ranging | Pos=0/6 | Solde=934.79 ×0.93 | WR=39% PnL=-8.82
2026-06-21 22:45:09 [INFO] SOLUSDT Score=58 action=HOLD regime=ranging | Pos=0/6 | Solde=934.79 ×0.93 | WR=39% PnL=-8.82
2026-06-21 22:46:26 [INFO] AVAXUSDT SL-cooldown actif — 582s restantes
2026-06-21 22:50:18 [INFO] SOLUSDT Score=66 action=HOLD regime=ranging | Pos=0/6 | Solde=934.79 ×0.93 | WR=39% PnL=-8.82
2026-06-21 22:51:36 [INFO] AVAXUSDT SL-cooldown actif — 272s restantes
2026-06-21 22:55:28 [INFO] SOLUSDT Score=66 action=HOLD regime=ranging | Pos=0/6 | Solde=934.79 ×0.93 | WR=39% PnL=-8.82
2026-06-21 22:56:15 [INFO] AVAXUSDT Score=72 action=BUY regime=ranging | Pos=0/6 | Solde=934.79 ×0.93 | WR=39% PnL=-8.82
2026-06-21 22:56:15 [INFO] AVAXUSDT bloque — 3 bougies baissières consecutives
2026-06-21 23:00:15 [INFO] BTC EMA21 1h baissière — filtre macro actif
2026-06-21 23:00:15 [INFO] AVAXUSDT BTC baissier — taille ×0.5
2026-06-21 23:00:15 [INFO] AVAXUSDT bloqué — ATR trop faible (0.32% < 0.50%)
2026-06-21 23:00:30 [INFO] SOLUSDT Score=66 action=HOLD regime=ranging | Pos=0/6 | Solde=934.79 ×0.93 | WR=39% PnL=-8.82
2026-06-21 23:00:46 [INFO] SOLUSDT Score=69 action=BUY regime=ranging | Pos=0/6 | Solde=934.79 ×0.93 | WR=39% PnL=-8.82
2026-06-21 23:00:46 [INFO] SOLUSDT BTC baissier — taille ×0.5
2026-06-21 23:00:46 [INFO] SOLUSDT bloqué — ATR trop faible (0.37% < 0.50%)
2026-06-21 23:01:02 [INFO] SOLUSDT Score=66 action=HOLD regime=ranging | Pos=0/6 | Solde=934.79 ×0.93 | WR=39% PnL=-8.82
2026-06-21 23:01:02 [INFO] AVAXUSDT Score=60 action=HOLD regime=ranging | Pos=0/6 | Solde=934.79 ×0.93 | WR=39% PnL=-8.82
2026-06-21 23:01:18 [INFO] AVAXUSDT Score=72 action=BUY regime=ranging | Pos=0/6 | Solde=934.79 ×0.93 | WR=39% PnL=-8.82
2026-06-21 23:02:06 [INFO] SOLUSDT Score=69 action=BUY regime=ranging | Pos=0/6 | Solde=934.79 ×0.93 | WR=39% PnL=-8.82
2026-06-21 23:02:22 [INFO] SOLUSDT Score=66 action=HOLD regime=ranging | Pos=0/6 | Solde=934.79 ×0.93 | WR=39% PnL=-8.82
2026-06-21 23:02:22 [INFO] AVAXUSDT bloque — 3 bougies baissières consecutives
2026-06-21 23:03:10 [INFO] SOLUSDT Score=74 action=BUY regime=ranging | Pos=0/6 | Solde=934.79 ×0.93 | WR=39% PnL=-8.82
2026-06-21 23:03:10 [INFO] SOLUSDT bloque — 3 bougies baissières consecutives
2026-06-21 23:03:58 [INFO] SOLUSDT Score=66 action=HOLD regime=ranging | Pos=0/6 | Solde=934.79 ×0.93 | WR=39% PnL=-8.82
2026-06-21 23:04:45 [INFO] SOLUSDT Score=69 action=BUY regime=ranging | Pos=0/6 | Solde=934.79 ×0.93 | WR=39% PnL=-8.82
2026-06-21 23:05:01 [INFO] SOLUSDT Score=66 action=HOLD regime=ranging | Pos=0/6 | Solde=934.79 ×0.93 | WR=39% PnL=-8.82
2026-06-21 23:05:18 [INFO] BTC EMA21 1h baissière — filtre macro actif
2026-06-21 23:05:18 [INFO] AVAXUSDT BTC baissier — taille ×0.5
2026-06-21 23:05:18 [INFO] AVAXUSDT bloqué — ATR trop faible (0.33% < 0.50%)
2026-06-21 23:05:33 [INFO] SOLUSDT Score=74 action=BUY regime=ranging | Pos=0/6 | Solde=934.79 ×0.93 | WR=39% PnL=-8.82
2026-06-21 23:06:22 [INFO] AVAXUSDT Score=74 action=BUY regime=ranging | Pos=0/6 | Solde=934.79 ×0.93 | WR=39% PnL=-8.82
2026-06-21 23:06:38 [INFO] Fear & Greed index = 23/100
2026-06-21 23:07:26 [INFO] AVAXUSDT bloque — 3 bougies baissières consecutives
2026-06-21 23:08:14 [INFO] SOLUSDT bloque — 3 bougies baissières consecutives
2026-06-21 23:10:37 [INFO] SOLUSDT Score=90 action=BUY regime=ranging | Pos=0/6 | Solde=934.79 ×0.93 | WR=39% PnL=-8.82
2026-06-21 23:11:26 [INFO] AVAXUSDT Score=85 action=BUY regime=ranging | Pos=0/6 | Solde=934.79 ×0.93 | WR=39% PnL=-8.82
2026-06-21 23:12:29 [INFO] AVAXUSDT bloque — 3 bougies baissières consecutives
2026-06-21 23:13:17 [INFO] SOLUSDT bloque — 3 bougies baissières consecutives
2026-06-21 23:15:09 [INFO] BTC EMA21 1h baissière — filtre macro actif
2026-06-21 23:15:09 [INFO] SOLUSDT BTC baissier — taille ×0.5
2026-06-21 23:15:09 [INFO] SOLUSDT bloqué — ATR trop faible (0.44% < 0.50%)
2026-06-21 23:15:09 [INFO] AVAXUSDT BTC baissier — taille ×0.5
2026-06-21 23:15:09 [INFO] AVAXUSDT bloqué — ATR trop faible (0.39% < 0.50%)
2026-06-21 23:15:41 [INFO] SOLUSDT Score=90 action=BUY regime=ranging | Pos=0/6 | Solde=934.79 ×0.93 | WR=39% PnL=-8.82
2026-06-21 23:16:29 [INFO] AVAXUSDT Score=72 action=BUY regime=ranging | Pos=0/6 | Solde=934.79 ×0.93 | WR=39% PnL=-8.82
2026-06-21 23:17:33 [INFO] AVAXUSDT bloque — 3 bougies baissières consecutives
2026-06-21 23:18:20 [INFO] SOLUSDT bloque — 3 bougies baissières consecutives
2026-06-21 23:20:44 [INFO] SOLUSDT Score=90 action=BUY regime=ranging | Pos=0/6 | Solde=934.79 ×0.93 | WR=39% PnL=-8.82
2026-06-21 23:21:00 [INFO] BTC EMA21 1h baissière — filtre macro actif
2026-06-21 23:21:00 [INFO] SOLUSDT BTC baissier — taille ×0.5
2026-06-21 23:21:00 [INFO] SOLUSDT bloqué — ATR trop faible (0.47% < 0.50%)
2026-06-21 23:21:33 [INFO] AVAXUSDT Score=85 action=BUY regime=ranging | Pos=0/6 | Solde=934.79 ×0.93 | WR=39% PnL=-8.82
2026-06-21 23:22:05 [INFO] AVAXUSDT BTC baissier — taille ×0.5
2026-06-21 23:22:05 [INFO] AVAXUSDT bloqué — ATR trop faible (0.41% < 0.50%)
2026-06-21 23:23:24 [INFO] SOLUSDT Score=66 action=HOLD regime=ranging | Pos=0/6 | Solde=934.79 ×0.93 | WR=39% PnL=-8.82
2026-06-21 23:24:12 [INFO] SOLUSDT Score=82 action=BUY regime=ranging | Pos=0/6 | Solde=934.79 ×0.93 | WR=39% PnL=-8.82
2026-06-21 23:25:16 [INFO] AVAXUSDT bloque — 3 bougies baissières consecutives
2026-06-21 23:26:04 [INFO] BTC EMA21 1h baissière — filtre macro actif
2026-06-21 23:26:04 [INFO] SOLUSDT BTC baissier — taille ×0.5
2026-06-21 23:26:04 [INFO] SOLUSDT bloqué — ATR trop faible (0.50% < 0.50%)
2026-06-21 23:26:37 [INFO] AVAXUSDT Score=85 action=BUY regime=ranging | Pos=0/6 | Solde=934.79 ×0.93 | WR=39% PnL=-8.82
2026-06-21 23:27:56 [INFO] AVAXUSDT BTC baissier — taille ×0.5
2026-06-21 23:27:56 [INFO] AVAXUSDT bloqué — ATR trop faible (0.42% < 0.50%)
2026-06-21 23:29:16 [INFO] SOLUSDT Score=90 action=BUY regime=ranging | Pos=0/6 | Solde=934.79 ×0.93 | WR=39% PnL=-8.82
2026-06-21 23:29:48 [BUY] Ordre limite | 0.5130 SOLUSDT @ 72.7900 | Score=92 | SL=72.3532 TP1=73.5179 TP2=73.8855
2026-06-21 23:29:48 [WARNING] Max drawdown 10.3% — achats suspendus
2026-06-21 23:29:51 [BUY] Ordre rempli | 0.5130 SOLUSDT @ 72.7900 | SL=72.3532 TP1=73.5179 TP2=73.8855 | Score=92 | ×0.93 compound
2026-06-21 23:30:04 [INFO] AVAXUSDT Score=63 action=HOLD regime=ranging | Pos=1/6 | Solde=897.42 ×0.93 | WR=39% PnL=-8.82
2026-06-21 23:30:50 [INFO] AVAXUSDT Score=72 action=BUY regime=ranging | Pos=1/6 | Solde=897.42 ×0.93 | WR=39% PnL=-8.82
2026-06-21 23:31:06 [INFO] AVAXUSDT Score=60 action=HOLD regime=ranging | Pos=1/6 | Solde=897.42 ×0.93 | WR=39% PnL=-8.82
2026-06-21 23:34:58 [INFO] SOLUSDT Score=90 action=BUY regime=ranging | Pos=1/6 | Solde=897.42 ×0.93 | WR=39% PnL=-8.82
2026-06-21 23:36:18 [INFO] AVAXUSDT Score=60 action=HOLD regime=ranging | Pos=1/6 | Solde=897.42 ×0.93 | WR=39% PnL=-8.82
2026-06-21 23:37:38 [INFO] AVAXUSDT Score=70 action=BUY regime=ranging | Pos=1/6 | Solde=897.42 ×0.93 | WR=39% PnL=-8.82
2026-06-21 23:37:38 [INFO] BTC EMA21 1h baissière — filtre macro actif
2026-06-21 23:37:38 [INFO] AVAXUSDT BTC baissier — taille ×0.5
2026-06-21 23:37:38 [INFO] AVAXUSDT bloqué — ATR trop faible (0.41% < 0.50%)
2026-06-21 23:38:57 [INFO] SOLUSDT Score=54 action=HOLD regime=ranging | Pos=1/6 | Solde=897.42 ×0.93 | WR=39% PnL=-8.82
2026-06-21 23:39:13 [INFO] SOLUSDT Score=70 action=BUY regime=ranging | Pos=1/6 | Solde=897.42 ×0.93 | WR=39% PnL=-8.82
2026-06-21 23:39:46 [INFO] AVAXUSDT Score=52 action=HOLD regime=ranging | Pos=1/6 | Solde=897.42 ×0.93 | WR=39% PnL=-8.82
2026-06-21 23:44:17 [INFO] SOLUSDT Score=70 action=BUY regime=ranging | Pos=1/6 | Solde=897.42 ×0.93 | WR=39% PnL=-8.82
2026-06-21 23:44:49 [INFO] AVAXUSDT Score=67 action=HOLD regime=ranging | Pos=1/6 | Solde=897.42 ×0.93 | WR=39% PnL=-8.82
2026-06-21 23:45:04 [INFO] SOLUSDT Score=58 action=HOLD regime=ranging | Pos=1/6 | Solde=897.42 ×0.93 | WR=39% PnL=-8.82
2026-06-21 23:49:52 [INFO] AVAXUSDT Score=23 action=HOLD regime=ranging | Pos=1/6 | Solde=897.42 ×0.93 | WR=39% PnL=-8.82
2026-06-21 23:50:07 [INFO] SOLUSDT Score=41 action=HOLD regime=ranging | Pos=1/6 | Solde=897.42 ×0.93 | WR=39% PnL=-8.82
2026-06-21 23:54:55 [INFO] AVAXUSDT Score=23 action=HOLD regime=ranging | Pos=1/6 | Solde=897.42 ×0.93 | WR=39% PnL=-8.82
2026-06-21 23:55:10 [INFO] SOLUSDT Score=41 action=HOLD regime=ranging | Pos=1/6 | Solde=897.42 ×0.93 | WR=39% PnL=-8.82
2026-06-21 23:59:58 [INFO] AVAXUSDT Score=23 action=HOLD regime=ranging | Pos=1/6 | Solde=897.42 ×0.93 | WR=39% PnL=-8.82
2026-06-22 00:00:14 [INFO] SOLUSDT Score=41 action=HOLD regime=ranging | Pos=1/6 | Solde=897.42 ×0.93 | WR=39% PnL=-8.82
2026-06-22 00:05:02 [INFO] AVAXUSDT Score=26 action=HOLD regime=ranging | Pos=1/6 | Solde=897.42 ×0.93 | WR=39% PnL=-8.82
2026-06-22 00:05:17 [INFO] SOLUSDT Score=41 action=HOLD regime=ranging | Pos=1/6 | Solde=897.42 ×0.93 | WR=39% PnL=-8.82
2026-06-22 00:10:05 [INFO] AVAXUSDT Score=50 action=HOLD regime=ranging | Pos=1/6 | Solde=897.42 ×0.93 | WR=39% PnL=-8.82
2026-06-22 00:10:20 [INFO] SOLUSDT Score=54 action=HOLD regime=ranging | Pos=1/6 | Solde=897.42 ×0.93 | WR=39% PnL=-8.82
2026-06-22 00:15:09 [INFO] AVAXUSDT Score=5 action=BLOCK regime=trending_down | Pos=1/6 | Solde=897.42 ×0.93 | WR=39% PnL=-8.82
2026-06-22 00:15:09 [INFO] AVAXUSDT bloqué — régime trending_down
2026-06-22 00:15:24 [INFO] SOLUSDT Score=58 action=HOLD regime=ranging | Pos=1/6 | Solde=897.42 ×0.93 | WR=39% PnL=-8.82
2026-06-22 00:20:12 [INFO] AVAXUSDT Score=0 action=BLOCK regime=trending_down | Pos=1/6 | Solde=897.42 ×0.93 | WR=39% PnL=-8.82
2026-06-22 00:20:27 [INFO] SOLUSDT Score=58 action=HOLD regime=ranging | Pos=1/6 | Solde=897.42 ×0.93 | WR=39% PnL=-8.82
2026-06-22 00:25:15 [INFO] AVAXUSDT Score=2 action=BLOCK regime=trending_down | Pos=1/6 | Solde=897.42 ×0.93 | WR=39% PnL=-8.82
2026-06-22 00:25:30 [INFO] SOLUSDT Score=58 action=HOLD regime=ranging | Pos=1/6 | Solde=897.42 ×0.93 | WR=39% PnL=-8.82
2026-06-22 00:30:17 [INFO] SOLUSDT Score=0 action=BLOCK regime=trending_down | Pos=1/6 | Solde=897.42 ×0.93 | WR=39% PnL=-8.82
2026-06-22 00:30:17 [INFO] SOLUSDT bloqué — régime trending_down
2026-06-22 00:30:18 [INFO] AVAXUSDT Score=5 action=BLOCK regime=trending_down | Pos=1/6 | Solde=897.42 ×0.93 | WR=39% PnL=-8.82
2026-06-22 00:35:21 [INFO] SOLUSDT Score=0 action=BLOCK regime=trending_down | Pos=1/6 | Solde=897.42 ×0.93 | WR=39% PnL=-8.82
2026-06-22 00:35:21 [INFO] AVAXUSDT Score=2 action=BLOCK regime=trending_down | Pos=1/6 | Solde=897.42 ×0.93 | WR=39% PnL=-8.82
2026-06-22 00:40:24 [INFO] SOLUSDT Score=0 action=BLOCK regime=trending_down | Pos=1/6 | Solde=897.42 ×0.93 | WR=39% PnL=-8.82
2026-06-22 00:40:25 [INFO] AVAXUSDT Score=6 action=BLOCK regime=trending_down | Pos=1/6 | Solde=897.42 ×0.93 | WR=39% PnL=-8.82
2026-06-22 00:45:28 [INFO] SOLUSDT Score=0 action=BLOCK regime=trending_down | Pos=1/6 | Solde=897.42 ×0.93 | WR=39% PnL=-8.82
2026-06-22 00:45:28 [INFO] AVAXUSDT Score=5 action=BLOCK regime=trending_down | Pos=1/6 | Solde=897.42 ×0.93 | WR=39% PnL=-8.82
2026-06-22 00:50:31 [INFO] SOLUSDT Score=0 action=BLOCK regime=trending_down | Pos=1/6 | Solde=897.42 ×0.93 | WR=39% PnL=-8.82
2026-06-22 00:50:32 [INFO] AVAXUSDT Score=2 action=BLOCK regime=trending_down | Pos=1/6 | Solde=897.42 ×0.93 | WR=39% PnL=-8.82
2026-06-22 00:55:34 [INFO] SOLUSDT Score=8 action=BLOCK regime=trending_down | Pos=1/6 | Solde=897.42 ×0.93 | WR=39% PnL=-8.82
2026-06-22 00:55:35 [INFO] AVAXUSDT Score=2 action=BLOCK regime=trending_down | Pos=1/6 | Solde=897.42 ×0.93 | WR=39% PnL=-8.82
2026-06-22 01:00:38 [INFO] SOLUSDT Score=0 action=BLOCK regime=trending_down | Pos=1/6 | Solde=897.42 ×0.93 | WR=39% PnL=-8.82
2026-06-22 01:00:39 [INFO] AVAXUSDT Score=0 action=BLOCK regime=trending_down | Pos=1/6 | Solde=897.42 ×0.93 | WR=39% PnL=-8.82
2026-06-22 01:05:41 [INFO] SOLUSDT Score=0 action=BLOCK regime=trending_down | Pos=1/6 | Solde=897.42 ×0.93 | WR=39% PnL=-8.82
2026-06-22 01:05:42 [INFO] AVAXUSDT Score=0 action=BLOCK regime=trending_down | Pos=1/6 | Solde=897.42 ×0.93 | WR=39% PnL=-8.82
2026-06-22 01:10:45 [INFO] SOLUSDT Score=0 action=BLOCK regime=trending_down | Pos=1/6 | Solde=897.42 ×0.93 | WR=39% PnL=-8.82
2026-06-22 01:10:45 [INFO] AVAXUSDT Score=0 action=BLOCK regime=trending_down | Pos=1/6 | Solde=897.42 ×0.93 | WR=39% PnL=-8.82
2026-06-22 01:15:48 [INFO] SOLUSDT Score=0 action=BLOCK regime=trending_down | Pos=1/6 | Solde=897.42 ×0.93 | WR=39% PnL=-8.82
2026-06-22 01:15:49 [INFO] AVAXUSDT Score=5 action=BLOCK regime=trending_down | Pos=1/6 | Solde=897.42 ×0.93 | WR=39% PnL=-8.82
2026-06-22 01:20:52 [INFO] SOLUSDT Score=0 action=BLOCK regime=trending_down | Pos=1/6 | Solde=897.42 ×0.93 | WR=39% PnL=-8.82
2026-06-22 01:20:52 [INFO] AVAXUSDT Score=2 action=BLOCK regime=trending_down | Pos=1/6 | Solde=897.42 ×0.93 | WR=39% PnL=-8.82
2026-06-22 01:25:55 [INFO] SOLUSDT Score=0 action=BLOCK regime=trending_down | Pos=1/6 | Solde=897.42 ×0.93 | WR=39% PnL=-8.82
2026-06-22 01:25:55 [INFO] AVAXUSDT Score=0 action=BLOCK regime=trending_down | Pos=1/6 | Solde=897.42 ×0.93 | WR=39% PnL=-8.82
2026-06-22 01:30:58 [INFO] SOLUSDT Score=0 action=BLOCK regime=trending_down | Pos=1/6 | Solde=897.42 ×0.93 | WR=39% PnL=-8.82
2026-06-22 01:30:58 [INFO] AVAXUSDT Score=6 action=BLOCK regime=trending_down | Pos=1/6 | Solde=897.42 ×0.93 | WR=39% PnL=-8.82
2026-06-22 01:36:02 [INFO] SOLUSDT Score=0 action=BLOCK regime=trending_down | Pos=1/6 | Solde=897.42 ×0.93 | WR=39% PnL=-8.82
2026-06-22 01:36:02 [INFO] AVAXUSDT Score=0 action=BLOCK regime=trending_down | Pos=1/6 | Solde=897.42 ×0.93 | WR=39% PnL=-8.82
2026-06-22 01:41:05 [INFO] SOLUSDT Score=0 action=BLOCK regime=trending_down | Pos=1/6 | Solde=897.42 ×0.93 | WR=39% PnL=-8.82
2026-06-22 01:41:05 [INFO] AVAXUSDT Score=0 action=BLOCK regime=trending_down | Pos=1/6 | Solde=897.42 ×0.93 | WR=39% PnL=-8.82
2026-06-22 01:46:08 [INFO] SOLUSDT Score=0 action=BLOCK regime=trending_down | Pos=1/6 | Solde=897.42 ×0.93 | WR=39% PnL=-8.82
2026-06-22 01:46:09 [INFO] AVAXUSDT Score=2 action=BLOCK regime=trending_down | Pos=1/6 | Solde=897.42 ×0.93 | WR=39% PnL=-8.82
2026-06-22 01:51:11 [INFO] SOLUSDT Score=0 action=BLOCK regime=trending_down | Pos=1/6 | Solde=897.42 ×0.93 | WR=39% PnL=-8.82
2026-06-22 01:51:12 [INFO] AVAXUSDT Score=2 action=BLOCK regime=trending_down | Pos=1/6 | Solde=897.42 ×0.93 | WR=39% PnL=-8.82
2026-06-22 01:56:14 [INFO] SOLUSDT Score=0 action=BLOCK regime=trending_down | Pos=1/6 | Solde=897.42 ×0.93 | WR=39% PnL=-8.82
2026-06-22 01:56:15 [INFO] AVAXUSDT Score=2 action=BLOCK regime=trending_down | Pos=1/6 | Solde=897.42 ×0.93 | WR=39% PnL=-8.82
2026-06-22 02:01:17 [INFO] SOLUSDT Score=0 action=BLOCK regime=trending_down | Pos=1/6 | Solde=897.42 ×0.93 | WR=39% PnL=-8.82
2026-06-22 02:01:18 [INFO] AVAXUSDT Score=0 action=BLOCK regime=trending_down | Pos=1/6 | Solde=897.42 ×0.93 | WR=39% PnL=-8.82
2026-06-22 02:06:21 [INFO] SOLUSDT Score=0 action=BLOCK regime=trending_down | Pos=1/6 | Solde=897.42 ×0.93 | WR=39% PnL=-8.82
2026-06-22 02:06:21 [INFO] AVAXUSDT Score=0 action=BLOCK regime=trending_down | Pos=1/6 | Solde=897.42 ×0.93 | WR=39% PnL=-8.82
2026-06-22 02:11:24 [INFO] SOLUSDT Score=0 action=BLOCK regime=trending_down | Pos=1/6 | Solde=897.42 ×0.93 | WR=39% PnL=-8.82
2026-06-22 02:11:24 [INFO] AVAXUSDT Score=0 action=BLOCK regime=trending_down | Pos=1/6 | Solde=897.42 ×0.93 | WR=39% PnL=-8.82
2026-06-22 02:16:27 [INFO] SOLUSDT Score=0 action=BLOCK regime=trending_down | Pos=1/6 | Solde=897.42 ×0.93 | WR=39% PnL=-8.82
2026-06-22 02:16:27 [INFO] AVAXUSDT Score=0 action=BLOCK regime=trending_down | Pos=1/6 | Solde=897.42 ×0.93 | WR=39% PnL=-8.82
2026-06-22 02:21:30 [INFO] SOLUSDT Score=0 action=BLOCK regime=trending_down | Pos=1/6 | Solde=897.42 ×0.93 | WR=39% PnL=-8.82
2026-06-22 02:21:31 [INFO] AVAXUSDT Score=0 action=BLOCK regime=trending_down | Pos=1/6 | Solde=897.42 ×0.93 | WR=39% PnL=-8.82
2026-06-22 02:26:33 [INFO] SOLUSDT Score=0 action=BLOCK regime=trending_down | Pos=1/6 | Solde=897.42 ×0.93 | WR=39% PnL=-8.82
2026-06-22 02:26:34 [INFO] AVAXUSDT Score=0 action=BLOCK regime=trending_down | Pos=1/6 | Solde=897.42 ×0.93 | WR=39% PnL=-8.82
2026-06-22 02:31:37 [INFO] SOLUSDT Score=21 action=BLOCK regime=trending_down | Pos=1/6 | Solde=897.42 ×0.93 | WR=39% PnL=-8.82
2026-06-22 02:31:37 [INFO] AVAXUSDT Score=16 action=BLOCK regime=trending_down | Pos=1/6 | Solde=897.42 ×0.93 | WR=39% PnL=-8.82
2026-06-22 02:36:40 [INFO] SOLUSDT Score=21 action=BLOCK regime=trending_down | Pos=1/6 | Solde=897.42 ×0.93 | WR=39% PnL=-8.82
2026-06-22 02:36:40 [INFO] AVAXUSDT Score=20 action=BLOCK regime=trending_down | Pos=1/6 | Solde=897.42 ×0.93 | WR=39% PnL=-8.82
2026-06-22 02:37:59 [INFO] SOLUSDT Score=56 action=HOLD regime=trending_up | Pos=1/6 | Solde=897.42 ×0.93 | WR=39% PnL=-8.82
2026-06-22 02:38:12 [TP1] 0.2565 SOLUSDT @ 73.5200 | PnL=+0.1591 (+0.85%) | Compound ×0.92 | Session PnL=-8.66 WR=40% | Raison=tp1
2026-06-22 02:38:12 [INFO] Breakeven SL → 73.0084
2026-06-22 02:38:32 [INFO] SOLUSDT Score=21 action=BLOCK regime=trending_down | Pos=1/6 | Solde=916.27 ×0.92 | WR=40% PnL=-8.66
2026-06-22 02:38:32 [INFO] SOLUSDT bloqué — régime trending_down
2026-06-22 02:41:44 [INFO] AVAXUSDT Score=18 action=BLOCK regime=trending_down | Pos=1/6 | Solde=916.27 ×0.92 | WR=40% PnL=-8.66
2026-06-22 02:43:35 [INFO] SOLUSDT Score=21 action=BLOCK regime=trending_down | Pos=1/6 | Solde=916.27 ×0.92 | WR=40% PnL=-8.66
2026-06-22 02:45:11 [INFO] SOLUSDT Score=31 action=HOLD regime=ranging | Pos=1/6 | Solde=916.27 ×0.92 | WR=40% PnL=-8.66
2026-06-22 02:45:11 [INFO] AVAXUSDT Score=31 action=HOLD regime=ranging | Pos=1/6 | Solde=916.27 ×0.92 | WR=40% PnL=-8.66
2026-06-22 02:50:14 [INFO] SOLUSDT Score=31 action=HOLD regime=ranging | Pos=1/6 | Solde=916.27 ×0.92 | WR=40% PnL=-8.66
2026-06-22 02:50:14 [INFO] AVAXUSDT Score=31 action=HOLD regime=ranging | Pos=1/6 | Solde=916.27 ×0.92 | WR=40% PnL=-8.66
2026-06-22 02:55:17 [INFO] SOLUSDT Score=31 action=HOLD regime=ranging | Pos=1/6 | Solde=916.27 ×0.92 | WR=40% PnL=-8.66
2026-06-22 02:55:17 [INFO] AVAXUSDT Score=28 action=HOLD regime=ranging | Pos=1/6 | Solde=916.27 ×0.92 | WR=40% PnL=-8.66
2026-06-22 02:58:28 [INFO] SOLUSDT Score=36 action=HOLD regime=trending_up | Pos=1/6 | Solde=916.27 ×0.92 | WR=40% PnL=-8.66
2026-06-22 02:59:16 [INFO] SOLUSDT Score=31 action=HOLD regime=ranging | Pos=1/6 | Solde=916.27 ×0.92 | WR=40% PnL=-8.66
2026-06-22 02:59:48 [INFO] SOLUSDT Score=36 action=HOLD regime=trending_up | Pos=1/6 | Solde=916.27 ×0.92 | WR=40% PnL=-8.66
2026-06-22 03:00:04 [INFO] AVAXUSDT Score=22 action=HOLD regime=trending_up | Pos=1/6 | Solde=916.27 ×0.92 | WR=40% PnL=-8.66
2026-06-22 03:04:52 [INFO] SOLUSDT Score=36 action=HOLD regime=trending_up | Pos=1/6 | Solde=916.27 ×0.92 | WR=40% PnL=-8.66
2026-06-22 03:05:08 [INFO] AVAXUSDT Score=27 action=HOLD regime=trending_up | Pos=1/6 | Solde=916.27 ×0.92 | WR=40% PnL=-8.66
2026-06-22 03:09:55 [INFO] SOLUSDT Score=24 action=HOLD regime=trending_up | Pos=1/6 | Solde=916.27 ×0.92 | WR=40% PnL=-8.66
2026-06-22 03:10:11 [INFO] AVAXUSDT Score=18 action=HOLD regime=trending_up | Pos=1/6 | Solde=916.27 ×0.92 | WR=40% PnL=-8.66
2026-06-22 03:14:58 [INFO] SOLUSDT Score=22 action=HOLD regime=trending_up | Pos=1/6 | Solde=916.27 ×0.92 | WR=40% PnL=-8.66
2026-06-22 03:15:14 [INFO] AVAXUSDT Score=22 action=HOLD regime=trending_up | Pos=1/6 | Solde=916.27 ×0.92 | WR=40% PnL=-8.66
2026-06-22 03:20:01 [INFO] SOLUSDT Score=19 action=HOLD regime=trending_up | Pos=1/6 | Solde=916.27 ×0.92 | WR=40% PnL=-8.66
2026-06-22 03:20:17 [INFO] AVAXUSDT Score=27 action=HOLD regime=trending_up | Pos=1/6 | Solde=916.27 ×0.92 | WR=40% PnL=-8.66
2026-06-22 03:23:26 [TP2] 0.2565 SOLUSDT @ 73.9200 | PnL=+0.2616 (+1.40%) | Compound ×0.94 | Session PnL=-8.40 WR=41% | Raison=tp2
2026-06-22 03:25:04 [INFO] SOLUSDT Score=14 action=HOLD regime=trending_up | Pos=0/6 | Solde=935.21 ×0.94 | WR=41% PnL=-8.40
2026-06-22 03:25:20 [INFO] AVAXUSDT Score=46 action=HOLD regime=trending_up | Pos=0/6 | Solde=935.21 ×0.94 | WR=41% PnL=-8.40
2026-06-22 03:30:08 [INFO] SOLUSDT Score=40 action=HOLD regime=trending_up | Pos=0/6 | Solde=935.21 ×0.94 | WR=41% PnL=-8.40
2026-06-22 03:30:24 [INFO] AVAXUSDT Score=40 action=HOLD regime=trending_up | Pos=0/6 | Solde=935.21 ×0.94 | WR=41% PnL=-8.40
2026-06-22 03:35:11 [INFO] SOLUSDT Score=58 action=HOLD regime=trending_up | Pos=0/6 | Solde=935.21 ×0.94 | WR=41% PnL=-8.40
2026-06-22 03:35:27 [INFO] AVAXUSDT Score=50 action=HOLD regime=trending_up | Pos=0/6 | Solde=935.21 ×0.94 | WR=41% PnL=-8.40
2026-06-22 03:40:14 [INFO] SOLUSDT Score=50 action=HOLD regime=trending_up | Pos=0/6 | Solde=935.21 ×0.94 | WR=41% PnL=-8.40
2026-06-22 03:40:31 [INFO] AVAXUSDT Score=50 action=HOLD regime=trending_up | Pos=0/6 | Solde=935.21 ×0.94 | WR=41% PnL=-8.40
2026-06-22 03:45:02 [INFO] AVAXUSDT Score=73 action=BUY regime=trending_up | Pos=0/6 | Solde=935.21 ×0.94 | WR=41% PnL=-8.40
2026-06-22 03:45:03 [INFO] Fear & Greed index = 20/100
2026-06-22 03:45:03 [INFO] BTC EMA21 1h baissière — filtre macro actif
2026-06-22 03:45:03 [INFO] AVAXUSDT BTC baissier — taille ×0.5
2026-06-22 03:45:03 [BUY] Ordre limite | 5.9600 AVAXUSDT @ 6.2710 | Score=73 | SL=6.2208 TP1=6.3337 TP2=6.3654 TP3=6.4591
2026-06-22 03:45:19 [INFO] SOLUSDT Score=50 action=HOLD regime=trending_up | Pos=0/6 | Solde=897.81 ×0.94 | WR=41% PnL=-8.40
2026-06-22 03:45:40 [BUY] Ordre rempli | 5.9600 AVAXUSDT @ 6.2710 | SL=6.2208 TP1=6.3337 TP2=6.3654 | Score=73 | ×0.94 compound
2026-06-22 03:50:13 [INFO] AVAXUSDT Score=70 action=BUY regime=trending_up | Pos=1/6 | Solde=897.81 ×0.94 | WR=41% PnL=-8.40
2026-06-22 03:50:29 [INFO] SOLUSDT Score=50 action=HOLD regime=trending_up | Pos=1/6 | Solde=897.81 ×0.94 | WR=41% PnL=-8.40
2026-06-22 03:50:29 [INFO] AVAXUSDT Score=62 action=HOLD regime=trending_up | Pos=1/6 | Solde=897.81 ×0.94 | WR=41% PnL=-8.40
2026-06-22 03:51:33 [INFO] AVAXUSDT Score=70 action=BUY regime=trending_up | Pos=1/6 | Solde=897.81 ×0.94 | WR=41% PnL=-8.40
2026-06-22 03:55:32 [INFO] SOLUSDT Score=50 action=HOLD regime=trending_up | Pos=1/6 | Solde=897.81 ×0.94 | WR=41% PnL=-8.40
2026-06-22 03:56:37 [INFO] AVAXUSDT Score=70 action=BUY regime=trending_up | Pos=1/6 | Solde=897.81 ×0.94 | WR=41% PnL=-8.40
2026-06-22 04:00:04 [INFO] SOLUSDT Score=72 action=BUY regime=trending_up | Pos=1/6 | Solde=897.81 ×0.94 | WR=41% PnL=-8.40
2026-06-22 04:00:05 [BUY] Ordre limite | 0.7240 SOLUSDT @ 74.3700 | Score=72 | SL=73.7750 TP1=75.1137 TP2=75.5041 TP3=76.6383
2026-06-22 04:00:08 [BUY] Ordre rempli | 0.7240 SOLUSDT @ 74.3700 | SL=73.7750 TP1=75.1137 TP2=75.5041 | Score=72 | ×0.94 compound
2026-06-22 04:01:07 [INFO] AVAXUSDT bloque — 3 bougies baissières consecutives
2026-06-22 04:01:38 [INFO] AVAXUSDT Score=70 action=BUY regime=trending_up | Pos=2/6 | Solde=843.93 ×0.94 | WR=41% PnL=-8.40
2026-06-22 04:05:15 [INFO] SOLUSDT Score=77 action=BUY regime=trending_up | Pos=2/6 | Solde=843.93 ×0.94 | WR=41% PnL=-8.40
2026-06-22 04:06:19 [INFO] AVAXUSDT bloque — 3 bougies baissières consecutives
2026-06-22 04:06:51 [INFO] AVAXUSDT Score=76 action=BUY regime=trending_up | Pos=2/6 | Solde=843.93 ×0.94 | WR=41% PnL=-8.40
2026-06-22 04:10:18 [INFO] SOLUSDT Score=77 action=BUY regime=trending_up | Pos=2/6 | Solde=843.93 ×0.94 | WR=41% PnL=-8.40
2026-06-22 04:11:22 [INFO] AVAXUSDT bloque — 3 bougies baissières consecutives
2026-06-22 04:11:54 [INFO] AVAXUSDT Score=76 action=BUY regime=trending_up | Pos=2/6 | Solde=843.93 ×0.94 | WR=41% PnL=-8.40
2026-06-22 04:15:21 [INFO] SOLUSDT Score=82 action=BUY regime=trending_up | Pos=2/6 | Solde=843.93 ×0.94 | WR=41% PnL=-8.40
2026-06-22 04:16:57 [INFO] AVAXUSDT Score=82 action=BUY regime=trending_up | Pos=2/6 | Solde=843.93 ×0.94 | WR=41% PnL=-8.40
2026-06-22 04:20:24 [INFO] SOLUSDT Score=77 action=BUY regime=trending_up | Pos=2/6 | Solde=843.93 ×0.94 | WR=41% PnL=-8.40
2026-06-22 04:22:00 [INFO] AVAXUSDT Score=70 action=BUY regime=trending_up | Pos=2/6 | Solde=843.93 ×0.94 | WR=41% PnL=-8.40
2026-06-22 04:25:27 [INFO] SOLUSDT Score=77 action=BUY regime=trending_up | Pos=2/6 | Solde=843.93 ×0.94 | WR=41% PnL=-8.40
2026-06-22 04:27:03 [INFO] AVAXUSDT Score=70 action=BUY regime=trending_up | Pos=2/6 | Solde=843.93 ×0.94 | WR=41% PnL=-8.40
2026-06-22 04:30:31 [INFO] SOLUSDT Score=80 action=BUY regime=trending_up | Pos=2/6 | Solde=843.93 ×0.94 | WR=41% PnL=-8.40
2026-06-22 04:32:07 [INFO] AVAXUSDT Score=76 action=BUY regime=trending_up | Pos=2/6 | Solde=843.93 ×0.94 | WR=41% PnL=-8.40
2026-06-22 04:35:34 [INFO] SOLUSDT Score=82 action=BUY regime=trending_up | Pos=2/6 | Solde=843.93 ×0.94 | WR=41% PnL=-8.40
2026-06-22 04:37:10 [INFO] AVAXUSDT Score=76 action=BUY regime=trending_up | Pos=2/6 | Solde=843.93 ×0.94 | WR=41% PnL=-8.40
2026-06-22 04:40:37 [INFO] SOLUSDT Score=82 action=BUY regime=trending_up | Pos=2/6 | Solde=843.93 ×0.94 | WR=41% PnL=-8.40
2026-06-22 04:42:13 [INFO] AVAXUSDT Score=70 action=BUY regime=trending_up | Pos=2/6 | Solde=843.93 ×0.94 | WR=41% PnL=-8.40
2026-06-22 04:45:40 [INFO] SOLUSDT Score=72 action=BUY regime=trending_up | Pos=2/6 | Solde=843.93 ×0.94 | WR=41% PnL=-8.40
2026-06-22 04:47:17 [INFO] AVAXUSDT Score=76 action=BUY regime=trending_up | Pos=2/6 | Solde=843.93 ×0.94 | WR=41% PnL=-8.40
2026-06-22 04:48:05 [INFO] AVAXUSDT Score=66 action=HOLD regime=trending_up | Pos=2/6 | Solde=843.93 ×0.94 | WR=41% PnL=-8.40
2026-06-22 04:50:44 [INFO] SOLUSDT Score=76 action=BUY regime=trending_up | Pos=2/6 | Solde=843.93 ×0.94 | WR=41% PnL=-8.40
2026-06-22 04:51:33 [INFO] AVAXUSDT Score=70 action=BUY regime=trending_up | Pos=2/6 | Solde=843.93 ×0.94 | WR=41% PnL=-8.40
2026-06-22 04:55:48 [INFO] SOLUSDT Score=72 action=BUY regime=trending_up | Pos=2/6 | Solde=843.93 ×0.94 | WR=41% PnL=-8.40
2026-06-22 04:55:48 [INFO] AVAXUSDT Score=66 action=HOLD regime=trending_up | Pos=2/6 | Solde=843.93 ×0.94 | WR=41% PnL=-8.40
2026-06-22 04:56:04 [INFO] AVAXUSDT Score=70 action=BUY regime=trending_up | Pos=2/6 | Solde=843.93 ×0.94 | WR=41% PnL=-8.40
2026-06-22 05:00:35 [INFO] SOLUSDT bloque — 3 bougies baissières consecutives
2026-06-22 05:00:47 [SL] 0.7240 SOLUSDT @ 73.7700 | PnL=-0.5148 (-0.96%) | Compound ×0.90 | Session PnL=-8.92 WR=40% | Raison=sl
2026-06-22 05:00:50 [INFO] SOLUSDT SL-cooldown actif — 896s restantes
2026-06-22 05:01:06 [INFO] AVAXUSDT Score=94 action=BUY regime=trending_up | Pos=1/6 | Solde=897.30 ×0.90 | WR=40% PnL=-8.92
2026-06-22 05:01:24 [SL] 5.9600 AVAXUSDT @ 6.2100 | PnL=-0.4194 (-1.12%) | Compound ×0.93 | Session PnL=-9.34 WR=40% | Raison=sl
2026-06-22 05:01:37 [INFO] AVAXUSDT SL-cooldown actif — 887s restantes
2026-06-22 05:05:52 [INFO] SOLUSDT SL-cooldown actif — 595s restantes
2026-06-22 05:06:37 [INFO] AVAXUSDT SL-cooldown actif — 586s restantes
2026-06-22 05:10:52 [INFO] SOLUSDT SL-cooldown actif — 295s restantes
2026-06-22 05:11:37 [INFO] AVAXUSDT SL-cooldown actif — 286s restantes
2026-06-22 05:15:52 [INFO] SOLUSDT Score=84 action=BUY regime=trending_up | Pos=0/6 | Solde=934.28 ×0.93 | WR=40% PnL=-9.34
2026-06-22 05:15:53 [INFO] Fear & Greed index = 20/100
2026-06-22 05:15:53 [BUY] Ordre limite | 1.0150 SOLUSDT @ 73.6300 | Score=84 | SL=73.0410 TP1=74.3663 TP2=74.7381 TP3=75.8389
2026-06-22 05:16:39 [INFO] AVAXUSDT Score=94 action=BUY regime=trending_up | Pos=0/6 | Solde=859.49 ×0.93 | WR=40% PnL=-9.34
2026-06-22 05:16:39 [WARNING] Max drawdown 14.1% — achats suspendus
2026-06-22 05:16:54 [WARNING] Max drawdown 14.1% — achats suspendus
2026-06-22 05:17:10 [WARNING] Max drawdown 14.1% — achats suspendus
2026-06-22 05:17:25 [WARNING] Max drawdown 14.1% — achats suspendus
2026-06-22 05:17:41 [WARNING] Max drawdown 14.1% — achats suspendus
2026-06-22 05:17:56 [WARNING] Max drawdown 14.1% — achats suspendus
2026-06-22 05:18:12 [WARNING] Max drawdown 14.1% — achats suspendus
2026-06-22 05:18:27 [WARNING] Max drawdown 14.1% — achats suspendus
2026-06-22 05:18:43 [WARNING] Max drawdown 14.1% — achats suspendus
2026-06-22 05:18:58 [WARNING] Max drawdown 14.1% — achats suspendus
2026-06-22 05:19:14 [WARNING] Max drawdown 14.1% — achats suspendus
2026-06-22 05:19:29 [WARNING] Max drawdown 14.1% — achats suspendus
2026-06-22 05:19:45 [WARNING] Max drawdown 14.1% — achats suspendus
2026-06-22 05:20:00 [WARNING] Max drawdown 14.1% — achats suspendus
2026-06-22 05:20:16 [WARNING] Max drawdown 14.1% — achats suspendus
2026-06-22 05:20:31 [WARNING] Max drawdown 14.1% — achats suspendus
2026-06-22 05:20:47 [WARNING] Max drawdown 14.1% — achats suspendus
2026-06-22 05:20:55 [INFO] Limite SOLUSDT annulée (timeout 301s)
2026-06-22 05:21:02 [INFO] SOLUSDT Score=82 action=BUY regime=trending_up | Pos=0/6 | Solde=934.28 ×0.93 | WR=40% PnL=-9.34
2026-06-22 05:21:03 [BUY] Ordre limite | 1.0110 SOLUSDT @ 73.8900 | Score=82 | SL=73.2989 TP1=74.6289 TP2=75.0045 TP3=76.1190
2026-06-22 05:21:03 [WARNING] Max drawdown 14.0% — achats suspendus
2026-06-22 05:21:04 [BUY] Ordre rempli | 1.0110 SOLUSDT @ 73.8900 | SL=73.2989 TP1=74.6289 TP2=75.0045 | Score=82 | ×0.93 compound
2026-06-22 05:21:19 [BUY] Ordre limite | 8.2300 AVAXUSDT @ 6.2620 | Score=100 | SL=6.2119 TP1=6.3246 TP2=6.3562 TP3=6.4499
2026-06-22 05:21:20 [BUY] Ordre rempli | 8.2300 AVAXUSDT @ 6.2620 | SL=6.2119 TP1=6.3246 TP2=6.3562 | Score=100 | ×0.93 compound
2026-06-22 05:26:05 [INFO] SOLUSDT Score=82 action=BUY regime=trending_up | Pos=2/6 | Solde=807.95 ×0.93 | WR=40% PnL=-9.34
2026-06-22 05:26:20 [INFO] AVAXUSDT Score=100 action=BUY regime=trending_up | Pos=2/6 | Solde=807.95 ×0.93 | WR=40% PnL=-9.34
2026-06-22 05:31:07 [INFO] SOLUSDT Score=72 action=BUY regime=trending_up | Pos=2/6 | Solde=807.95 ×0.93 | WR=40% PnL=-9.34
2026-06-22 05:31:24 [INFO] AVAXUSDT Score=90 action=BUY regime=trending_up | Pos=2/6 | Solde=807.95 ×0.93 | WR=40% PnL=-9.34
2026-06-22 05:36:10 [INFO] SOLUSDT Score=72 action=BUY regime=trending_up | Pos=2/6 | Solde=807.95 ×0.93 | WR=40% PnL=-9.34
2026-06-22 05:36:27 [INFO] AVAXUSDT Score=94 action=BUY regime=trending_up | Pos=2/6 | Solde=807.95 ×0.93 | WR=40% PnL=-9.34
2026-06-22 05:41:14 [INFO] SOLUSDT Score=72 action=BUY regime=trending_up | Pos=2/6 | Solde=807.95 ×0.93 | WR=40% PnL=-9.34
2026-06-22 05:41:30 [INFO] AVAXUSDT Score=90 action=BUY regime=trending_up | Pos=2/6 | Solde=807.95 ×0.93 | WR=40% PnL=-9.34
2026-06-22 05:45:45 [INFO] SOLUSDT Score=72 action=BUY regime=ranging | Pos=2/6 | Solde=807.95 ×0.93 | WR=40% PnL=-9.34
2026-06-22 05:46:33 [INFO] AVAXUSDT Score=84 action=BUY regime=trending_up | Pos=2/6 | Solde=807.95 ×0.93 | WR=40% PnL=-9.34
2026-06-22 05:47:20 [INFO] SOLUSDT Score=46 action=HOLD regime=ranging | Pos=2/6 | Solde=807.95 ×0.93 | WR=40% PnL=-9.34
2026-06-22 05:48:24 [INFO] SOLUSDT Score=72 action=BUY regime=ranging | Pos=2/6 | Solde=807.95 ×0.93 | WR=40% PnL=-9.34
2026-06-22 05:48:40 [INFO] SOLUSDT Score=92 action=BUY regime=trending_up | Pos=2/6 | Solde=807.95 ×0.93 | WR=40% PnL=-9.34
2026-06-22 05:48:56 [INFO] SOLUSDT Score=72 action=BUY regime=ranging | Pos=2/6 | Solde=807.95 ×0.93 | WR=40% PnL=-9.34
2026-06-22 05:49:12 [INFO] SOLUSDT Score=92 action=BUY regime=trending_up | Pos=2/6 | Solde=807.95 ×0.93 | WR=40% PnL=-9.34
2026-06-22 05:50:48 [INFO] SOLUSDT Score=72 action=BUY regime=ranging | Pos=2/6 | Solde=807.95 ×0.93 | WR=40% PnL=-9.34
2026-06-22 05:51:20 [INFO] SOLUSDT Score=66 action=HOLD regime=ranging | Pos=2/6 | Solde=807.95 ×0.93 | WR=40% PnL=-9.34
2026-06-22 05:51:37 [INFO] AVAXUSDT Score=84 action=BUY regime=trending_up | Pos=2/6 | Solde=807.95 ×0.93 | WR=40% PnL=-9.34
2026-06-22 05:52:40 [INFO] SOLUSDT Score=72 action=BUY regime=ranging | Pos=2/6 | Solde=807.95 ×0.93 | WR=40% PnL=-9.34
2026-06-22 05:55:04 [INFO] SOLUSDT Score=46 action=HOLD regime=ranging | Pos=2/6 | Solde=807.95 ×0.93 | WR=40% PnL=-9.34
2026-06-22 05:56:40 [INFO] AVAXUSDT Score=74 action=BUY regime=trending_up | Pos=2/6 | Solde=807.95 ×0.93 | WR=40% PnL=-9.34
2026-06-22 06:00:07 [INFO] SOLUSDT Score=59 action=HOLD regime=ranging | Pos=2/6 | Solde=807.95 ×0.93 | WR=40% PnL=-9.34
2026-06-22 06:01:43 [INFO] AVAXUSDT Score=78 action=BUY regime=trending_up | Pos=2/6 | Solde=807.95 ×0.93 | WR=40% PnL=-9.34
2026-06-22 06:05:10 [INFO] SOLUSDT Score=56 action=HOLD regime=ranging | Pos=2/6 | Solde=807.95 ×0.93 | WR=40% PnL=-9.34
2026-06-22 06:06:46 [INFO] AVAXUSDT Score=92 action=BUY regime=trending_up | Pos=2/6 | Solde=807.95 ×0.93 | WR=40% PnL=-9.34
2026-06-22 06:10:13 [INFO] SOLUSDT Score=59 action=HOLD regime=ranging | Pos=2/6 | Solde=807.95 ×0.93 | WR=40% PnL=-9.34
2026-06-22 06:11:49 [INFO] AVAXUSDT Score=84 action=BUY regime=trending_up | Pos=2/6 | Solde=807.95 ×0.93 | WR=40% PnL=-9.34
2026-06-22 06:15:16 [INFO] SOLUSDT Score=56 action=HOLD regime=ranging | Pos=2/6 | Solde=807.95 ×0.93 | WR=40% PnL=-9.34
2026-06-22 06:16:53 [INFO] AVAXUSDT Score=84 action=BUY regime=trending_up | Pos=2/6 | Solde=807.95 ×0.93 | WR=40% PnL=-9.34
2026-06-22 06:20:20 [INFO] SOLUSDT Score=56 action=HOLD regime=ranging | Pos=2/6 | Solde=807.95 ×0.93 | WR=40% PnL=-9.34
2026-06-22 06:21:57 [INFO] AVAXUSDT Score=98 action=BUY regime=trending_up | Pos=2/6 | Solde=807.95 ×0.93 | WR=40% PnL=-9.34
2026-06-22 06:25:24 [INFO] SOLUSDT Score=62 action=HOLD regime=ranging | Pos=2/6 | Solde=807.95 ×0.93 | WR=40% PnL=-9.34
2026-06-22 06:27:01 [INFO] AVAXUSDT Score=94 action=BUY regime=trending_up | Pos=2/6 | Solde=807.95 ×0.93 | WR=40% PnL=-9.34
2026-06-22 06:30:28 [INFO] SOLUSDT Score=65 action=HOLD regime=ranging | Pos=2/6 | Solde=807.95 ×0.93 | WR=40% PnL=-9.34
2026-06-22 06:32:04 [INFO] AVAXUSDT Score=80 action=BUY regime=trending_up | Pos=2/6 | Solde=807.95 ×0.93 | WR=40% PnL=-9.34
2026-06-22 06:35:31 [INFO] SOLUSDT Score=56 action=HOLD regime=ranging | Pos=2/6 | Solde=807.95 ×0.93 | WR=40% PnL=-9.34
2026-06-22 06:37:07 [INFO] AVAXUSDT Score=84 action=BUY regime=trending_up | Pos=2/6 | Solde=807.95 ×0.93 | WR=40% PnL=-9.34
2026-06-22 06:40:34 [INFO] SOLUSDT Score=46 action=HOLD regime=ranging | Pos=2/6 | Solde=807.95 ×0.93 | WR=40% PnL=-9.34
2026-06-22 06:42:10 [INFO] AVAXUSDT Score=84 action=BUY regime=trending_up | Pos=2/6 | Solde=807.95 ×0.93 | WR=40% PnL=-9.34
2026-06-22 06:45:37 [INFO] SOLUSDT Score=42 action=HOLD regime=ranging | Pos=2/6 | Solde=807.95 ×0.93 | WR=40% PnL=-9.34
2026-06-22 06:47:16 [INFO] AVAXUSDT Score=88 action=BUY regime=trending_up | Pos=2/6 | Solde=807.95 ×0.93 | WR=40% PnL=-9.34
2026-06-22 06:50:43 [INFO] SOLUSDT Score=64 action=HOLD regime=ranging | Pos=2/6 | Solde=807.95 ×0.93 | WR=40% PnL=-9.34
2026-06-22 06:52:19 [INFO] AVAXUSDT Score=86 action=BUY regime=trending_up | Pos=2/6 | Solde=807.95 ×0.93 | WR=40% PnL=-9.34
2026-06-22 06:52:35 [INFO] AVAXUSDT bloque — 3 bougies baissières consecutives
2026-06-22 06:55:46 [INFO] SOLUSDT Score=64 action=HOLD regime=ranging | Pos=2/6 | Solde=807.95 ×0.93 | WR=40% PnL=-9.34
2026-06-22 06:57:22 [INFO] AVAXUSDT Score=96 action=BUY regime=trending_up | Pos=2/6 | Solde=807.95 ×0.93 | WR=40% PnL=-9.34
2026-06-22 07:00:18 [INFO] SOLUSDT Score=66 action=HOLD regime=trending_up | Pos=2/6 | Solde=807.95 ×0.93 | WR=40% PnL=-9.34
2026-06-22 07:02:26 [INFO] AVAXUSDT Score=90 action=BUY regime=trending_up | Pos=2/6 | Solde=807.95 ×0.93 | WR=40% PnL=-9.34
2026-06-22 07:05:21 [INFO] SOLUSDT Score=64 action=HOLD regime=trending_up | Pos=2/6 | Solde=807.95 ×0.93 | WR=40% PnL=-9.34
2026-06-22 07:07:29 [INFO] AVAXUSDT Score=90 action=BUY regime=trending_up | Pos=2/6 | Solde=807.95 ×0.93 | WR=40% PnL=-9.34
2026-06-22 07:08:16 [INFO] SOLUSDT Score=92 action=BUY regime=trending_up | Pos=2/6 | Solde=807.95 ×0.93 | WR=40% PnL=-9.34
2026-06-22 07:12:32 [INFO] AVAXUSDT Score=77 action=BUY regime=trending_up | Pos=2/6 | Solde=807.95 ×0.93 | WR=40% PnL=-9.34
2026-06-22 07:13:20 [INFO] SOLUSDT Score=92 action=BUY regime=trending_up | Pos=2/6 | Solde=807.95 ×0.93 | WR=40% PnL=-9.34
2026-06-22 07:17:36 [INFO] AVAXUSDT Score=80 action=BUY regime=trending_up | Pos=2/6 | Solde=807.95 ×0.93 | WR=40% PnL=-9.34
2026-06-22 07:18:23 [INFO] SOLUSDT Score=72 action=BUY regime=trending_up | Pos=2/6 | Solde=807.95 ×0.93 | WR=40% PnL=-9.34
2026-06-22 07:22:39 [INFO] AVAXUSDT Score=75 action=BUY regime=trending_up | Pos=2/6 | Solde=807.95 ×0.93 | WR=40% PnL=-9.34
2026-06-22 07:23:27 [INFO] SOLUSDT Score=72 action=BUY regime=trending_up | Pos=2/6 | Solde=807.95 ×0.93 | WR=40% PnL=-9.34
2026-06-22 07:27:43 [INFO] AVAXUSDT Score=75 action=BUY regime=trending_up | Pos=2/6 | Solde=807.95 ×0.93 | WR=40% PnL=-9.34
2026-06-22 07:28:31 [INFO] SOLUSDT Score=72 action=BUY regime=trending_up | Pos=2/6 | Solde=807.95 ×0.93 | WR=40% PnL=-9.34
2026-06-22 07:32:46 [INFO] AVAXUSDT Score=77 action=BUY regime=trending_up | Pos=2/6 | Solde=807.95 ×0.93 | WR=40% PnL=-9.34
2026-06-22 07:33:34 [INFO] SOLUSDT Score=82 action=BUY regime=trending_up | Pos=2/6 | Solde=807.95 ×0.93 | WR=40% PnL=-9.34
2026-06-22 07:37:50 [INFO] AVAXUSDT Score=69 action=BUY regime=trending_up | Pos=2/6 | Solde=807.95 ×0.93 | WR=40% PnL=-9.34
2026-06-22 07:38:37 [INFO] SOLUSDT Score=90 action=BUY regime=trending_up | Pos=2/6 | Solde=807.95 ×0.93 | WR=40% PnL=-9.34
2026-06-22 07:42:53 [INFO] AVAXUSDT Score=69 action=BUY regime=trending_up | Pos=2/6 | Solde=807.95 ×0.93 | WR=40% PnL=-9.34
2026-06-22 07:43:40 [INFO] SOLUSDT Score=90 action=BUY regime=trending_up | Pos=2/6 | Solde=807.95 ×0.93 | WR=40% PnL=-9.34
2026-06-22 07:45:48 [INFO] SOLUSDT bloque — 3 bougies baissières consecutives
2026-06-22 07:47:57 [INFO] AVAXUSDT Score=69 action=BUY regime=trending_up | Pos=2/6 | Solde=807.95 ×0.93 | WR=40% PnL=-9.34
2026-06-22 07:48:44 [INFO] SOLUSDT Score=84 action=BUY regime=trending_up | Pos=2/6 | Solde=807.95 ×0.93 | WR=40% PnL=-9.34
2026-06-22 07:50:52 [INFO] SOLUSDT bloque — 3 bougies baissières consecutives
2026-06-22 07:53:00 [INFO] AVAXUSDT Score=69 action=BUY regime=trending_up | Pos=2/6 | Solde=807.95 ×0.93 | WR=40% PnL=-9.34
2026-06-22 07:53:48 [INFO] SOLUSDT Score=84 action=BUY regime=trending_up | Pos=2/6 | Solde=807.95 ×0.93 | WR=40% PnL=-9.34
2026-06-22 07:55:56 [INFO] SOLUSDT bloque — 3 bougies baissières consecutives
2026-06-22 07:58:04 [INFO] AVAXUSDT Score=90 action=BUY regime=trending_up | Pos=2/6 | Solde=807.95 ×0.93 | WR=40% PnL=-9.34
2026-06-22 07:58:51 [INFO] SOLUSDT Score=84 action=BUY regime=trending_up | Pos=2/6 | Solde=807.95 ×0.93 | WR=40% PnL=-9.34
2026-06-22 08:00:59 [INFO] SOLUSDT bloque — 3 bougies baissières consecutives
2026-06-22 08:03:07 [INFO] AVAXUSDT Score=69 action=BUY regime=trending_up | Pos=2/6 | Solde=807.95 ×0.93 | WR=40% PnL=-9.34
2026-06-22 08:03:55 [INFO] SOLUSDT Score=94 action=BUY regime=trending_up | Pos=2/6 | Solde=807.95 ×0.93 | WR=40% PnL=-9.34
2026-06-22 08:06:02 [INFO] SOLUSDT bloque — 3 bougies baissières consecutives
2026-06-22 08:07:08 [INFO] AVAXUSDT Score=44 action=HOLD regime=trending_up | Pos=2/6 | Solde=807.95 ×0.93 | WR=40% PnL=-9.34
2026-06-22 08:08:23 [WARNING] Circuit breaker déclenché — 3 pertes consécutives — achats suspendus 1h
2026-06-22 08:08:26 [INFO] Circuit breaker actif — reprend dans 59 min
2026-06-22 08:08:26 [INFO] AVAXUSDT SL-cooldown actif — 896s restantes
2026-06-22 08:08:28 [SL] 8.2300 AVAXUSDT @ 6.1990 | PnL=-0.5954 (-1.16%) | Compound ×0.86 | Session PnL=-9.93 WR=39% | Raison=sl
2026-06-22 08:13:27 [INFO] Circuit breaker actif — reprend dans 54 min
2026-06-22 08:13:27 [INFO] AVAXUSDT SL-cooldown actif — 596s restantes
2026-06-22 08:18:27 [INFO] Circuit breaker actif — reprend dans 49 min
2026-06-22 08:18:27 [INFO] AVAXUSDT SL-cooldown actif — 296s restantes
2026-06-22 08:23:27 [INFO] Circuit breaker actif — reprend dans 44 min
2026-06-22 08:28:27 [INFO] Circuit breaker actif — reprend dans 39 min
2026-06-22 08:33:27 [INFO] Circuit breaker actif — reprend dans 34 min
2026-06-22 08:38:27 [INFO] Circuit breaker actif — reprend dans 29 min
2026-06-22 08:43:27 [INFO] Circuit breaker actif — reprend dans 24 min
2026-06-22 08:48:27 [INFO] Circuit breaker actif — reprend dans 19 min
2026-06-22 08:53:27 [INFO] Circuit breaker actif — reprend dans 14 min
2026-06-22 08:58:27 [INFO] Circuit breaker actif — reprend dans 9 min
2026-06-22 09:03:27 [INFO] Circuit breaker actif — reprend dans 4 min
2026-06-22 09:08:28 [INFO] SOLUSDT Score=74 action=BUY regime=trending_up | Pos=1/6 | Solde=858.93 ×0.86 | WR=39% PnL=-9.93
2026-06-22 09:08:28 [INFO] AVAXUSDT Score=80 action=BUY regime=trending_up | Pos=1/6 | Solde=858.93 ×0.86 | WR=39% PnL=-9.93
2026-06-22 09:08:29 [INFO] Fear & Greed index = 20/100
2026-06-22 09:08:29 [BUY] Ordre limite | 8.2200 AVAXUSDT @ 6.2680 | Score=80 | SL=6.2179 TP1=6.3307 TP2=6.3623 TP3=6.4560
2026-06-22 09:11:04 [INFO] SOLUSDT Score=62 action=HOLD regime=trending_up | Pos=1/6 | Solde=807.36 ×0.86 | WR=39% PnL=-9.93
2026-06-22 09:12:37 [INFO] SOLUSDT Score=88 action=BUY regime=trending_up | Pos=1/6 | Solde=807.36 ×0.86 | WR=39% PnL=-9.93
2026-06-22 09:13:30 [INFO] Limite AVAXUSDT annulée (timeout 300s)
2026-06-22 09:13:39 [INFO] AVAXUSDT Score=70 action=BUY regime=trending_up | Pos=1/6 | Solde=858.93 ×0.86 | WR=39% PnL=-9.93
2026-06-22 09:13:40 [BUY] Ordre limite | 8.1800 AVAXUSDT @ 6.2990 | Score=70 | SL=6.2486 TP1=6.3620 TP2=6.3938 TP3=6.4880
2026-06-22 09:13:43 [BUY] Ordre rempli | 8.1800 AVAXUSDT @ 6.2990 | SL=6.2486 TP1=6.3620 TP2=6.3938 | Score=70 | ×0.86 compound
2026-06-22 09:17:48 [INFO] SOLUSDT Score=77 action=BUY regime=trending_up | Pos=2/6 | Solde=807.36 ×0.86 | WR=39% PnL=-9.93
2026-06-22 09:18:50 [INFO] AVAXUSDT Score=70 action=BUY regime=trending_up | Pos=2/6 | Solde=807.36 ×0.86 | WR=39% PnL=-9.93
2026-06-22 09:21:05 [INFO] SOLUSDT stagnant depuis 4.0h — fermeture
2026-06-22 09:21:06 [TOUT] 1.0110 SOLUSDT @ 74.2300 | PnL=+0.2314 (+0.31%) | Compound ×0.88 | Session PnL=-9.70 WR=40% | Raison=timeout
2026-06-22 09:21:14 [INFO] SOLUSDT bloqué — ATR trop faible (0.43% < 0.50%)
2026-06-22 09:22:49 [INFO] SOLUSDT Score=69 action=BUY regime=trending_up | Pos=1/6 | Solde=882.35 ×0.88 | WR=40% PnL=-9.70
2026-06-22 09:23:54 [INFO] AVAXUSDT Score=72 action=BUY regime=trending_up | Pos=1/6 | Solde=882.35 ×0.88 | WR=40% PnL=-9.70
2026-06-22 09:26:17 [INFO] SOLUSDT Score=64 action=HOLD regime=trending_up | Pos=1/6 | Solde=882.35 ×0.88 | WR=40% PnL=-9.70
2026-06-22 09:28:41 [INFO] SOLUSDT Score=69 action=BUY regime=trending_up | Pos=1/6 | Solde=882.35 ×0.88 | WR=40% PnL=-9.70
2026-06-22 09:28:41 [INFO] SOLUSDT bloqué — ATR trop faible (0.44% < 0.50%)
2026-06-22 09:28:57 [INFO] AVAXUSDT Score=70 action=BUY regime=trending_up | Pos=1/6 | Solde=882.35 ×0.88 | WR=40% PnL=-9.70
2026-06-22 09:30:01 [INFO] SOLUSDT Score=64 action=HOLD regime=trending_up | Pos=1/6 | Solde=882.35 ×0.88 | WR=40% PnL=-9.70
2026-06-22 09:30:17 [INFO] SOLUSDT Score=72 action=BUY regime=trending_up | Pos=1/6 | Solde=882.35 ×0.88 | WR=40% PnL=-9.70
2026-06-22 09:30:17 [INFO] AVAXUSDT Score=66 action=HOLD regime=trending_up | Pos=1/6 | Solde=882.35 ×0.88 | WR=40% PnL=-9.70
2026-06-22 09:31:52 [INFO] SOLUSDT Score=64 action=HOLD regime=trending_up | Pos=1/6 | Solde=882.35 ×0.88 | WR=40% PnL=-9.70
2026-06-22 09:32:40 [INFO] SOLUSDT Score=69 action=BUY regime=trending_up | Pos=1/6 | Solde=882.35 ×0.88 | WR=40% PnL=-9.70
2026-06-22 09:33:44 [INFO] SOLUSDT bloqué — ATR trop faible (0.43% < 0.50%)
2026-06-22 09:35:20 [INFO] AVAXUSDT Score=68 action=HOLD regime=trending_up | Pos=1/6 | Solde=882.35 ×0.88 | WR=40% PnL=-9.70
2026-06-22 09:37:44 [INFO] SOLUSDT Score=69 action=BUY regime=trending_up | Pos=1/6 | Solde=882.35 ×0.88 | WR=40% PnL=-9.70
2026-06-22 09:38:47 [INFO] SOLUSDT Score=59 action=HOLD regime=trending_up | Pos=1/6 | Solde=882.35 ×0.88 | WR=40% PnL=-9.70
2026-06-22 09:39:36 [INFO] SOLUSDT Score=72 action=BUY regime=trending_up | Pos=1/6 | Solde=882.35 ×0.88 | WR=40% PnL=-9.70
2026-06-22 09:39:36 [INFO] SOLUSDT bloqué — ATR trop faible (0.43% < 0.50%)
2026-06-22 09:40:08 [INFO] SOLUSDT Score=59 action=HOLD regime=trending_up | Pos=1/6 | Solde=882.35 ×0.88 | WR=40% PnL=-9.70
2026-06-22 09:40:24 [INFO] AVAXUSDT Score=64 action=HOLD regime=trending_up | Pos=1/6 | Solde=882.35 ×0.88 | WR=40% PnL=-9.70
2026-06-22 09:40:40 [INFO] SOLUSDT Score=72 action=BUY regime=trending_up | Pos=1/6 | Solde=882.35 ×0.88 | WR=40% PnL=-9.70
2026-06-22 09:41:27 [INFO] SOLUSDT Score=64 action=HOLD regime=trending_up | Pos=1/6 | Solde=882.35 ×0.88 | WR=40% PnL=-9.70
2026-06-22 09:45:11 [INFO] SOLUSDT Score=88 action=BUY regime=trending_up | Pos=1/6 | Solde=882.35 ×0.88 | WR=40% PnL=-9.70
2026-06-22 09:45:11 [INFO] SOLUSDT bloqué — ATR trop faible (0.40% < 0.50%)
2026-06-22 09:45:27 [INFO] AVAXUSDT Score=66 action=HOLD regime=trending_up | Pos=1/6 | Solde=882.35 ×0.88 | WR=40% PnL=-9.70
2026-06-22 09:49:27 [INFO] AVAXUSDT Score=74 action=BUY regime=trending_up | Pos=1/6 | Solde=882.35 ×0.88 | WR=40% PnL=-9.70
2026-06-22 09:50:14 [INFO] SOLUSDT Score=69 action=BUY regime=trending_up | Pos=1/6 | Solde=882.35 ×0.88 | WR=40% PnL=-9.70
2026-06-22 09:50:14 [INFO] SOLUSDT bloqué — ATR trop faible (0.41% < 0.50%)
2026-06-22 09:53:43 [INFO] AVAXUSDT Score=64 action=HOLD regime=trending_up | Pos=1/6 | Solde=882.35 ×0.88 | WR=40% PnL=-9.70
2026-06-22 09:55:18 [INFO] SOLUSDT Score=84 action=BUY regime=trending_up | Pos=1/6 | Solde=882.35 ×0.88 | WR=40% PnL=-9.70
2026-06-22 09:55:18 [INFO] SOLUSDT bloqué — ATR trop faible (0.42% < 0.50%)
2026-06-22 09:58:47 [INFO] AVAXUSDT Score=64 action=HOLD regime=trending_up | Pos=1/6 | Solde=882.35 ×0.88 | WR=40% PnL=-9.70
2026-06-22 10:00:22 [INFO] SOLUSDT Score=94 action=BUY regime=trending_up | Pos=1/6 | Solde=882.35 ×0.88 | WR=40% PnL=-9.70
2026-06-22 10:00:22 [INFO] SOLUSDT bloqué — ATR trop faible (0.39% < 0.50%)
2026-06-22 10:00:54 [INFO] SOLUSDT bloque — 3 bougies baissières consecutives
2026-06-22 10:03:50 [INFO] AVAXUSDT Score=66 action=HOLD regime=trending_up | Pos=1/6 | Solde=882.35 ×0.88 | WR=40% PnL=-9.70
2026-06-22 10:04:54 [INFO] AVAXUSDT Score=80 action=BUY regime=trending_up | Pos=1/6 | Solde=882.35 ×0.88 | WR=40% PnL=-9.70
2026-06-22 10:05:26 [INFO] SOLUSDT Score=84 action=BUY regime=trending_up | Pos=1/6 | Solde=882.35 ×0.88 | WR=40% PnL=-9.70
2026-06-22 10:05:58 [INFO] SOLUSDT bloque — 3 bougies baissières consecutives
2026-06-22 10:08:06 [INFO] SOLUSDT bloqué — ATR trop faible (0.40% < 0.50%)
2026-06-22 10:08:55 [INFO] Fear & Greed index = 20/100
2026-06-22 10:09:43 [INFO] AVAXUSDT Score=68 action=HOLD regime=trending_up | Pos=1/6 | Solde=882.35 ×0.88 | WR=40% PnL=-9.70
2026-06-22 10:10:30 [INFO] SOLUSDT Score=100 action=BUY regime=trending_up | Pos=1/6 | Solde=882.35 ×0.88 | WR=40% PnL=-9.70
2026-06-22 10:11:03 [INFO] AVAXUSDT Score=80 action=BUY regime=trending_up | Pos=1/6 | Solde=882.35 ×0.88 | WR=40% PnL=-9.70
2026-06-22 10:13:10 [INFO] SOLUSDT bloqué — ATR trop faible (0.42% < 0.50%)
2026-06-22 10:15:34 [INFO] SOLUSDT Score=77 action=BUY regime=trending_up | Pos=1/6 | Solde=882.35 ×0.88 | WR=40% PnL=-9.70
2026-06-22 10:16:06 [INFO] AVAXUSDT Score=70 action=BUY regime=trending_up | Pos=1/6 | Solde=882.35 ×0.88 | WR=40% PnL=-9.70
2026-06-22 10:17:10 [INFO] AVAXUSDT Score=68 action=HOLD regime=trending_up | Pos=1/6 | Solde=882.35 ×0.88 | WR=40% PnL=-9.70
2026-06-22 10:18:14 [INFO] SOLUSDT bloqué — ATR trop faible (0.40% < 0.50%)
2026-06-22 10:18:14 [INFO] AVAXUSDT Score=70 action=BUY regime=trending_up | Pos=1/6 | Solde=882.35 ×0.88 | WR=40% PnL=-9.70
2026-06-22 10:18:46 [INFO] AVAXUSDT Score=60 action=HOLD regime=ranging | Pos=1/6 | Solde=882.35 ×0.88 | WR=40% PnL=-9.70
2026-06-22 10:18:50 [SL] 8.1800 AVAXUSDT @ 6.2480 | PnL=-0.4942 (-0.96%) | Compound ×0.93 | Session PnL=-10.19 WR=39% | Raison=sl
2026-06-22 10:19:02 [INFO] AVAXUSDT SL-cooldown actif — 887s restantes
2026-06-22 10:20:35 [INFO] SOLUSDT Score=90 action=BUY regime=trending_up | Pos=0/6 | Solde=933.42 ×0.93 | WR=39% PnL=-10.19
2026-06-22 10:23:25 [INFO] SOLUSDT bloqué — ATR trop faible (0.41% < 0.50%)
2026-06-22 10:24:11 [INFO] AVAXUSDT SL-cooldown actif — 577s restantes
2026-06-22 10:25:44 [INFO] SOLUSDT Score=90 action=BUY regime=trending_up | Pos=0/6 | Solde=933.42 ×0.93 | WR=39% PnL=-10.19
2026-06-22 10:28:35 [INFO] SOLUSDT bloqué — ATR trop faible (0.42% < 0.50%)
2026-06-22 10:29:21 [INFO] AVAXUSDT SL-cooldown actif — 268s restantes
2026-06-22 10:30:23 [INFO] SOLUSDT Score=51 action=HOLD regime=trending_up | Pos=0/6 | Solde=933.42 ×0.93 | WR=39% PnL=-10.19
2026-06-22 10:34:00 [INFO] AVAXUSDT Score=60 action=HOLD regime=ranging | Pos=0/6 | Solde=933.42 ×0.93 | WR=39% PnL=-10.19
2026-06-22 10:34:32 [INFO] SOLUSDT Score=94 action=BUY regime=trending_up | Pos=0/6 | Solde=933.42 ×0.93 | WR=39% PnL=-10.19
2026-06-22 10:34:32 [INFO] SOLUSDT bloqué — ATR trop faible (0.40% < 0.50%)
2026-06-22 10:34:32 [INFO] AVAXUSDT Score=86 action=BUY regime=trending_up | Pos=0/6 | Solde=933.42 ×0.93 | WR=39% PnL=-10.19
2026-06-22 10:34:32 [INFO] AVAXUSDT bloqué — ATR trop faible (0.45% < 0.50%)
2026-06-22 10:35:36 [INFO] SOLUSDT Score=47 action=HOLD regime=trending_up | Pos=0/6 | Solde=933.42 ×0.93 | WR=39% PnL=-10.19
2026-06-22 10:36:24 [INFO] AVAXUSDT Score=60 action=HOLD regime=ranging | Pos=0/6 | Solde=933.42 ×0.93 | WR=39% PnL=-10.19
2026-06-22 10:37:43 [INFO] SOLUSDT Score=46 action=HOLD regime=ranging | Pos=0/6 | Solde=933.42 ×0.93 | WR=39% PnL=-10.19
2026-06-22 10:39:20 [INFO] AVAXUSDT Score=80 action=BUY regime=ranging | Pos=0/6 | Solde=933.42 ×0.93 | WR=39% PnL=-10.19
2026-06-22 10:39:36 [INFO] AVAXUSDT bloqué — ATR trop faible (0.46% < 0.50%)
2026-06-22 10:40:24 [INFO] AVAXUSDT Score=60 action=HOLD regime=ranging | Pos=0/6 | Solde=933.42 ×0.93 | WR=39% PnL=-10.19
2026-06-22 10:41:11 [INFO] SOLUSDT Score=52 action=HOLD regime=trending_up | Pos=0/6 | Solde=933.42 ×0.93 | WR=39% PnL=-10.19
2026-06-22 10:42:15 [INFO] AVAXUSDT Score=86 action=BUY regime=trending_up | Pos=0/6 | Solde=933.42 ×0.93 | WR=39% PnL=-10.19
2026-06-22 10:44:39 [INFO] AVAXUSDT bloqué — ATR trop faible (0.47% < 0.50%)
2026-06-22 10:44:55 [INFO] SOLUSDT Score=100 action=BUY regime=trending_up | Pos=0/6 | Solde=933.42 ×0.93 | WR=39% PnL=-10.19
2026-06-22 10:44:55 [INFO] SOLUSDT bloqué — ATR trop faible (0.42% < 0.50%)
2026-06-22 10:45:10 [INFO] SOLUSDT Score=57 action=HOLD regime=trending_up | Pos=0/6 | Solde=933.42 ×0.93 | WR=39% PnL=-10.19
2026-06-22 10:45:11 [INFO] AVAXUSDT Score=69 action=BUY regime=ranging | Pos=0/6 | Solde=933.42 ×0.93 | WR=39% PnL=-10.19
2026-06-22 10:46:15 [INFO] AVAXUSDT Score=74 action=BUY regime=trending_up | Pos=0/6 | Solde=933.42 ×0.93 | WR=39% PnL=-10.19
2026-06-22 10:47:19 [INFO] AVAXUSDT Score=66 action=HOLD regime=ranging | Pos=0/6 | Solde=933.42 ×0.93 | WR=39% PnL=-10.19
2026-06-22 10:50:14 [INFO] SOLUSDT Score=44 action=HOLD regime=trending_up | Pos=0/6 | Solde=933.42 ×0.93 | WR=39% PnL=-10.19
2026-06-22 10:52:23 [INFO] AVAXUSDT Score=66 action=HOLD regime=ranging | Pos=0/6 | Solde=933.42 ×0.93 | WR=39% PnL=-10.19
2026-06-22 10:55:18 [INFO] SOLUSDT Score=52 action=HOLD regime=trending_up | Pos=0/6 | Solde=933.42 ×0.93 | WR=39% PnL=-10.19
2026-06-22 10:57:26 [INFO] AVAXUSDT Score=66 action=HOLD regime=ranging | Pos=0/6 | Solde=933.42 ×0.93 | WR=39% PnL=-10.19
2026-06-22 11:00:05 [INFO] SOLUSDT Score=84 action=BUY regime=trending_up | Pos=0/6 | Solde=933.42 ×0.93 | WR=39% PnL=-10.19
2026-06-22 11:00:05 [INFO] SOLUSDT bloqué — ATR trop faible (0.39% < 0.50%)
2026-06-22 11:00:06 [INFO] AVAXUSDT Score=75 action=BUY regime=ranging | Pos=0/6 | Solde=933.42 ×0.93 | WR=39% PnL=-10.19
2026-06-22 11:00:06 [INFO] AVAXUSDT bloqué — ATR trop faible (0.42% < 0.50%)
2026-06-22 11:00:21 [INFO] SOLUSDT Score=75 action=BUY regime=ranging | Pos=0/6 | Solde=933.42 ×0.93 | WR=39% PnL=-10.19
2026-06-22 11:03:17 [INFO] SOLUSDT Score=92 action=BUY regime=trending_up | Pos=0/6 | Solde=933.42 ×0.93 | WR=39% PnL=-10.19
2026-06-22 11:03:49 [INFO] SOLUSDT Score=72 action=BUY regime=ranging | Pos=0/6 | Solde=933.42 ×0.93 | WR=39% PnL=-10.19
2026-06-22 11:04:05 [INFO] SOLUSDT Score=84 action=BUY regime=trending_up | Pos=0/6 | Solde=933.42 ×0.93 | WR=39% PnL=-10.19
2026-06-22 11:04:22 [INFO] AVAXUSDT Score=64 action=HOLD regime=ranging | Pos=0/6 | Solde=933.42 ×0.93 | WR=39% PnL=-10.19
2026-06-22 11:05:09 [INFO] SOLUSDT bloqué — ATR trop faible (0.40% < 0.50%)
2026-06-22 11:08:05 [INFO] SOLUSDT Score=75 action=BUY regime=ranging | Pos=0/6 | Solde=933.42 ×0.93 | WR=39% PnL=-10.19
2026-06-22 11:08:52 [INFO] SOLUSDT Score=74 action=BUY regime=trending_up | Pos=0/6 | Solde=933.42 ×0.93 | WR=39% PnL=-10.19
2026-06-22 11:09:09 [INFO] Fear & Greed index = 20/100
2026-06-22 11:09:25 [INFO] AVAXUSDT Score=64 action=HOLD regime=ranging | Pos=0/6 | Solde=933.42 ×0.93 | WR=39% PnL=-10.19
2026-06-22 11:09:41 [INFO] SOLUSDT Score=75 action=BUY regime=ranging | Pos=0/6 | Solde=933.42 ×0.93 | WR=39% PnL=-10.19
2026-06-22 11:10:13 [INFO] SOLUSDT bloqué — ATR trop faible (0.41% < 0.50%)
2026-06-22 11:10:45 [INFO] SOLUSDT Score=74 action=BUY regime=trending_up | Pos=0/6 | Solde=933.42 ×0.93 | WR=39% PnL=-10.19
2026-06-22 11:11:17 [INFO] SOLUSDT Score=75 action=BUY regime=ranging | Pos=0/6 | Solde=933.42 ×0.93 | WR=39% PnL=-10.19
2026-06-22 11:11:49 [INFO] SOLUSDT Score=82 action=BUY regime=trending_up | Pos=0/6 | Solde=933.42 ×0.93 | WR=39% PnL=-10.19
2026-06-22 11:14:29 [INFO] AVAXUSDT Score=64 action=HOLD regime=ranging | Pos=0/6 | Solde=933.42 ×0.93 | WR=39% PnL=-10.19
2026-06-22 11:15:16 [INFO] SOLUSDT Score=75 action=BUY regime=ranging | Pos=0/6 | Solde=933.42 ×0.93 | WR=39% PnL=-10.19
2026-06-22 11:15:16 [INFO] SOLUSDT bloqué — ATR trop faible (0.38% < 0.50%)
2026-06-22 11:15:17 [INFO] AVAXUSDT Score=76 action=BUY regime=trending_up | Pos=0/6 | Solde=933.42 ×0.93 | WR=39% PnL=-10.19
2026-06-22 11:15:17 [INFO] AVAXUSDT bloqué — ATR trop faible (0.41% < 0.50%)
2026-06-22 11:15:32 [INFO] SOLUSDT Score=62 action=HOLD regime=ranging | Pos=0/6 | Solde=933.42 ×0.93 | WR=39% PnL=-10.19
2026-06-22 11:16:52 [INFO] SOLUSDT Score=75 action=BUY regime=ranging | Pos=0/6 | Solde=933.42 ×0.93 | WR=39% PnL=-10.19
2026-06-22 11:17:08 [INFO] SOLUSDT Score=62 action=HOLD regime=ranging | Pos=0/6 | Solde=933.42 ×0.93 | WR=39% PnL=-10.19
2026-06-22 11:18:28 [INFO] AVAXUSDT Score=66 action=HOLD regime=ranging | Pos=0/6 | Solde=933.42 ×0.93 | WR=39% PnL=-10.19
2026-06-22 11:19:16 [INFO] AVAXUSDT Score=72 action=BUY regime=ranging | Pos=0/6 | Solde=933.42 ×0.93 | WR=39% PnL=-10.19
2026-06-22 11:19:32 [INFO] AVAXUSDT Score=66 action=HOLD regime=ranging | Pos=0/6 | Solde=933.42 ×0.93 | WR=39% PnL=-10.19
2026-06-22 11:22:11 [INFO] SOLUSDT Score=56 action=HOLD regime=ranging | Pos=0/6 | Solde=933.42 ×0.93 | WR=39% PnL=-10.19
2026-06-22 11:23:15 [INFO] AVAXUSDT Score=72 action=BUY regime=ranging | Pos=0/6 | Solde=933.42 ×0.93 | WR=39% PnL=-10.19
2026-06-22 11:23:15 [INFO] AVAXUSDT bloqué — ATR trop faible (0.43% < 0.50%)
2026-06-22 11:26:43 [INFO] AVAXUSDT Score=66 action=HOLD regime=ranging | Pos=0/6 | Solde=933.42 ×0.93 | WR=39% PnL=-10.19
2026-06-22 11:27:14 [INFO] SOLUSDT Score=56 action=HOLD regime=ranging | Pos=0/6 | Solde=933.42 ×0.93 | WR=39% PnL=-10.19
2026-06-22 11:27:30 [INFO] SOLUSDT Score=70 action=BUY regime=ranging | Pos=0/6 | Solde=933.42 ×0.93 | WR=39% PnL=-10.19
2026-06-22 11:27:30 [INFO] SOLUSDT bloqué — ATR trop faible (0.40% < 0.50%)
2026-06-22 11:27:31 [INFO] AVAXUSDT Score=70 action=BUY regime=ranging | Pos=0/6 | Solde=933.42 ×0.93 | WR=39% PnL=-10.19
2026-06-22 11:28:02 [INFO] SOLUSDT Score=64 action=HOLD regime=ranging | Pos=0/6 | Solde=933.42 ×0.93 | WR=39% PnL=-10.19
2026-06-22 11:28:19 [INFO] AVAXUSDT bloqué — ATR trop faible (0.43% < 0.50%)
2026-06-22 11:29:06 [INFO] SOLUSDT Score=70 action=BUY regime=ranging | Pos=0/6 | Solde=933.42 ×0.93 | WR=39% PnL=-10.19
2026-06-22 11:30:10 [INFO] SOLUSDT Score=66 action=HOLD regime=ranging | Pos=0/6 | Solde=933.42 ×0.93 | WR=39% PnL=-10.19
2026-06-22 11:30:10 [INFO] AVAXUSDT Score=56 action=HOLD regime=ranging | Pos=0/6 | Solde=933.42 ×0.93 | WR=39% PnL=-10.19
2026-06-22 11:35:13 [INFO] SOLUSDT Score=60 action=HOLD regime=ranging | Pos=0/6 | Solde=933.42 ×0.93 | WR=39% PnL=-10.19
2026-06-22 11:35:13 [INFO] AVAXUSDT Score=57 action=HOLD regime=ranging | Pos=0/6 | Solde=933.42 ×0.93 | WR=39% PnL=-10.19
2026-06-22 11:40:00 [INFO] SOLUSDT Score=71 action=BUY regime=ranging | Pos=0/6 | Solde=933.42 ×0.93 | WR=39% PnL=-10.19
2026-06-22 11:40:01 [INFO] SOLUSDT bloqué — ATR trop faible (0.40% < 0.50%)
2026-06-22 11:40:17 [INFO] SOLUSDT Score=62 action=HOLD regime=ranging | Pos=0/6 | Solde=933.42 ×0.93 | WR=39% PnL=-10.19
2026-06-22 11:40:17 [INFO] AVAXUSDT Score=52 action=HOLD regime=ranging | Pos=0/6 | Solde=933.42 ×0.93 | WR=39% PnL=-10.19
2026-06-22 11:44:16 [INFO] SOLUSDT Score=70 action=BUY regime=ranging | Pos=0/6 | Solde=933.42 ×0.93 | WR=39% PnL=-10.19
2026-06-22 11:45:04 [INFO] SOLUSDT Score=58 action=HOLD regime=ranging | Pos=0/6 | Solde=933.42 ×0.93 | WR=39% PnL=-10.19
2026-06-22 11:45:20 [INFO] AVAXUSDT Score=56 action=HOLD regime=ranging | Pos=0/6 | Solde=933.42 ×0.93 | WR=39% PnL=-10.19
2026-06-22 11:50:08 [INFO] SOLUSDT Score=42 action=HOLD regime=ranging | Pos=0/6 | Solde=933.42 ×0.93 | WR=39% PnL=-10.19
2026-06-22 11:50:25 [INFO] AVAXUSDT Score=56 action=HOLD regime=ranging | Pos=0/6 | Solde=933.42 ×0.93 | WR=39% PnL=-10.19
2026-06-22 11:54:55 [INFO] SOLUSDT Score=69 action=BUY regime=ranging | Pos=0/6 | Solde=933.42 ×0.93 | WR=39% PnL=-10.19
2026-06-22 11:54:56 [INFO] SOLUSDT bloqué — ATR trop faible (0.38% < 0.50%)
2026-06-22 11:55:28 [INFO] AVAXUSDT Score=52 action=HOLD regime=ranging | Pos=0/6 | Solde=933.42 ×0.93 | WR=39% PnL=-10.19
2026-06-22 11:56:48 [INFO] SOLUSDT Score=63 action=HOLD regime=ranging | Pos=0/6 | Solde=933.42 ×0.93 | WR=39% PnL=-10.19
2026-06-22 12:00:32 [INFO] AVAXUSDT Score=62 action=HOLD regime=ranging | Pos=0/6 | Solde=933.42 ×0.93 | WR=39% PnL=-10.19
2026-06-22 12:01:52 [INFO] SOLUSDT Score=58 action=HOLD regime=ranging | Pos=0/6 | Solde=933.42 ×0.93 | WR=39% PnL=-10.19
2026-06-22 12:05:35 [INFO] AVAXUSDT Score=31 action=HOLD regime=ranging | Pos=0/6 | Solde=933.42 ×0.93 | WR=39% PnL=-10.19
2026-06-22 12:06:55 [INFO] SOLUSDT Score=38 action=HOLD regime=ranging | Pos=0/6 | Solde=933.42 ×0.93 | WR=39% PnL=-10.19
2026-06-22 12:10:39 [INFO] AVAXUSDT Score=40 action=HOLD regime=ranging | Pos=0/6 | Solde=933.42 ×0.93 | WR=39% PnL=-10.19
2026-06-22 12:11:58 [INFO] SOLUSDT Score=44 action=HOLD regime=ranging | Pos=0/6 | Solde=933.42 ×0.93 | WR=39% PnL=-10.19
2026-06-22 12:15:42 [INFO] AVAXUSDT Score=43 action=HOLD regime=ranging | Pos=0/6 | Solde=933.42 ×0.93 | WR=39% PnL=-10.19
2026-06-22 12:17:01 [INFO] SOLUSDT Score=44 action=HOLD regime=ranging | Pos=0/6 | Solde=933.42 ×0.93 | WR=39% PnL=-10.19
2026-06-22 12:20:45 [INFO] AVAXUSDT Score=43 action=HOLD regime=ranging | Pos=0/6 | Solde=933.42 ×0.93 | WR=39% PnL=-10.19
2026-06-22 12:21:17 [INFO] SOLUSDT Score=70 action=BUY regime=ranging | Pos=0/6 | Solde=933.42 ×0.93 | WR=39% PnL=-10.19
2026-06-22 12:21:17 [INFO] Fear & Greed index = 20/100
2026-06-22 12:21:17 [INFO] SOLUSDT bloqué — ATR trop faible (0.38% < 0.50%)
2026-06-22 12:23:10 [INFO] SOLUSDT Score=46 action=HOLD regime=ranging | Pos=0/6 | Solde=933.42 ×0.93 | WR=39% PnL=-10.19
2026-06-22 12:25:50 [INFO] AVAXUSDT Score=40 action=HOLD regime=ranging | Pos=0/6 | Solde=933.42 ×0.93 | WR=39% PnL=-10.19
2026-06-22 12:26:53 [INFO] SOLUSDT Score=70 action=BUY regime=ranging | Pos=0/6 | Solde=933.42 ×0.93 | WR=39% PnL=-10.19
2026-06-22 12:26:53 [INFO] SOLUSDT bloqué — ATR trop faible (0.38% < 0.50%)
2026-06-22 12:30:53 [INFO] AVAXUSDT Score=31 action=HOLD regime=ranging | Pos=0/6 | Solde=933.42 ×0.93 | WR=39% PnL=-10.19
2026-06-22 12:31:56 [INFO] SOLUSDT Score=56 action=HOLD regime=ranging | Pos=0/6 | Solde=933.42 ×0.93 | WR=39% PnL=-10.19
2026-06-22 12:33:48 [INFO] SOLUSDT Score=70 action=BUY regime=ranging | Pos=0/6 | Solde=933.42 ×0.93 | WR=39% PnL=-10.19
2026-06-22 12:33:48 [INFO] SOLUSDT bloqué — ATR trop faible (0.36% < 0.50%)
2026-06-22 12:34:04 [INFO] SOLUSDT Score=56 action=HOLD regime=ranging | Pos=0/6 | Solde=933.42 ×0.93 | WR=39% PnL=-10.19
2026-06-22 12:35:56 [INFO] AVAXUSDT Score=50 action=HOLD regime=ranging | Pos=0/6 | Solde=933.42 ×0.93 | WR=39% PnL=-10.19
2026-06-22 12:39:07 [INFO] SOLUSDT Score=56 action=HOLD regime=ranging | Pos=0/6 | Solde=933.42 ×0.93 | WR=39% PnL=-10.19
2026-06-22 12:40:59 [INFO] AVAXUSDT Score=50 action=HOLD regime=ranging | Pos=0/6 | Solde=933.42 ×0.93 | WR=39% PnL=-10.19
2026-06-22 12:41:30 [INFO] SOLUSDT Score=80 action=BUY regime=ranging | Pos=0/6 | Solde=933.42 ×0.93 | WR=39% PnL=-10.19
2026-06-22 12:41:31 [INFO] SOLUSDT bloqué — ATR trop faible (0.37% < 0.50%)
2026-06-22 12:45:14 [INFO] SOLUSDT Score=66 action=HOLD regime=ranging | Pos=0/6 | Solde=933.42 ×0.93 | WR=39% PnL=-10.19
2026-06-22 12:46:02 [INFO] AVAXUSDT Score=53 action=HOLD regime=ranging | Pos=0/6 | Solde=933.42 ×0.93 | WR=39% PnL=-10.19
2026-06-22 12:47:06 [INFO] SOLUSDT Score=69 action=BUY regime=ranging | Pos=0/6 | Solde=933.42 ×0.93 | WR=39% PnL=-10.19
2026-06-22 12:47:06 [INFO] SOLUSDT bloqué — ATR trop faible (0.36% < 0.50%)
2026-06-22 12:47:38 [INFO] SOLUSDT Score=63 action=HOLD regime=ranging | Pos=0/6 | Solde=933.42 ×0.93 | WR=39% PnL=-10.19
2026-06-22 12:48:57 [INFO] SOLUSDT Score=69 action=BUY regime=ranging | Pos=0/6 | Solde=933.42 ×0.93 | WR=39% PnL=-10.19
2026-06-22 12:50:18 [INFO] AVAXUSDT Score=42 action=HOLD regime=trending_up | Pos=0/6 | Solde=933.42 ×0.93 | WR=39% PnL=-10.19
2026-06-22 12:52:09 [INFO] SOLUSDT bloqué — ATR trop faible (0.37% < 0.50%)
2026-06-22 12:54:01 [INFO] SOLUSDT Score=69 action=BUY regime=ranging | Pos=0/6 | Solde=933.42 ×0.93 | WR=39% PnL=-10.19
2026-06-22 12:55:21 [INFO] AVAXUSDT Score=62 action=HOLD regime=trending_up | Pos=0/6 | Solde=933.42 ×0.93 | WR=39% PnL=-10.19
2026-06-22 12:57:13 [INFO] SOLUSDT bloqué — ATR trop faible (0.37% < 0.50%)
2026-06-22 12:57:29 [INFO] SOLUSDT Score=48 action=HOLD regime=ranging | Pos=0/6 | Solde=933.42 ×0.93 | WR=39% PnL=-10.19
2026-06-22 13:00:09 [INFO] AVAXUSDT Score=84 action=BUY regime=trending_up | Pos=0/6 | Solde=933.42 ×0.93 | WR=39% PnL=-10.19
2026-06-22 13:00:09 [INFO] AVAXUSDT bloqué — ATR trop faible (0.34% < 0.50%)
2026-06-22 13:00:41 [INFO] AVAXUSDT Score=38 action=HOLD regime=trending_up | Pos=0/6 | Solde=933.42 ×0.93 | WR=39% PnL=-10.19
2026-06-22 13:01:13 [INFO] AVAXUSDT Score=44 action=HOLD regime=ranging | Pos=0/6 | Solde=933.42 ×0.93 | WR=39% PnL=-10.19
2026-06-22 13:02:32 [INFO] SOLUSDT Score=38 action=HOLD regime=ranging | Pos=0/6 | Solde=933.42 ×0.93 | WR=39% PnL=-10.19
2026-06-22 13:05:13 [INFO] AVAXUSDT Score=72 action=BUY regime=trending_up | Pos=0/6 | Solde=933.42 ×0.93 | WR=39% PnL=-10.19
2026-06-22 13:05:13 [INFO] AVAXUSDT bloqué — ATR trop faible (0.37% < 0.50%)
2026-06-22 13:07:36 [INFO] SOLUSDT Score=43 action=HOLD regime=ranging | Pos=0/6 | Solde=933.42 ×0.93 | WR=39% PnL=-10.19
2026-06-22 13:10:16 [INFO] AVAXUSDT Score=100 action=BUY regime=trending_up | Pos=0/6 | Solde=933.42 ×0.93 | WR=39% PnL=-10.19
2026-06-22 13:10:17 [INFO] AVAXUSDT bloqué — ATR trop faible (0.40% < 0.50%)
2026-06-22 13:12:40 [INFO] SOLUSDT Score=44 action=HOLD regime=ranging | Pos=0/6 | Solde=933.42 ×0.93 | WR=39% PnL=-10.19
2026-06-22 13:15:20 [INFO] AVAXUSDT Score=76 action=BUY regime=trending_up | Pos=0/6 | Solde=933.42 ×0.93 | WR=39% PnL=-10.19
2026-06-22 13:15:20 [INFO] AVAXUSDT bloqué — ATR trop faible (0.38% < 0.50%)
2026-06-22 13:17:43 [INFO] SOLUSDT Score=50 action=HOLD regime=ranging | Pos=0/6 | Solde=933.42 ×0.93 | WR=39% PnL=-10.19
2026-06-22 13:20:23 [INFO] AVAXUSDT Score=72 action=BUY regime=trending_up | Pos=0/6 | Solde=933.42 ×0.93 | WR=39% PnL=-10.19
2026-06-22 13:20:24 [INFO] AVAXUSDT bloqué — ATR trop faible (0.38% < 0.50%)
2026-06-22 13:21:28 [INFO] Fear & Greed index = 20/100
2026-06-22 13:22:47 [INFO] SOLUSDT Score=38 action=HOLD regime=ranging | Pos=0/6 | Solde=933.42 ×0.93 | WR=39% PnL=-10.19
2026-06-22 13:25:27 [INFO] AVAXUSDT Score=72 action=BUY regime=trending_up | Pos=0/6 | Solde=933.42 ×0.93 | WR=39% PnL=-10.19
2026-06-22 13:25:27 [INFO] AVAXUSDT bloqué — ATR trop faible (0.38% < 0.50%)
2026-06-22 13:27:04 [INFO] AVAXUSDT Score=56 action=HOLD regime=trending_up | Pos=0/6 | Solde=933.42 ×0.93 | WR=39% PnL=-10.19
2026-06-22 13:27:51 [INFO] SOLUSDT Score=50 action=HOLD regime=ranging | Pos=0/6 | Solde=933.42 ×0.93 | WR=39% PnL=-10.19
2026-06-22 13:30:15 [INFO] SOLUSDT Score=32 action=HOLD regime=trending_up | Pos=0/6 | Solde=933.42 ×0.93 | WR=39% PnL=-10.19
2026-06-22 13:30:15 [INFO] AVAXUSDT Score=80 action=BUY regime=trending_up | Pos=0/6 | Solde=933.42 ×0.93 | WR=39% PnL=-10.19
2026-06-22 13:30:31 [INFO] AVAXUSDT bloqué — ATR trop faible (0.38% < 0.50%)
2026-06-22 13:32:08 [INFO] AVAXUSDT Score=56 action=HOLD regime=trending_up | Pos=0/6 | Solde=933.42 ×0.93 | WR=39% PnL=-10.19
2026-06-22 13:32:23 [INFO] SOLUSDT Score=76 action=BUY regime=trending_up | Pos=0/6 | Solde=933.42 ×0.93 | WR=39% PnL=-10.19
2026-06-22 13:32:23 [INFO] SOLUSDT bloqué — ATR trop faible (0.38% < 0.50%)
2026-06-22 13:37:11 [INFO] AVAXUSDT Score=56 action=HOLD regime=trending_up | Pos=0/6 | Solde=933.42 ×0.93 | WR=39% PnL=-10.19
2026-06-22 13:37:26 [INFO] SOLUSDT Score=100 action=BUY regime=trending_up | Pos=0/6 | Solde=933.42 ×0.93 | WR=39% PnL=-10.19
2026-06-22 13:37:26 [INFO] SOLUSDT bloqué — ATR trop faible (0.41% < 0.50%)
2026-06-22 13:42:14 [INFO] AVAXUSDT Score=56 action=HOLD regime=trending_up | Pos=0/6 | Solde=933.42 ×0.93 | WR=39% PnL=-10.19
2026-06-22 13:42:30 [INFO] SOLUSDT Score=100 action=BUY regime=trending_up | Pos=0/6 | Solde=933.42 ×0.93 | WR=39% PnL=-10.19
2026-06-22 13:42:30 [INFO] SOLUSDT bloqué — ATR trop faible (0.41% < 0.50%)
2026-06-22 13:47:18 [INFO] AVAXUSDT Score=56 action=HOLD regime=trending_up | Pos=0/6 | Solde=933.42 ×0.93 | WR=39% PnL=-10.19
2026-06-22 13:47:34 [INFO] SOLUSDT Score=77 action=BUY regime=trending_up | Pos=0/6 | Solde=933.42 ×0.93 | WR=39% PnL=-10.19
2026-06-22 13:47:34 [INFO] SOLUSDT bloqué — ATR trop faible (0.39% < 0.50%)
2026-06-22 13:52:22 [INFO] AVAXUSDT Score=56 action=HOLD regime=trending_up | Pos=0/6 | Solde=933.42 ×0.93 | WR=39% PnL=-10.19
2026-06-22 13:52:37 [INFO] SOLUSDT Score=82 action=BUY regime=trending_up | Pos=0/6 | Solde=933.42 ×0.93 | WR=39% PnL=-10.19
2026-06-22 13:52:37 [INFO] SOLUSDT bloqué — ATR trop faible (0.41% < 0.50%)
2026-06-22 13:57:25 [INFO] AVAXUSDT Score=64 action=HOLD regime=trending_up | Pos=0/6 | Solde=933.42 ×0.93 | WR=39% PnL=-10.19
2026-06-22 13:57:40 [INFO] SOLUSDT Score=82 action=BUY regime=trending_up | Pos=0/6 | Solde=933.42 ×0.93 | WR=39% PnL=-10.19
2026-06-22 13:57:40 [INFO] SOLUSDT bloqué — ATR trop faible (0.41% < 0.50%)
2026-06-22 14:02:29 [INFO] AVAXUSDT Score=56 action=HOLD regime=trending_up | Pos=0/6 | Solde=933.42 ×0.93 | WR=39% PnL=-10.19
2026-06-22 14:02:45 [INFO] SOLUSDT Score=82 action=BUY regime=trending_up | Pos=0/6 | Solde=933.42 ×0.93 | WR=39% PnL=-10.19
2026-06-22 14:02:45 [INFO] SOLUSDT bloqué — ATR trop faible (0.39% < 0.50%)
2026-06-22 14:07:33 [INFO] AVAXUSDT Score=56 action=HOLD regime=trending_up | Pos=0/6 | Solde=933.42 ×0.93 | WR=39% PnL=-10.19
2026-06-22 14:07:48 [INFO] SOLUSDT Score=94 action=BUY regime=trending_up | Pos=0/6 | Solde=933.42 ×0.93 | WR=39% PnL=-10.19
2026-06-22 14:07:48 [INFO] SOLUSDT bloqué — ATR trop faible (0.39% < 0.50%)
2026-06-22 14:12:36 [INFO] AVAXUSDT Score=56 action=HOLD regime=trending_up | Pos=0/6 | Solde=933.42 ×0.93 | WR=39% PnL=-10.19
2026-06-22 14:12:52 [INFO] SOLUSDT Score=86 action=BUY regime=trending_up | Pos=0/6 | Solde=933.42 ×0.93 | WR=39% PnL=-10.19
2026-06-22 14:12:52 [INFO] SOLUSDT bloqué — ATR trop faible (0.39% < 0.50%)
2026-06-22 14:17:40 [INFO] AVAXUSDT Score=50 action=HOLD regime=trending_up | Pos=0/6 | Solde=933.42 ×0.93 | WR=39% PnL=-10.19
2026-06-22 14:17:55 [INFO] SOLUSDT Score=84 action=BUY regime=trending_up | Pos=0/6 | Solde=933.42 ×0.93 | WR=39% PnL=-10.19
2026-06-22 14:17:55 [INFO] SOLUSDT bloqué — ATR trop faible (0.38% < 0.50%)
2026-06-22 14:21:40 [INFO] Fear & Greed index = 20/100
2026-06-22 14:22:44 [INFO] AVAXUSDT Score=50 action=HOLD regime=trending_up | Pos=0/6 | Solde=933.42 ×0.93 | WR=39% PnL=-10.19
2026-06-22 14:23:00 [INFO] SOLUSDT Score=84 action=BUY regime=trending_up | Pos=0/6 | Solde=933.42 ×0.93 | WR=39% PnL=-10.19
2026-06-22 14:23:00 [INFO] SOLUSDT bloqué — ATR trop faible (0.38% < 0.50%)
2026-06-22 14:27:48 [INFO] AVAXUSDT Score=63 action=HOLD regime=trending_up | Pos=0/6 | Solde=933.42 ×0.93 | WR=39% PnL=-10.19
2026-06-22 14:28:03 [INFO] SOLUSDT Score=78 action=BUY regime=trending_up | Pos=0/6 | Solde=933.42 ×0.93 | WR=39% PnL=-10.19
2026-06-22 14:28:03 [INFO] SOLUSDT bloqué — ATR trop faible (0.39% < 0.50%)
2026-06-22 14:30:11 [INFO] SOLUSDT Score=66 action=HOLD regime=trending_up | Pos=0/6 | Solde=933.42 ×0.93 | WR=39% PnL=-10.19
2026-06-22 14:30:59 [INFO] SOLUSDT Score=75 action=BUY regime=trending_up | Pos=0/6 | Solde=933.42 ×0.93 | WR=39% PnL=-10.19
2026-06-22 14:32:52 [INFO] AVAXUSDT Score=64 action=HOLD regime=trending_up | Pos=0/6 | Solde=933.42 ×0.93 | WR=39% PnL=-10.19
2026-06-22 14:33:07 [INFO] SOLUSDT bloqué — ATR trop faible (0.39% < 0.50%)
2026-06-22 14:33:55 [INFO] SOLUSDT Score=63 action=HOLD regime=trending_up | Pos=0/6 | Solde=933.42 ×0.93 | WR=39% PnL=-10.19
2026-06-22 14:35:31 [INFO] SOLUSDT Score=76 action=BUY regime=trending_up | Pos=0/6 | Solde=933.42 ×0.93 | WR=39% PnL=-10.19
2026-06-22 14:35:47 [INFO] SOLUSDT Score=66 action=HOLD regime=trending_up | Pos=0/6 | Solde=933.42 ×0.93 | WR=39% PnL=-10.19
2026-06-22 14:36:51 [INFO] SOLUSDT Score=76 action=BUY regime=trending_up | Pos=0/6 | Solde=933.42 ×0.93 | WR=39% PnL=-10.19
2026-06-22 14:37:39 [INFO] SOLUSDT Score=66 action=HOLD regime=trending_up | Pos=0/6 | Solde=933.42 ×0.93 | WR=39% PnL=-10.19
2026-06-22 14:37:55 [INFO] AVAXUSDT Score=56 action=HOLD regime=trending_up | Pos=0/6 | Solde=933.42 ×0.93 | WR=39% PnL=-10.19
2026-06-22 14:38:27 [INFO] AVAXUSDT Score=76 action=BUY regime=trending_up | Pos=0/6 | Solde=933.42 ×0.93 | WR=39% PnL=-10.19
2026-06-22 14:38:27 [INFO] AVAXUSDT bloqué — ATR trop faible (0.41% < 0.50%)
2026-06-22 14:39:15 [INFO] AVAXUSDT Score=66 action=HOLD regime=trending_up | Pos=0/6 | Solde=933.42 ×0.93 | WR=39% PnL=-10.19
2026-06-22 14:39:31 [INFO] AVAXUSDT Score=69 action=BUY regime=trending_up | Pos=0/6 | Solde=933.42 ×0.93 | WR=39% PnL=-10.19
2026-06-22 14:41:39 [INFO] AVAXUSDT Score=66 action=HOLD regime=trending_up | Pos=0/6 | Solde=933.42 ×0.93 | WR=39% PnL=-10.19
2026-06-22 14:42:42 [INFO] SOLUSDT Score=50 action=HOLD regime=trending_up | Pos=0/6 | Solde=933.42 ×0.93 | WR=39% PnL=-10.19
2026-06-22 14:43:14 [INFO] AVAXUSDT Score=69 action=BUY regime=trending_up | Pos=0/6 | Solde=933.42 ×0.93 | WR=39% PnL=-10.19
2026-06-22 14:43:31 [INFO] AVAXUSDT bloqué — ATR trop faible (0.42% < 0.50%)
2026-06-22 14:44:34 [INFO] AVAXUSDT Score=59 action=HOLD regime=trending_up | Pos=0/6 | Solde=933.42 ×0.93 | WR=39% PnL=-10.19
2026-06-22 14:45:06 [INFO] SOLUSDT Score=77 action=BUY regime=trending_up | Pos=0/6 | Solde=933.42 ×0.93 | WR=39% PnL=-10.19
2026-06-22 14:45:06 [INFO] SOLUSDT bloqué — ATR trop faible (0.37% < 0.50%)
2026-06-22 14:45:54 [INFO] SOLUSDT Score=67 action=HOLD regime=trending_up | Pos=0/6 | Solde=933.42 ×0.93 | WR=39% PnL=-10.19
2026-06-22 14:45:54 [INFO] AVAXUSDT Score=68 action=BUY regime=trending_up | Pos=0/6 | Solde=933.42 ×0.93 | WR=39% PnL=-10.19
2026-06-22 14:46:10 [INFO] SOLUSDT Score=80 action=BUY regime=trending_up | Pos=0/6 | Solde=933.42 ×0.93 | WR=39% PnL=-10.19
2026-06-22 14:46:42 [INFO] AVAXUSDT Score=63 action=HOLD regime=trending_up | Pos=0/6 | Solde=933.42 ×0.93 | WR=39% PnL=-10.19
2026-06-22 14:46:58 [INFO] AVAXUSDT Score=70 action=BUY regime=trending_up | Pos=0/6 | Solde=933.42 ×0.93 | WR=39% PnL=-10.19
2026-06-22 14:48:02 [INFO] AVAXUSDT Score=60 action=HOLD regime=trending_up | Pos=0/6 | Solde=933.42 ×0.93 | WR=39% PnL=-10.19
2026-06-22 14:48:18 [INFO] AVAXUSDT Score=70 action=BUY regime=trending_up | Pos=0/6 | Solde=933.42 ×0.93 | WR=39% PnL=-10.19
2026-06-22 14:48:34 [INFO] AVAXUSDT bloqué — ATR trop faible (0.40% < 0.50%)
2026-06-22 14:49:05 [INFO] SOLUSDT Score=56 action=HOLD regime=trending_up | Pos=0/6 | Solde=933.42 ×0.93 | WR=39% PnL=-10.19
2026-06-22 14:49:53 [INFO] SOLUSDT Score=69 action=BUY regime=trending_up | Pos=0/6 | Solde=933.42 ×0.93 | WR=39% PnL=-10.19
2026-06-22 14:50:09 [INFO] SOLUSDT bloqué — ATR trop faible (0.40% < 0.50%)
2026-06-22 14:52:33 [INFO] SOLUSDT Score=57 action=HOLD regime=trending_up | Pos=0/6 | Solde=933.42 ×0.93 | WR=39% PnL=-10.19
2026-06-22 14:53:21 [INFO] AVAXUSDT Score=70 action=BUY regime=trending_up | Pos=0/6 | Solde=933.42 ×0.93 | WR=39% PnL=-10.19
2026-06-22 14:53:37 [INFO] AVAXUSDT bloqué — ATR trop faible (0.42% < 0.50%)
2026-06-22 14:56:32 [INFO] SOLUSDT Score=80 action=BUY regime=trending_up | Pos=0/6 | Solde=933.42 ×0.93 | WR=39% PnL=-10.19
2026-06-22 14:56:32 [INFO] SOLUSDT bloqué — ATR trop faible (0.40% < 0.50%)
2026-06-22 14:58:25 [INFO] AVAXUSDT Score=58 action=HOLD regime=trending_up | Pos=0/6 | Solde=933.42 ×0.93 | WR=39% PnL=-10.19
2026-06-22 15:00:00 [INFO] SOLUSDT Score=66 action=HOLD regime=trending_up | Pos=0/6 | Solde=933.42 ×0.93 | WR=39% PnL=-10.19
2026-06-22 15:01:04 [INFO] SOLUSDT Score=70 action=BUY regime=trending_up | Pos=0/6 | Solde=933.42 ×0.93 | WR=39% PnL=-10.19
2026-06-22 15:01:20 [INFO] SOLUSDT Score=63 action=HOLD regime=trending_up | Pos=0/6 | Solde=933.42 ×0.93 | WR=39% PnL=-10.19
2026-06-22 15:01:52 [INFO] SOLUSDT Score=77 action=BUY regime=trending_up | Pos=0/6 | Solde=933.42 ×0.93 | WR=39% PnL=-10.19
2026-06-22 15:01:52 [INFO] SOLUSDT bloqué — ATR trop faible (0.38% < 0.50%)
2026-06-22 15:02:24 [INFO] SOLUSDT Score=67 action=HOLD regime=trending_up | Pos=0/6 | Solde=933.42 ×0.93 | WR=39% PnL=-10.19
2026-06-22 15:03:28 [INFO] AVAXUSDT Score=60 action=HOLD regime=trending_up | Pos=0/6 | Solde=933.42 ×0.93 | WR=39% PnL=-10.19
2026-06-22 15:03:44 [INFO] SOLUSDT Score=77 action=BUY regime=trending_up | Pos=0/6 | Solde=933.42 ×0.93 | WR=39% PnL=-10.19
2026-06-22 15:04:00 [INFO] AVAXUSDT Score=68 action=BUY regime=trending_up | Pos=0/6 | Solde=933.42 ×0.93 | WR=39% PnL=-10.19
2026-06-22 15:04:00 [INFO] AVAXUSDT bloqué — ATR trop faible (0.43% < 0.50%)
2026-06-22 15:04:16 [INFO] SOLUSDT Score=67 action=HOLD regime=trending_up | Pos=0/6 | Solde=933.42 ×0.93 | WR=39% PnL=-10.19
2026-06-22 15:04:16 [INFO] AVAXUSDT Score=60 action=HOLD regime=trending_up | Pos=0/6 | Solde=933.42 ×0.93 | WR=39% PnL=-10.19
2026-06-22 15:05:20 [INFO] SOLUSDT Score=69 action=BUY regime=trending_up | Pos=0/6 | Solde=933.42 ×0.93 | WR=39% PnL=-10.19
2026-06-22 15:06:08 [INFO] AVAXUSDT Score=68 action=BUY regime=trending_up | Pos=0/6 | Solde=933.42 ×0.93 | WR=39% PnL=-10.19
2026-06-22 15:06:56 [INFO] SOLUSDT bloqué — ATR trop faible (0.38% < 0.50%)
2026-06-22 15:07:11 [INFO] SOLUSDT Score=63 action=HOLD regime=trending_up | Pos=0/6 | Solde=933.42 ×0.93 | WR=39% PnL=-10.19
2026-06-22 15:07:43 [INFO] SOLUSDT Score=80 action=BUY regime=trending_up | Pos=0/6 | Solde=933.42 ×0.93 | WR=39% PnL=-10.19
2026-06-22 15:07:59 [INFO] SOLUSDT Score=63 action=HOLD regime=trending_up | Pos=0/6 | Solde=933.42 ×0.93 | WR=39% PnL=-10.19
2026-06-22 15:08:31 [INFO] SOLUSDT Score=71 action=BUY regime=trending_up | Pos=0/6 | Solde=933.42 ×0.93 | WR=39% PnL=-10.19
2026-06-22 15:09:04 [INFO] AVAXUSDT bloqué — ATR trop faible (0.45% < 0.50%)
2026-06-22 15:09:36 [INFO] SOLUSDT Score=63 action=HOLD regime=trending_up | Pos=0/6 | Solde=933.42 ×0.93 | WR=39% PnL=-10.19
2026-06-22 15:10:55 [INFO] SOLUSDT Score=80 action=BUY regime=trending_up | Pos=0/6 | Solde=933.42 ×0.93 | WR=39% PnL=-10.19
2026-06-22 15:11:12 [INFO] AVAXUSDT Score=68 action=BUY regime=trending_up | Pos=0/6 | Solde=933.42 ×0.93 | WR=39% PnL=-10.19
2026-06-22 15:11:59 [INFO] SOLUSDT bloqué — ATR trop faible (0.39% < 0.50%)
2026-06-22 15:12:16 [INFO] AVAXUSDT Score=60 action=HOLD regime=trending_up | Pos=0/6 | Solde=933.42 ×0.93 | WR=39% PnL=-10.19
2026-06-22 15:13:19 [INFO] SOLUSDT Score=56 action=HOLD regime=trending_up | Pos=0/6 | Solde=933.42 ×0.93 | WR=39% PnL=-10.19
2026-06-22 15:13:35 [INFO] SOLUSDT Score=69 action=BUY regime=trending_up | Pos=0/6 | Solde=933.42 ×0.93 | WR=39% PnL=-10.19
2026-06-22 15:13:35 [INFO] AVAXUSDT Score=68 action=BUY regime=trending_up | Pos=0/6 | Solde=933.42 ×0.93 | WR=39% PnL=-10.19
2026-06-22 15:14:08 [INFO] AVAXUSDT bloqué — ATR trop faible (0.45% < 0.50%)
2026-06-22 15:15:43 [INFO] SOLUSDT Score=67 action=HOLD regime=trending_up | Pos=0/6 | Solde=933.42 ×0.93 | WR=39% PnL=-10.19
2026-06-22 15:15:59 [INFO] SOLUSDT Score=70 action=BUY regime=trending_up | Pos=0/6 | Solde=933.42 ×0.93 | WR=39% PnL=-10.19
2026-06-22 15:16:15 [INFO] SOLUSDT Score=67 action=HOLD regime=trending_up | Pos=0/6 | Solde=933.42 ×0.93 | WR=39% PnL=-10.19
2026-06-22 15:16:47 [INFO] SOLUSDT Score=70 action=BUY regime=trending_up | Pos=0/6 | Solde=933.42 ×0.93 | WR=39% PnL=-10.19
2026-06-22 15:17:03 [INFO] SOLUSDT bloqué — ATR trop faible (0.37% < 0.50%)
2026-06-22 15:17:19 [INFO] SOLUSDT Score=67 action=HOLD regime=trending_up | Pos=0/6 | Solde=933.42 ×0.93 | WR=39% PnL=-10.19
2026-06-22 15:17:50 [INFO] SOLUSDT Score=70 action=BUY regime=trending_up | Pos=0/6 | Solde=933.42 ×0.93 | WR=39% PnL=-10.19
2026-06-22 15:18:06 [INFO] SOLUSDT Score=59 action=HOLD regime=trending_up | Pos=0/6 | Solde=933.42 ×0.93 | WR=39% PnL=-10.19
2026-06-22 15:18:38 [INFO] SOLUSDT Score=69 action=BUY regime=trending_up | Pos=0/6 | Solde=933.42 ×0.93 | WR=39% PnL=-10.19
2026-06-22 15:18:39 [INFO] AVAXUSDT Score=68 action=BUY regime=trending_up | Pos=0/6 | Solde=933.42 ×0.93 | WR=39% PnL=-10.19
2026-06-22 15:19:11 [INFO] AVAXUSDT bloqué — ATR trop faible (0.42% < 0.50%)
2026-06-22 15:19:26 [INFO] SOLUSDT Score=59 action=HOLD regime=trending_up | Pos=0/6 | Solde=933.42 ×0.93 | WR=39% PnL=-10.19
2026-06-22 15:19:42 [INFO] SOLUSDT Score=70 action=BUY regime=trending_up | Pos=0/6 | Solde=933.42 ×0.93 | WR=39% PnL=-10.19
2026-06-22 15:19:58 [INFO] SOLUSDT Score=67 action=HOLD regime=trending_up | Pos=0/6 | Solde=933.42 ×0.93 | WR=39% PnL=-10.19
2026-06-22 15:20:46 [INFO] SOLUSDT Score=75 action=BUY regime=trending_up | Pos=0/6 | Solde=933.42 ×0.93 | WR=39% PnL=-10.19
2026-06-22 15:21:50 [INFO] Fear & Greed index = 20/100
2026-06-22 15:22:06 [INFO] SOLUSDT bloqué — ATR trop faible (0.38% < 0.50%)
2026-06-22 15:22:22 [INFO] SOLUSDT Score=63 action=HOLD regime=trending_up | Pos=0/6 | Solde=933.42 ×0.93 | WR=39% PnL=-10.19
2026-06-22 15:23:43 [INFO] AVAXUSDT Score=74 action=BUY regime=trending_up | Pos=0/6 | Solde=933.42 ×0.93 | WR=39% PnL=-10.19
2026-06-22 15:23:58 [INFO] SOLUSDT Score=69 action=BUY regime=trending_up | Pos=0/6 | Solde=933.42 ×0.93 | WR=39% PnL=-10.19
2026-06-22 15:24:15 [INFO] AVAXUSDT bloqué — ATR trop faible (0.43% < 0.50%)
2026-06-22 15:25:18 [INFO] SOLUSDT Score=66 action=HOLD regime=trending_up | Pos=0/6 | Solde=933.42 ×0.93 | WR=39% PnL=-10.19
2026-06-22 15:28:30 [INFO] SOLUSDT Score=76 action=BUY regime=trending_up | Pos=0/6 | Solde=933.42 ×0.93 | WR=39% PnL=-10.19
2026-06-22 15:28:30 [INFO] SOLUSDT bloqué — ATR trop faible (0.39% < 0.50%)
2026-06-22 15:28:46 [INFO] AVAXUSDT Score=82 action=BUY regime=trending_up | Pos=0/6 | Solde=933.42 ×0.93 | WR=39% PnL=-10.19
2026-06-22 15:29:18 [INFO] AVAXUSDT bloqué — ATR trop faible (0.45% < 0.50%)
2026-06-22 15:30:37 [INFO] SOLUSDT Score=65 action=HOLD regime=trending_up | Pos=0/6 | Solde=933.42 ×0.93 | WR=39% PnL=-10.19
2026-06-22 15:33:49 [INFO] SOLUSDT Score=80 action=BUY regime=trending_up | Pos=0/6 | Solde=933.42 ×0.93 | WR=39% PnL=-10.19
2026-06-22 15:33:49 [INFO] SOLUSDT bloqué — ATR trop faible (0.41% < 0.50%)
2026-06-22 15:33:50 [INFO] AVAXUSDT Score=82 action=BUY regime=trending_up | Pos=0/6 | Solde=933.42 ×0.93 | WR=39% PnL=-10.19
2026-06-22 15:34:22 [INFO] AVAXUSDT bloqué — ATR trop faible (0.46% < 0.50%)
2026-06-22 15:35:25 [INFO] SOLUSDT Score=65 action=HOLD regime=trending_up | Pos=0/6 | Solde=933.42 ×0.93 | WR=39% PnL=-10.19
2026-06-22 15:35:41 [INFO] SOLUSDT Score=69 action=BUY regime=trending_up | Pos=0/6 | Solde=933.42 ×0.93 | WR=39% PnL=-10.19
2026-06-22 15:35:57 [INFO] SOLUSDT Score=56 action=HOLD regime=trending_up | Pos=0/6 | Solde=933.42 ×0.93 | WR=39% PnL=-10.19
2026-06-22 15:38:53 [INFO] AVAXUSDT Score=78 action=BUY regime=trending_up | Pos=0/6 | Solde=933.42 ×0.93 | WR=39% PnL=-10.19
2026-06-22 15:39:25 [INFO] AVAXUSDT bloqué — ATR trop faible (0.46% < 0.50%)
2026-06-22 15:41:01 [INFO] SOLUSDT Score=66 action=HOLD regime=trending_up | Pos=0/6 | Solde=933.42 ×0.93 | WR=39% PnL=-10.19
2026-06-22 15:42:04 [INFO] SOLUSDT Score=79 action=BUY regime=trending_up | Pos=0/6 | Solde=933.42 ×0.93 | WR=39% PnL=-10.19
2026-06-22 15:42:04 [INFO] SOLUSDT bloqué — ATR trop faible (0.42% < 0.50%)
2026-06-22 15:43:57 [INFO] AVAXUSDT Score=78 action=BUY regime=trending_up | Pos=0/6 | Solde=933.42 ×0.93 | WR=39% PnL=-10.19
2026-06-22 15:44:29 [INFO] AVAXUSDT bloqué — ATR trop faible (0.47% < 0.50%)
2026-06-22 15:44:44 [INFO] SOLUSDT Score=66 action=HOLD regime=trending_up | Pos=0/6 | Solde=933.42 ×0.93 | WR=39% PnL=-10.19
2026-06-22 15:48:29 [INFO] AVAXUSDT Score=60 action=HOLD regime=trending_up | Pos=0/6 | Solde=933.42 ×0.93 | WR=39% PnL=-10.19
2026-06-22 15:49:48 [INFO] SOLUSDT Score=56 action=HOLD regime=trending_up | Pos=0/6 | Solde=933.42 ×0.93 | WR=39% PnL=-10.19
2026-06-22 15:53:32 [INFO] AVAXUSDT Score=60 action=HOLD regime=trending_up | Pos=0/6 | Solde=933.42 ×0.93 | WR=39% PnL=-10.19
2026-06-22 15:54:51 [INFO] SOLUSDT Score=56 action=HOLD regime=trending_up | Pos=0/6 | Solde=933.42 ×0.93 | WR=39% PnL=-10.19
2026-06-22 15:58:36 [INFO] AVAXUSDT Score=48 action=HOLD regime=trending_up | Pos=0/6 | Solde=933.42 ×0.93 | WR=39% PnL=-10.19
2026-06-22 15:59:55 [INFO] SOLUSDT Score=56 action=HOLD regime=trending_up | Pos=0/6 | Solde=933.42 ×0.93 | WR=39% PnL=-10.19
2026-06-22 16:00:59 [INFO] SOLUSDT Score=68 action=BUY regime=trending_up | Pos=0/6 | Solde=933.42 ×0.93 | WR=39% PnL=-10.19
2026-06-22 16:00:59 [INFO] SOLUSDT bloqué — ATR trop faible (0.40% < 0.50%)
2026-06-22 16:01:00 [INFO] AVAXUSDT Score=68 action=BUY regime=trending_up | Pos=0/6 | Solde=933.42 ×0.93 | WR=39% PnL=-10.19
2026-06-22 16:01:00 [INFO] AVAXUSDT bloqué — ATR trop faible (0.49% < 0.50%)
2026-06-22 16:03:39 [INFO] SOLUSDT Score=67 action=HOLD regime=trending_up | Pos=0/6 | Solde=933.42 ×0.93 | WR=39% PnL=-10.19
2026-06-22 16:05:47 [INFO] SOLUSDT Score=72 action=BUY regime=trending_up | Pos=0/6 | Solde=933.42 ×0.93 | WR=39% PnL=-10.19
2026-06-22 16:06:03 [INFO] SOLUSDT bloqué — ATR trop faible (0.42% < 0.50%)
2026-06-22 16:06:03 [INFO] AVAXUSDT Score=68 action=BUY regime=trending_up | Pos=0/6 | Solde=933.42 ×0.93 | WR=39% PnL=-10.19
2026-06-22 16:06:03 [INFO] AVAXUSDT bloqué — ATR trop faible (0.50% < 0.50%)
2026-06-22 16:06:35 [BUY] Ordre limite | 11.6200 AVAXUSDT @ 6.4230 | Score=68 | SL=6.3716 TP1=6.4872 TP2=6.5197 TP3=6.6157
2026-06-22 16:06:39 [BUY] Ordre rempli | 11.6200 AVAXUSDT @ 6.4230 | SL=6.3716 TP1=6.4872 TP2=6.5197 | Score=68 | ×0.93 compound
2026-06-22 16:10:59 [INFO] SOLUSDT Score=80 action=BUY regime=trending_up | Pos=1/6 | Solde=858.73 ×0.93 | WR=39% PnL=-10.19
2026-06-22 16:11:14 [INFO] SOLUSDT bloqué — ATR trop faible (0.45% < 0.50%)
2026-06-22 16:11:46 [INFO] AVAXUSDT Score=74 action=BUY regime=trending_up | Pos=1/6 | Solde=858.73 ×0.93 | WR=39% PnL=-10.19
2026-06-22 16:12:02 [INFO] AVAXUSDT Score=64 action=HOLD regime=trending_up | Pos=1/6 | Solde=858.73 ×0.93 | WR=39% PnL=-10.19
2026-06-22 16:12:34 [INFO] AVAXUSDT Score=74 action=BUY regime=trending_up | Pos=1/6 | Solde=858.73 ×0.93 | WR=39% PnL=-10.19
2026-06-22 16:14:25 [INFO] AVAXUSDT Score=64 action=HOLD regime=trending_up | Pos=1/6 | Solde=858.73 ×0.93 | WR=39% PnL=-10.19
2026-06-22 16:15:13 [INFO] AVAXUSDT Score=80 action=BUY regime=trending_up | Pos=1/6 | Solde=858.73 ×0.93 | WR=39% PnL=-10.19
2026-06-22 16:16:00 [INFO] SOLUSDT Score=100 action=BUY regime=trending_up | Pos=1/6 | Solde=858.73 ×0.93 | WR=39% PnL=-10.19
2026-06-22 16:16:17 [INFO] SOLUSDT bloqué — ATR trop faible (0.44% < 0.50%)
2026-06-22 16:20:16 [INFO] AVAXUSDT Score=80 action=BUY regime=trending_up | Pos=1/6 | Solde=858.73 ×0.93 | WR=39% PnL=-10.19
2026-06-22 16:21:04 [INFO] SOLUSDT Score=96 action=BUY regime=trending_up | Pos=1/6 | Solde=858.73 ×0.93 | WR=39% PnL=-10.19
2026-06-22 16:21:20 [INFO] SOLUSDT bloqué — ATR trop faible (0.45% < 0.50%)
2026-06-22 16:21:52 [INFO] Fear & Greed index = 20/100
2026-06-22 16:25:20 [INFO] AVAXUSDT Score=80 action=BUY regime=trending_up | Pos=1/6 | Solde=858.73 ×0.93 | WR=39% PnL=-10.19
2026-06-22 16:26:08 [INFO] SOLUSDT Score=82 action=BUY regime=trending_up | Pos=1/6 | Solde=858.73 ×0.93 | WR=39% PnL=-10.19
2026-06-22 16:26:24 [INFO] SOLUSDT bloqué — ATR trop faible (0.46% < 0.50%)
2026-06-22 16:27:44 [INFO] SOLUSDT Score=41 action=HOLD regime=trending_up | Pos=1/6 | Solde=858.73 ×0.93 | WR=39% PnL=-10.19
2026-06-22 16:29:15 [SL] 11.6200 AVAXUSDT @ 6.3700 | PnL=-0.7274 (-0.97%) | Compound ×0.93 | Session PnL=-10.92 WR=38% | Raison=sl
2026-06-22 16:29:19 [INFO] AVAXUSDT SL-cooldown actif — 894s restantes
2026-06-22 16:30:06 [INFO] SOLUSDT Score=77 action=BUY regime=ranging | Pos=0/6 | Solde=932.69 ×0.93 | WR=38% PnL=-10.92
2026-06-22 16:30:06 [INFO] SOLUSDT bloque — 3 bougies baissières consecutives
2026-06-22 16:34:29 [INFO] SOLUSDT bloqué — ATR trop faible (0.47% < 0.50%)
2026-06-22 16:34:29 [INFO] AVAXUSDT SL-cooldown actif — 584s restantes
2026-06-22 16:35:16 [INFO] SOLUSDT Score=77 action=BUY regime=ranging | Pos=0/6 | Solde=932.69 ×0.93 | WR=38% PnL=-10.92
2026-06-22 16:35:16 [INFO] SOLUSDT bloque — 3 bougies baissières consecutives
2026-06-22 16:36:49 [INFO] SOLUSDT Score=74 action=BUY regime=trending_up | Pos=0/6 | Solde=932.69 ×0.93 | WR=38% PnL=-10.92
2026-06-22 16:37:05 [INFO] SOLUSDT Score=67 action=HOLD regime=ranging | Pos=0/6 | Solde=932.69 ×0.93 | WR=38% PnL=-10.92
2026-06-22 16:37:20 [INFO] SOLUSDT Score=80 action=BUY regime=ranging | Pos=0/6 | Solde=932.69 ×0.93 | WR=38% PnL=-10.92
2026-06-22 16:39:39 [INFO] AVAXUSDT SL-cooldown actif — 274s restantes
2026-06-22 16:40:26 [INFO] SOLUSDT bloque — 3 bougies baissières consecutives
2026-06-22 16:42:30 [INFO] SOLUSDT Score=88 action=BUY regime=ranging | Pos=0/6 | Solde=932.69 ×0.93 | WR=38% PnL=-10.92
2026-06-22 16:44:18 [INFO] AVAXUSDT Score=58 action=HOLD regime=trending_up | Pos=0/6 | Solde=932.69 ×0.93 | WR=38% PnL=-10.92
2026-06-22 16:45:06 [INFO] SOLUSDT Score=62 action=HOLD regime=ranging | Pos=0/6 | Solde=932.69 ×0.93 | WR=38% PnL=-10.92
2026-06-22 16:45:06 [INFO] AVAXUSDT Score=74 action=BUY regime=trending_up | Pos=0/6 | Solde=932.69 ×0.93 | WR=38% PnL=-10.92
2026-06-22 16:45:07 [BUY] Ordre limite | 11.7800 AVAXUSDT @ 6.3310 | Score=74 | SL=6.2804 TP1=6.3943 TP2=6.4263 TP3=6.5209
2026-06-22 16:45:10 [BUY] Ordre rempli | 11.7800 AVAXUSDT @ 6.3310 | SL=6.2804 TP1=6.3943 TP2=6.4263 | Score=74 | ×0.93 compound
2026-06-22 16:50:16 [INFO] SOLUSDT Score=64 action=HOLD regime=ranging | Pos=1/6 | Solde=858.06 ×0.93 | WR=38% PnL=-10.92
2026-06-22 16:50:17 [INFO] AVAXUSDT Score=64 action=HOLD regime=trending_up | Pos=1/6 | Solde=858.06 ×0.93 | WR=38% PnL=-10.92
2026-06-22 16:51:36 [INFO] SOLUSDT Score=74 action=BUY regime=ranging | Pos=1/6 | Solde=858.06 ×0.93 | WR=38% PnL=-10.92
2026-06-22 16:51:36 [INFO] SOLUSDT bloqué — ATR trop faible (0.48% < 0.50%)
2026-06-22 16:52:56 [INFO] SOLUSDT Score=60 action=HOLD regime=ranging | Pos=1/6 | Solde=858.06 ×0.93 | WR=38% PnL=-10.92
2026-06-22 16:53:12 [INFO] SOLUSDT Score=74 action=BUY regime=ranging | Pos=1/6 | Solde=858.06 ×0.93 | WR=38% PnL=-10.92
2026-06-22 16:53:45 [INFO] AVAXUSDT Score=72 action=BUY regime=trending_up | Pos=1/6 | Solde=858.06 ×0.93 | WR=38% PnL=-10.92
2026-06-22 16:54:17 [INFO] AVAXUSDT Score=64 action=HOLD regime=trending_up | Pos=1/6 | Solde=858.06 ×0.93 | WR=38% PnL=-10.92
2026-06-22 16:54:32 [INFO] SOLUSDT Score=62 action=HOLD regime=ranging | Pos=1/6 | Solde=858.06 ×0.93 | WR=38% PnL=-10.92
2026-06-22 16:54:33 [INFO] AVAXUSDT Score=72 action=BUY regime=trending_up | Pos=1/6 | Solde=858.06 ×0.93 | WR=38% PnL=-10.92
2026-06-22 16:54:33 [INFO] AVAXUSDT bloque — 3 bougies baissières consecutives
2026-06-22 16:55:52 [INFO] SOLUSDT Score=79 action=BUY regime=ranging | Pos=1/6 | Solde=858.06 ×0.93 | WR=38% PnL=-10.92
2026-06-22 16:55:52 [INFO] SOLUSDT bloque — 3 bougies baissières consecutives
2026-06-22 16:56:24 [INFO] SOLUSDT Score=68 action=HOLD regime=ranging | Pos=1/6 | Solde=858.06 ×0.93 | WR=38% PnL=-10.92
2026-06-22 16:56:56 [INFO] SOLUSDT Score=79 action=BUY regime=ranging | Pos=1/6 | Solde=858.06 ×0.93 | WR=38% PnL=-10.92
2026-06-22 16:57:12 [INFO] SOLUSDT Score=68 action=HOLD regime=ranging | Pos=1/6 | Solde=858.06 ×0.93 | WR=38% PnL=-10.92
2026-06-22 16:57:44 [INFO] SOLUSDT Score=76 action=BUY regime=ranging | Pos=1/6 | Solde=858.06 ×0.93 | WR=38% PnL=-10.92
2026-06-22 16:57:44 [INFO] SOLUSDT bloqué — ATR trop faible (0.50% < 0.50%)
2026-06-22 16:58:00 [INFO] SOLUSDT Score=68 action=HOLD regime=ranging | Pos=1/6 | Solde=858.06 ×0.93 | WR=38% PnL=-10.92
2026-06-22 16:58:48 [INFO] SOLUSDT Score=76 action=BUY regime=ranging | Pos=1/6 | Solde=858.06 ×0.93 | WR=38% PnL=-10.92
2026-06-22 16:59:04 [INFO] SOLUSDT Score=62 action=HOLD regime=ranging | Pos=1/6 | Solde=858.06 ×0.93 | WR=38% PnL=-10.92
2026-06-22 16:59:36 [INFO] AVAXUSDT Score=74 action=BUY regime=trending_up | Pos=1/6 | Solde=858.06 ×0.93 | WR=38% PnL=-10.92
2026-06-22 16:59:36 [INFO] AVAXUSDT bloque — 3 bougies baissières consecutives
2026-06-22 17:00:08 [INFO] SOLUSDT Score=70 action=BUY regime=ranging | Pos=1/6 | Solde=858.06 ×0.93 | WR=38% PnL=-10.92
2026-06-22 17:01:12 [INFO] AVAXUSDT Score=64 action=HOLD regime=trending_up | Pos=1/6 | Solde=858.06 ×0.93 | WR=38% PnL=-10.92
2026-06-22 17:01:43 [INFO] SOLUSDT Score=56 action=HOLD regime=ranging | Pos=1/6 | Solde=858.06 ×0.93 | WR=38% PnL=-10.92
2026-06-22 17:02:15 [INFO] SOLUSDT Score=71 action=BUY regime=ranging | Pos=1/6 | Solde=858.06 ×0.93 | WR=38% PnL=-10.92
2026-06-22 17:02:47 [INFO] SOLUSDT bloqué — ATR trop faible (0.48% < 0.50%)
2026-06-22 17:03:19 [INFO] SOLUSDT Score=56 action=HOLD regime=ranging | Pos=1/6 | Solde=858.06 ×0.93 | WR=38% PnL=-10.92
2026-06-22 17:03:35 [INFO] SOLUSDT Score=71 action=BUY regime=ranging | Pos=1/6 | Solde=858.06 ×0.93 | WR=38% PnL=-10.92
2026-06-22 17:04:07 [INFO] SOLUSDT Score=63 action=HOLD regime=ranging | Pos=1/6 | Solde=858.06 ×0.93 | WR=38% PnL=-10.92
2026-06-22 17:04:23 [INFO] SOLUSDT Score=71 action=BUY regime=ranging | Pos=1/6 | Solde=858.06 ×0.93 | WR=38% PnL=-10.92
2026-06-22 17:04:39 [INFO] SOLUSDT Score=63 action=HOLD regime=ranging | Pos=1/6 | Solde=858.06 ×0.93 | WR=38% PnL=-10.92
2026-06-22 17:04:40 [INFO] AVAXUSDT Score=78 action=BUY regime=trending_up | Pos=1/6 | Solde=858.06 ×0.93 | WR=38% PnL=-10.92
2026-06-22 17:05:27 [INFO] SOLUSDT Score=70 action=BUY regime=ranging | Pos=1/6 | Solde=858.06 ×0.93 | WR=38% PnL=-10.92
2026-06-22 17:05:43 [INFO] AVAXUSDT bloque — 3 bougies baissières consecutives
2026-06-22 17:05:59 [INFO] SOLUSDT Score=62 action=HOLD regime=ranging | Pos=1/6 | Solde=858.06 ×0.93 | WR=38% PnL=-10.92
2026-06-22 17:06:15 [INFO] SOLUSDT Score=70 action=BUY regime=ranging | Pos=1/6 | Solde=858.06 ×0.93 | WR=38% PnL=-10.92
2026-06-22 17:06:31 [INFO] SOLUSDT Score=68 action=HOLD regime=ranging | Pos=1/6 | Solde=858.06 ×0.93 | WR=38% PnL=-10.92
2026-06-22 17:07:35 [INFO] SOLUSDT Score=70 action=BUY regime=ranging | Pos=1/6 | Solde=858.06 ×0.93 | WR=38% PnL=-10.92
2026-06-22 17:07:35 [INFO] SOLUSDT bloque — 3 bougies baissières consecutives
2026-06-22 17:07:51 [INFO] SOLUSDT Score=62 action=HOLD regime=ranging | Pos=1/6 | Solde=858.06 ×0.93 | WR=38% PnL=-10.92
2026-06-22 17:09:26 [INFO] SOLUSDT Score=70 action=BUY regime=ranging | Pos=1/6 | Solde=858.06 ×0.93 | WR=38% PnL=-10.92
2026-06-22 17:09:27 [BUY] Ordre limite | 0.7000 SOLUSDT @ 73.4800 | Score=70 | SL=73.0361 TP1=74.2148 TP2=74.5859
2026-06-22 17:09:31 [BUY] Ordre rempli | 0.7000 SOLUSDT @ 73.4800 | SL=73.0361 TP1=74.2148 TP2=74.5859 | Score=70 | ×0.93 compound
2026-06-22 17:09:43 [INFO] AVAXUSDT Score=72 action=BUY regime=trending_up | Pos=2/6 | Solde=806.58 ×0.93 | WR=38% PnL=-10.92
2026-06-22 17:10:45 [INFO] AVAXUSDT bloque — 3 bougies baissières consecutives
2026-06-22 17:13:19 [INFO] AVAXUSDT Score=64 action=HOLD regime=trending_up | Pos=2/6 | Solde=806.58 ×0.93 | WR=38% PnL=-10.92
2026-06-22 17:14:37 [INFO] SOLUSDT Score=71 action=BUY regime=ranging | Pos=2/6 | Solde=806.58 ×0.93 | WR=38% PnL=-10.92
2026-06-22 17:15:09 [INFO] SOLUSDT Score=49 action=HOLD regime=ranging | Pos=2/6 | Solde=806.58 ×0.93 | WR=38% PnL=-10.92
2026-06-22 17:16:45 [INFO] AVAXUSDT Score=72 action=BUY regime=trending_up | Pos=2/6 | Solde=806.58 ×0.93 | WR=38% PnL=-10.92
2026-06-22 17:20:12 [INFO] SOLUSDT Score=60 action=HOLD regime=ranging | Pos=2/6 | Solde=806.58 ×0.93 | WR=38% PnL=-10.92
2026-06-22 17:21:48 [INFO] AVAXUSDT Score=72 action=BUY regime=trending_up | Pos=2/6 | Solde=806.58 ×0.93 | WR=38% PnL=-10.92
2026-06-22 17:25:15 [INFO] SOLUSDT Score=49 action=HOLD regime=ranging | Pos=2/6 | Solde=806.58 ×0.93 | WR=38% PnL=-10.92
2026-06-22 17:26:51 [INFO] AVAXUSDT Score=72 action=BUY regime=trending_up | Pos=2/6 | Solde=806.58 ×0.93 | WR=38% PnL=-10.92
2026-06-22 17:28:59 [INFO] AVAXUSDT Score=64 action=HOLD regime=trending_up | Pos=2/6 | Solde=806.58 ×0.93 | WR=38% PnL=-10.92
2026-06-22 17:30:03 [INFO] AVAXUSDT Score=74 action=BUY regime=trending_up | Pos=2/6 | Solde=806.58 ×0.93 | WR=38% PnL=-10.92
2026-06-22 17:30:18 [INFO] SOLUSDT Score=48 action=HOLD regime=ranging | Pos=2/6 | Solde=806.58 ×0.93 | WR=38% PnL=-10.92
2026-06-22 17:34:18 [INFO] AVAXUSDT Score=64 action=HOLD regime=trending_up | Pos=2/6 | Solde=806.58 ×0.93 | WR=38% PnL=-10.92
2026-06-22 17:35:22 [INFO] SOLUSDT Score=48 action=HOLD regime=ranging | Pos=2/6 | Solde=806.58 ×0.93 | WR=38% PnL=-10.92
2026-06-22 17:35:38 [INFO] AVAXUSDT Score=74 action=BUY regime=trending_up | Pos=2/6 | Solde=806.58 ×0.93 | WR=38% PnL=-10.92
2026-06-22 17:40:25 [INFO] SOLUSDT Score=46 action=HOLD regime=ranging | Pos=2/6 | Solde=806.58 ×0.93 | WR=38% PnL=-10.92
2026-06-22 17:40:42 [INFO] AVAXUSDT Score=78 action=BUY regime=trending_up | Pos=2/6 | Solde=806.58 ×0.93 | WR=38% PnL=-10.92
2026-06-22 17:45:13 [INFO] AVAXUSDT Score=65 action=HOLD regime=ranging | Pos=2/6 | Solde=806.58 ×0.93 | WR=38% PnL=-10.92
2026-06-22 17:45:28 [INFO] SOLUSDT Score=60 action=HOLD regime=ranging | Pos=2/6 | Solde=806.58 ×0.93 | WR=38% PnL=-10.92
2026-06-22 17:49:44 [INFO] SOLUSDT Score=94 action=BUY regime=ranging | Pos=2/6 | Solde=806.58 ×0.93 | WR=38% PnL=-10.92
2026-06-22 17:49:44 [INFO] SOLUSDT bloque — 3 bougies baissières consecutives
2026-06-22 17:49:44 [INFO] AVAXUSDT Score=68 action=BUY regime=ranging | Pos=2/6 | Solde=806.58 ×0.93 | WR=38% PnL=-10.92
2026-06-22 17:49:44 [INFO] AVAXUSDT bloque — 3 bougies baissières consecutives
2026-06-22 17:49:50 [WARNING] Circuit breaker déclenché — 3 pertes consécutives — achats suspendus 1h
2026-06-22 17:49:50 [SL] 0.7000 SOLUSDT @ 73.0200 | PnL=-0.3989 (-0.78%) | Compound ×0.86 | Session PnL=-11.32 WR=38% | Raison=sl
2026-06-22 17:49:59 [INFO] SOLUSDT SL-cooldown actif — 890s restantes
2026-06-22 17:49:59 [INFO] Circuit breaker actif — reprend dans 59 min
2026-06-22 17:54:59 [INFO] SOLUSDT SL-cooldown actif — 590s restantes
2026-06-22 17:54:59 [INFO] Circuit breaker actif — reprend dans 54 min
2026-06-22 17:59:59 [INFO] SOLUSDT SL-cooldown actif — 290s restantes
2026-06-22 17:59:59 [INFO] Circuit breaker actif — reprend dans 49 min
2026-06-22 18:04:59 [INFO] Circuit breaker actif — reprend dans 44 min
2026-06-22 18:09:59 [INFO] Circuit breaker actif — reprend dans 39 min
2026-06-22 18:14:59 [INFO] Circuit breaker actif — reprend dans 34 min
2026-06-22 18:19:59 [INFO] Circuit breaker actif — reprend dans 29 min
2026-06-22 18:24:59 [INFO] Circuit breaker actif — reprend dans 24 min
2026-06-22 18:29:59 [INFO] Circuit breaker actif — reprend dans 19 min
2026-06-22 18:34:59 [INFO] Circuit breaker actif — reprend dans 14 min
2026-06-22 18:39:59 [INFO] Circuit breaker actif — reprend dans 9 min
2026-06-22 18:44:59 [INFO] Circuit breaker actif — reprend dans 4 min
2026-06-22 18:50:00 [INFO] SOLUSDT Score=18 action=HOLD regime=volatile | Pos=1/6 | Solde=857.66 ×0.86 | WR=38% PnL=-11.32
2026-06-22 18:50:01 [INFO] AVAXUSDT Score=49 action=HOLD regime=ranging | Pos=1/6 | Solde=857.66 ×0.86 | WR=38% PnL=-11.32
2026-06-22 18:55:04 [INFO] SOLUSDT Score=9 action=HOLD regime=volatile | Pos=1/6 | Solde=857.66 ×0.86 | WR=38% PnL=-11.32
2026-06-22 18:55:04 [INFO] AVAXUSDT Score=48 action=HOLD regime=ranging | Pos=1/6 | Solde=857.66 ×0.86 | WR=38% PnL=-11.32
2026-06-22 19:00:07 [INFO] SOLUSDT Score=0 action=HOLD regime=volatile | Pos=1/6 | Solde=857.66 ×0.86 | WR=38% PnL=-11.32
2026-06-22 19:00:07 [INFO] AVAXUSDT Score=51 action=HOLD regime=ranging | Pos=1/6 | Solde=857.66 ×0.86 | WR=38% PnL=-11.32
2026-06-22 19:05:12 [INFO] SOLUSDT Score=0 action=HOLD regime=volatile | Pos=1/6 | Solde=857.66 ×0.86 | WR=38% PnL=-11.32
2026-06-22 19:05:12 [INFO] AVAXUSDT Score=48 action=HOLD regime=ranging | Pos=1/6 | Solde=857.66 ×0.86 | WR=38% PnL=-11.32
2026-06-22 19:10:15 [INFO] SOLUSDT Score=0 action=HOLD regime=volatile | Pos=1/6 | Solde=857.66 ×0.86 | WR=38% PnL=-11.32
2026-06-22 19:10:16 [INFO] AVAXUSDT Score=42 action=HOLD regime=ranging | Pos=1/6 | Solde=857.66 ×0.86 | WR=38% PnL=-11.32
2026-06-22 19:15:19 [INFO] SOLUSDT Score=0 action=HOLD regime=volatile | Pos=1/6 | Solde=857.66 ×0.86 | WR=38% PnL=-11.32
2026-06-22 19:15:20 [INFO] AVAXUSDT Score=43 action=HOLD regime=ranging | Pos=1/6 | Solde=857.66 ×0.86 | WR=38% PnL=-11.32
2026-06-22 19:20:24 [INFO] SOLUSDT Score=0 action=HOLD regime=volatile | Pos=1/6 | Solde=857.66 ×0.86 | WR=38% PnL=-11.32
2026-06-22 19:20:24 [INFO] AVAXUSDT Score=34 action=HOLD regime=ranging | Pos=1/6 | Solde=857.66 ×0.86 | WR=38% PnL=-11.32
2026-06-22 19:25:28 [INFO] SOLUSDT Score=0 action=HOLD regime=volatile | Pos=1/6 | Solde=857.66 ×0.86 | WR=38% PnL=-11.32
2026-06-22 19:25:29 [INFO] AVAXUSDT Score=42 action=HOLD regime=ranging | Pos=1/6 | Solde=857.66 ×0.86 | WR=38% PnL=-11.32
2026-06-22 19:30:32 [INFO] SOLUSDT Score=8 action=HOLD regime=volatile | Pos=1/6 | Solde=857.66 ×0.86 | WR=38% PnL=-11.32
2026-06-22 19:30:33 [INFO] AVAXUSDT Score=52 action=HOLD regime=ranging | Pos=1/6 | Solde=857.66 ×0.86 | WR=38% PnL=-11.32
2026-06-22 19:35:35 [INFO] SOLUSDT Score=4 action=HOLD regime=volatile | Pos=1/6 | Solde=857.66 ×0.86 | WR=38% PnL=-11.32
2026-06-22 19:35:36 [INFO] AVAXUSDT Score=62 action=HOLD regime=ranging | Pos=1/6 | Solde=857.66 ×0.86 | WR=38% PnL=-11.32
2026-06-22 19:36:01 [SL] 11.7800 AVAXUSDT @ 6.2800 | PnL=-0.7122 (-0.95%) | Compound ×0.93 | Session PnL=-12.03 WR=37% | Raison=sl
2026-06-22 19:36:07 [INFO] AVAXUSDT SL-cooldown actif — 893s restantes
2026-06-22 19:40:46 [INFO] SOLUSDT Score=0 action=HOLD regime=volatile | Pos=0/6 | Solde=931.58 ×0.93 | WR=37% PnL=-12.03
2026-06-22 19:41:17 [INFO] AVAXUSDT SL-cooldown actif — 583s restantes
2026-06-22 19:45:56 [INFO] SOLUSDT Score=0 action=HOLD regime=volatile | Pos=0/6 | Solde=931.58 ×0.93 | WR=37% PnL=-12.03
2026-06-22 19:46:27 [INFO] AVAXUSDT SL-cooldown actif — 273s restantes
2026-06-22 19:51:06 [INFO] SOLUSDT Score=0 action=HOLD regime=volatile | Pos=0/6 | Solde=931.58 ×0.93 | WR=37% PnL=-12.03
2026-06-22 19:51:07 [INFO] AVAXUSDT Score=49 action=HOLD regime=ranging | Pos=0/6 | Solde=931.58 ×0.93 | WR=37% PnL=-12.03
2026-06-22 19:56:10 [INFO] SOLUSDT Score=0 action=HOLD regime=volatile | Pos=0/6 | Solde=931.58 ×0.93 | WR=37% PnL=-12.03
2026-06-22 19:56:11 [INFO] AVAXUSDT Score=55 action=HOLD regime=ranging | Pos=0/6 | Solde=931.58 ×0.93 | WR=37% PnL=-12.03
2026-06-22 20:00:10 [INFO] SOLUSDT Score=20 action=HOLD regime=ranging | Pos=0/6 | Solde=931.58 ×0.93 | WR=37% PnL=-12.03
2026-06-22 20:01:15 [INFO] AVAXUSDT Score=32 action=HOLD regime=ranging | Pos=0/6 | Solde=931.58 ×0.93 | WR=37% PnL=-12.03
2026-06-22 20:05:14 [INFO] SOLUSDT Score=32 action=HOLD regime=ranging | Pos=0/6 | Solde=931.58 ×0.93 | WR=37% PnL=-12.03
2026-06-22 20:06:19 [INFO] AVAXUSDT Score=32 action=HOLD regime=ranging | Pos=0/6 | Solde=931.58 ×0.93 | WR=37% PnL=-12.03
2026-06-22 20:10:20 [INFO] SOLUSDT Score=32 action=HOLD regime=ranging | Pos=0/6 | Solde=931.58 ×0.93 | WR=37% PnL=-12.03
2026-06-22 20:11:24 [INFO] AVAXUSDT Score=32 action=HOLD regime=ranging | Pos=0/6 | Solde=931.58 ×0.93 | WR=37% PnL=-12.03
2026-06-22 20:15:24 [INFO] SOLUSDT Score=31 action=HOLD regime=ranging | Pos=0/6 | Solde=931.58 ×0.93 | WR=37% PnL=-12.03
2026-06-22 20:16:28 [INFO] AVAXUSDT Score=32 action=HOLD regime=ranging | Pos=0/6 | Solde=931.58 ×0.93 | WR=37% PnL=-12.03
2026-06-22 20:20:27 [INFO] SOLUSDT Score=28 action=HOLD regime=ranging | Pos=0/6 | Solde=931.58 ×0.93 | WR=37% PnL=-12.03
2026-06-22 20:21:32 [INFO] AVAXUSDT Score=32 action=HOLD regime=ranging | Pos=0/6 | Solde=931.58 ×0.93 | WR=37% PnL=-12.03
2026-06-22 20:25:31 [INFO] SOLUSDT Score=31 action=HOLD regime=ranging | Pos=0/6 | Solde=931.58 ×0.93 | WR=37% PnL=-12.03
2026-06-22 20:26:36 [INFO] AVAXUSDT Score=32 action=HOLD regime=ranging | Pos=0/6 | Solde=931.58 ×0.93 | WR=37% PnL=-12.03
2026-06-22 20:30:36 [INFO] SOLUSDT Score=28 action=HOLD regime=ranging | Pos=0/6 | Solde=931.58 ×0.93 | WR=37% PnL=-12.03
2026-06-22 20:31:22 [INFO] SOLUSDT Score=28 action=HOLD regime=trending_up | Pos=0/6 | Solde=931.58 ×0.93 | WR=37% PnL=-12.03
