2026-05-03 15:41:04: [ERROR] Échec du WebSocket pour ETHUSDT: Lock.__init__() got an unexpected keyword argument 'loop'
2026-05-03 15:41:04: [ERROR] Échec du WebSocket pour SOLUSDT: Lock.__init__() got an unexpected keyword argument 'loop'
2026-05-03 15:41:04: [ERROR] Échec du WebSocket pour BTCUSDT: Lock.__init__() got an unexpected keyword argument 'loop'
2026-05-03 15:56:03: [ERROR] Erreur dans handle_socket_message: name 'talib' is not defined
2026-05-03 15:56:03: [ERROR] Erreur dans handle_socket_message: name 'talib' is not defined
2026-05-03 15:56:03: [ERROR] Erreur dans handle_socket_message: name 'talib' is not defined
2026-05-03 15:56:04: [ERROR] Erreur dans handle_socket_message: name 'talib' is not defined
2026-05-03 15:56:04: [ERROR] Erreur dans handle_socket_message: name 'talib' is not defined
2026-05-03 15:56:04: [ERROR] Erreur dans handle_socket_message: name 'talib' is not defined
2026-05-03 15:56:04: [ERROR] Erreur dans handle_socket_message: name 'talib' is not defined
2026-05-03 15:56:04: [ERROR] Erreur dans handle_socket_message: name 'talib' is not defined
2026-05-03 15:56:04: [ERROR] Erreur dans handle_socket_message: name 'talib' is not defined
2026-05-03 15:56:05: [ERROR] Erreur dans handle_socket_message: name 'talib' is not defined
2026-05-03 15:56:05: [ERROR] Erreur dans handle_socket_message: name 'talib' is not defined
2026-05-03 15:56:05: [ERROR] Erreur dans handle_socket_message: name 'talib' is not defined
2026-05-03 15:56:05: [ERROR] Erreur dans handle_socket_message: name 'talib' is not defined
2026-05-03 15:56:05: [ERROR] Erreur dans handle_socket_message: name 'talib' is not defined
2026-05-03 15:56:05: [ERROR] Erreur dans handle_socket_message: name 'talib' is not defined
2026-05-03 15:56:06: [ERROR] Erreur dans handle_socket_message: name 'talib' is not defined
2026-05-03 15:56:06: [ERROR] Erreur dans handle_socket_message: name 'talib' is not defined
2026-05-03 15:56:06: [ERROR] Erreur dans handle_socket_message: name 'talib' is not defined
2026-05-03 15:56:06: [ERROR] Erreur dans handle_socket_message: name 'talib' is not defined
2026-05-03 15:56:06: [ERROR] Erreur dans handle_socket_message: name 'talib' is not defined
2026-05-03 15:56:06: [ERROR] Erreur dans handle_socket_message: name 'talib' is not defined
2026-05-03 15:56:07: [ERROR] Erreur dans handle_socket_message: name 'talib' is not defined
2026-05-03 15:56:07: [ERROR] Erreur dans handle_socket_message: name 'talib' is not defined
2026-05-03 15:56:07: [ERROR] Erreur dans handle_socket_message: name 'talib' is not defined
2026-05-03 15:56:07: [ERROR] Erreur dans handle_socket_message: name 'talib' is not defined
2026-05-03 15:56:07: [ERROR] Erreur dans handle_socket_message: name 'talib' is not defined
2026-05-03 15:56:07: [ERROR] Erreur dans handle_socket_message: name 'talib' is not defined
2026-05-03 15:56:08: [ERROR] Erreur dans handle_socket_message: name 'talib' is not defined
2026-05-03 15:56:08: [ERROR] Erreur dans handle_socket_message: name 'talib' is not defined
2026-05-03 15:56:08: [ERROR] Erreur dans handle_socket_message: name 'talib' is not defined
2026-05-03 15:56:08: [ERROR] Erreur dans handle_socket_message: name 'talib' is not defined
2026-05-03 15:56:08: [ERROR] Erreur dans handle_socket_message: name 'talib' is not defined
2026-05-03 15:56:08: [ERROR] Erreur dans handle_socket_message: name 'talib' is not defined
2026-05-03 15:56:09: [ERROR] Erreur dans handle_socket_message: name 'talib' is not defined
2026-05-03 15:56:09: [ERROR] Erreur dans handle_socket_message: name 'talib' is not defined
2026-05-03 15:56:09: [ERROR] Erreur dans handle_socket_message: name 'talib' is not defined
2026-05-03 15:56:09: [ERROR] Erreur dans handle_socket_message: name 'talib' is not defined
2026-05-03 15:56:09: [ERROR] Erreur dans handle_socket_message: name 'talib' is not defined
2026-05-03 15:56:09: [ERROR] Erreur dans handle_socket_message: name 'talib' is not defined
2026-05-03 15:56:10: [ERROR] Erreur dans handle_socket_message: name 'talib' is not defined
2026-05-03 15:56:10: [ERROR] Erreur dans handle_socket_message: name 'talib' is not defined
2026-05-03 15:56:10: [ERROR] Erreur dans handle_socket_message: name 'talib' is not defined
2026-05-03 15:56:10: [ERROR] Erreur dans handle_socket_message: name 'talib' is not defined
2026-05-03 15:56:10: [ERROR] Erreur dans handle_socket_message: name 'talib' is not defined
2026-05-03 15:56:10: [ERROR] Erreur dans handle_socket_message: name 'talib' is not defined
2026-05-03 15:56:10: [ERROR] Erreur dans handle_socket_message: name 'talib' is not defined
2026-05-03 15:56:11: [ERROR] Erreur dans handle_socket_message: name 'talib' is not defined
2026-05-03 15:56:11: [ERROR] Erreur dans handle_socket_message: name 'talib' is not defined
2026-05-03 15:56:11: [ERROR] Erreur dans handle_socket_message: name 'talib' is not defined
2026-05-03 15:56:11: [ERROR] Erreur dans handle_socket_message: name 'talib' is not defined
2026-05-03 15:56:11: [ERROR] Erreur dans handle_socket_message: name 'talib' is not defined
2026-05-03 15:56:11: [ERROR] Erreur dans handle_socket_message: name 'talib' is not defined
2026-05-03 15:56:12: [ERROR] Erreur dans handle_socket_message: name 'talib' is not defined
2026-05-03 15:56:12: [ERROR] Erreur dans handle_socket_message: name 'talib' is not defined
2026-05-03 15:56:12: [ERROR] Erreur dans handle_socket_message: name 'talib' is not defined
2026-05-03 15:56:12: [ERROR] Erreur dans handle_socket_message: name 'talib' is not defined
2026-05-03 15:56:13: [ERROR] Erreur dans handle_socket_message: name 'talib' is not defined
2026-05-03 15:56:13: [ERROR] Erreur dans handle_socket_message: name 'talib' is not defined
2026-05-03 15:56:13: [ERROR] Erreur dans handle_socket_message: name 'talib' is not defined
2026-05-03 15:56:13: [ERROR] Erreur dans handle_socket_message: name 'talib' is not defined
2026-05-03 15:56:13: [ERROR] Erreur dans handle_socket_message: name 'talib' is not defined
2026-05-03 15:56:13: [ERROR] Erreur dans handle_socket_message: name 'talib' is not defined
2026-05-03 15:56:14: [ERROR] Erreur dans handle_socket_message: name 'talib' is not defined
2026-05-03 15:56:14: [ERROR] Erreur dans handle_socket_message: name 'talib' is not defined
2026-05-03 15:56:14: [ERROR] Erreur dans handle_socket_message: name 'talib' is not defined
2026-05-03 15:56:14: [ERROR] Erreur dans handle_socket_message: name 'talib' is not defined
2026-05-03 15:56:14: [ERROR] Erreur dans handle_socket_message: name 'talib' is not defined
2026-05-03 15:56:15: [ERROR] Erreur dans handle_socket_message: name 'talib' is not defined
2026-05-03 15:56:15: [ERROR] Erreur dans handle_socket_message: name 'talib' is not defined
2026-05-03 15:56:15: [ERROR] Erreur dans handle_socket_message: name 'talib' is not defined
2026-05-03 15:56:15: [ERROR] Erreur dans handle_socket_message: name 'talib' is not defined
2026-05-03 15:56:16: [ERROR] Erreur dans handle_socket_message: name 'talib' is not defined
2026-05-03 15:56:16: [ERROR] Erreur dans handle_socket_message: name 'talib' is not defined
2026-05-03 15:56:16: [ERROR] Erreur dans handle_socket_message: name 'talib' is not defined
2026-05-03 15:56:16: [ERROR] Erreur dans handle_socket_message: name 'talib' is not defined
2026-05-03 15:56:16: [ERROR] Erreur dans handle_socket_message: name 'talib' is not defined
2026-05-03 15:56:16: [ERROR] Erreur dans handle_socket_message: name 'talib' is not defined
2026-05-03 15:56:17: [ERROR] Erreur dans handle_socket_message: name 'talib' is not defined
2026-05-03 15:56:17: [ERROR] Erreur dans handle_socket_message: name 'talib' is not defined
2026-05-03 15:56:17: [ERROR] Erreur dans handle_socket_message: name 'talib' is not defined
2026-05-03 15:56:17: [ERROR] Erreur dans handle_socket_message: name 'talib' is not defined
2026-05-03 15:56:17: [ERROR] Erreur dans handle_socket_message: name 'talib' is not defined
2026-05-03 15:56:18: [ERROR] Erreur dans handle_socket_message: name 'talib' is not defined
2026-05-03 15:56:18: [ERROR] Erreur dans handle_socket_message: name 'talib' is not defined
2026-05-03 15:56:18: [ERROR] Erreur dans handle_socket_message: name 'talib' is not defined
2026-05-03 15:56:18: [ERROR] Erreur dans handle_socket_message: name 'talib' is not defined
2026-05-03 15:56:18: [ERROR] Erreur dans handle_socket_message: name 'talib' is not defined
2026-05-03 15:56:18: [ERROR] Erreur dans handle_socket_message: name 'talib' is not defined
2026-05-03 15:56:19: [ERROR] Erreur dans handle_socket_message: name 'talib' is not defined
2026-05-03 15:56:19: [ERROR] Erreur dans handle_socket_message: name 'talib' is not defined
2026-05-03 15:56:19: [ERROR] Erreur dans handle_socket_message: name 'talib' is not defined
2026-05-03 15:56:19: [ERROR] Erreur dans handle_socket_message: name 'talib' is not defined
2026-05-03 15:56:20: [ERROR] Erreur dans handle_socket_message: name 'talib' is not defined
2026-05-03 15:56:20: [ERROR] Erreur dans handle_socket_message: name 'talib' is not defined
2026-05-03 15:56:20: [ERROR] Erreur dans handle_socket_message: name 'talib' is not defined
2026-05-03 15:56:20: [ERROR] Erreur dans handle_socket_message: name 'talib' is not defined
2026-05-03 15:56:20: [ERROR] Erreur dans handle_socket_message: name 'talib' is not defined
2026-05-03 15:56:21: [ERROR] Erreur dans handle_socket_message: name 'talib' is not defined
2026-05-03 15:56:21: [ERROR] Erreur dans handle_socket_message: name 'talib' is not defined
2026-05-03 15:56:21: [ERROR] Erreur dans handle_socket_message: name 'talib' is not defined
2026-05-03 15:56:21: [ERROR] Erreur dans handle_socket_message: name 'talib' is not defined
2026-05-03 15:56:21: [ERROR] Erreur dans handle_socket_message: name 'talib' is not defined
2026-05-03 15:56:21: [ERROR] Erreur dans handle_socket_message: name 'talib' is not defined
2026-05-03 15:56:22: [ERROR] Erreur dans handle_socket_message: name 'talib' is not defined
2026-05-03 15:56:22: [ERROR] Erreur dans handle_socket_message: name 'talib' is not defined
2026-05-03 15:56:22: [ERROR] Erreur dans handle_socket_message: name 'talib' is not defined
2026-05-03 15:56:22: [ERROR] Erreur dans handle_socket_message: name 'talib' is not defined
2026-05-03 15:56:22: [ERROR] Erreur dans handle_socket_message: name 'talib' is not defined
2026-05-03 15:56:22: [ERROR] Erreur dans handle_socket_message: name 'talib' is not defined
2026-05-03 15:56:22: [ERROR] Erreur dans handle_socket_message: name 'talib' is not defined
2026-05-03 15:56:23: [ERROR] Erreur dans handle_socket_message: name 'talib' is not defined
2026-05-03 15:56:23: [ERROR] Erreur dans handle_socket_message: name 'talib' is not defined
2026-05-03 15:56:23: [ERROR] Erreur dans handle_socket_message: name 'talib' is not defined
2026-05-03 15:56:23: [ERROR] Erreur dans handle_socket_message: name 'talib' is not defined
2026-05-03 15:56:24: [ERROR] Erreur dans handle_socket_message: name 'talib' is not defined
2026-05-03 15:56:24: [ERROR] Erreur dans handle_socket_message: name 'talib' is not defined
2026-05-03 15:56:24: [ERROR] Erreur dans handle_socket_message: name 'talib' is not defined
2026-05-03 15:56:24: [ERROR] Erreur dans handle_socket_message: name 'talib' is not defined
2026-05-03 15:56:24: [ERROR] Erreur dans handle_socket_message: name 'talib' is not defined
2026-05-03 15:56:25: [ERROR] Erreur dans handle_socket_message: name 'talib' is not defined
2026-05-03 15:56:25: [ERROR] Erreur dans handle_socket_message: name 'talib' is not defined
2026-05-03 15:56:25: [ERROR] Erreur dans handle_socket_message: name 'talib' is not defined
2026-05-03 15:56:25: [ERROR] Erreur dans handle_socket_message: name 'talib' is not defined
2026-05-03 15:56:25: [ERROR] Erreur dans handle_socket_message: name 'talib' is not defined
2026-05-03 15:56:26: [ERROR] Erreur dans handle_socket_message: name 'talib' is not defined
2026-05-03 15:56:26: [ERROR] Erreur dans handle_socket_message: name 'talib' is not defined
2026-05-03 15:56:26: [ERROR] Erreur dans handle_socket_message: name 'talib' is not defined
2026-05-03 15:56:26: [ERROR] Erreur dans handle_socket_message: name 'talib' is not defined
2026-05-03 15:56:27: [ERROR] Erreur dans handle_socket_message: name 'talib' is not defined
2026-05-03 15:56:27: [ERROR] Erreur dans handle_socket_message: name 'talib' is not defined
2026-05-03 15:56:27: [ERROR] Erreur dans handle_socket_message: name 'talib' is not defined
2026-05-03 15:56:27: [ERROR] Erreur dans handle_socket_message: name 'talib' is not defined
2026-05-03 15:56:27: [ERROR] Erreur dans handle_socket_message: name 'talib' is not defined
2026-05-03 15:56:27: [ERROR] Erreur dans handle_socket_message: name 'talib' is not defined
2026-05-03 15:56:28: [ERROR] Erreur dans handle_socket_message: name 'talib' is not defined
2026-05-03 15:56:28: [ERROR] Erreur dans handle_socket_message: name 'talib' is not defined
2026-05-03 15:56:28: [ERROR] Erreur dans handle_socket_message: name 'talib' is not defined
2026-05-03 15:56:28: [ERROR] Erreur dans handle_socket_message: name 'talib' is not defined
2026-05-03 15:56:28: [ERROR] Erreur dans handle_socket_message: name 'talib' is not defined
2026-05-03 15:56:28: [ERROR] Erreur dans handle_socket_message: name 'talib' is not defined
2026-05-03 15:56:29: [ERROR] Erreur dans handle_socket_message: name 'talib' is not defined
2026-05-03 15:56:29: [ERROR] Erreur dans handle_socket_message: name 'talib' is not defined
2026-05-03 15:56:29: [ERROR] Erreur dans handle_socket_message: name 'talib' is not defined
2026-05-03 15:56:30: [ERROR] Erreur dans handle_socket_message: name 'talib' is not defined
2026-05-03 15:56:30: [ERROR] Erreur dans handle_socket_message: name 'talib' is not defined
2026-05-03 15:56:30: [ERROR] Erreur dans handle_socket_message: name 'talib' is not defined
2026-05-03 15:56:30: [ERROR] Erreur dans handle_socket_message: name 'talib' is not defined
2026-05-03 15:56:31: [ERROR] Erreur dans handle_socket_message: name 'talib' is not defined
2026-05-03 15:56:31: [ERROR] Erreur dans handle_socket_message: name 'talib' is not defined
2026-05-03 15:56:31: [ERROR] Erreur dans handle_socket_message: name 'talib' is not defined
2026-05-03 15:56:31: [ERROR] Erreur dans handle_socket_message: name 'talib' is not defined
2026-05-03 15:56:31: [ERROR] Erreur dans handle_socket_message: name 'talib' is not defined
2026-05-03 15:56:31: [ERROR] Erreur dans handle_socket_message: name 'talib' is not defined
2026-05-03 15:56:32: [ERROR] Erreur dans handle_socket_message: name 'talib' is not defined
2026-05-03 15:56:32: [ERROR] Erreur dans handle_socket_message: name 'talib' is not defined
2026-05-03 15:56:32: [ERROR] Erreur dans handle_socket_message: name 'talib' is not defined
2026-05-03 15:56:32: [ERROR] Erreur dans handle_socket_message: name 'talib' is not defined
2026-05-03 15:56:32: [ERROR] Erreur dans handle_socket_message: name 'talib' is not defined
2026-05-03 15:56:33: [ERROR] Erreur dans handle_socket_message: name 'talib' is not defined
2026-05-03 15:56:33: [ERROR] Erreur dans handle_socket_message: name 'talib' is not defined
2026-05-03 15:56:33: [ERROR] Erreur dans handle_socket_message: name 'talib' is not defined
2026-05-03 15:56:33: [ERROR] Erreur dans handle_socket_message: name 'talib' is not defined
2026-05-03 15:56:34: [ERROR] Erreur dans handle_socket_message: name 'talib' is not defined
2026-05-03 15:56:34: [ERROR] Erreur dans handle_socket_message: name 'talib' is not defined
2026-05-03 15:56:34: [ERROR] Erreur dans handle_socket_message: name 'talib' is not defined
2026-05-03 15:56:34: [ERROR] Erreur dans handle_socket_message: name 'talib' is not defined
2026-05-03 15:56:34: [ERROR] Erreur dans handle_socket_message: name 'talib' is not defined
2026-05-03 15:56:35: [ERROR] Erreur dans handle_socket_message: name 'talib' is not defined
2026-05-03 15:56:35: [ERROR] Erreur dans handle_socket_message: name 'talib' is not defined
2026-05-03 15:56:35: [ERROR] Erreur dans handle_socket_message: name 'talib' is not defined
2026-05-03 15:56:35: [ERROR] Erreur dans handle_socket_message: name 'talib' is not defined
2026-05-03 15:56:35: [ERROR] Erreur dans handle_socket_message: name 'talib' is not defined
2026-05-03 15:56:36: [ERROR] Erreur dans handle_socket_message: name 'talib' is not defined
2026-05-03 15:56:36: [ERROR] Erreur dans handle_socket_message: name 'talib' is not defined
2026-05-03 15:56:36: [ERROR] Erreur dans handle_socket_message: name 'talib' is not defined
2026-05-03 15:56:36: [ERROR] Erreur dans handle_socket_message: name 'talib' is not defined
2026-05-03 15:56:36: [ERROR] Erreur dans handle_socket_message: name 'talib' is not defined
2026-05-03 15:56:37: [ERROR] Erreur dans handle_socket_message: name 'talib' is not defined
2026-05-03 15:56:37: [ERROR] Erreur dans handle_socket_message: name 'talib' is not defined
2026-05-03 15:56:37: [ERROR] Erreur dans handle_socket_message: name 'talib' is not defined
2026-05-03 15:56:37: [ERROR] Erreur dans handle_socket_message: name 'talib' is not defined
2026-05-03 15:56:37: [ERROR] Erreur dans handle_socket_message: name 'talib' is not defined
2026-05-03 15:56:37: [ERROR] Erreur dans handle_socket_message: name 'talib' is not defined
2026-05-03 15:56:38: [ERROR] Erreur dans handle_socket_message: name 'talib' is not defined
2026-05-03 15:56:38: [ERROR] Erreur dans handle_socket_message: name 'talib' is not defined
2026-05-03 15:56:38: [ERROR] Erreur dans handle_socket_message: name 'talib' is not defined
2026-05-03 15:56:38: [ERROR] Erreur dans handle_socket_message: name 'talib' is not defined
2026-05-03 15:56:38: [ERROR] Erreur dans handle_socket_message: name 'talib' is not defined
2026-05-03 15:56:39: [ERROR] Erreur dans handle_socket_message: name 'talib' is not defined
2026-05-03 15:56:39: [ERROR] Erreur dans handle_socket_message: name 'talib' is not defined
2026-05-03 15:56:39: [ERROR] Erreur dans handle_socket_message: name 'talib' is not defined
2026-05-03 15:56:39: [ERROR] Erreur dans handle_socket_message: name 'talib' is not defined
2026-05-03 15:56:39: [ERROR] Erreur dans handle_socket_message: name 'talib' is not defined
2026-05-03 15:56:40: [ERROR] Erreur dans handle_socket_message: name 'talib' is not defined
2026-05-03 15:56:40: [ERROR] Erreur dans handle_socket_message: name 'talib' is not defined
2026-05-03 15:56:40: [ERROR] Erreur dans handle_socket_message: name 'talib' is not defined
2026-05-03 15:56:40: [ERROR] Erreur dans handle_socket_message: name 'talib' is not defined
2026-05-03 15:56:41: [ERROR] Erreur dans handle_socket_message: name 'talib' is not defined
2026-05-03 15:56:41: [ERROR] Erreur dans handle_socket_message: name 'talib' is not defined
2026-05-03 15:56:41: [ERROR] Erreur dans handle_socket_message: name 'talib' is not defined
2026-05-03 15:56:41: [ERROR] Erreur dans handle_socket_message: name 'talib' is not defined
2026-05-03 15:56:41: [ERROR] Erreur dans handle_socket_message: name 'talib' is not defined
2026-05-03 15:56:41: [ERROR] Erreur dans handle_socket_message: name 'talib' is not defined
2026-05-03 15:56:42: [ERROR] Erreur dans handle_socket_message: name 'talib' is not defined
2026-05-03 15:56:42: [ERROR] Erreur dans handle_socket_message: name 'talib' is not defined
2026-05-03 15:56:42: [ERROR] Erreur dans handle_socket_message: name 'talib' is not defined
2026-05-03 15:56:42: [ERROR] Erreur dans handle_socket_message: name 'talib' is not defined
2026-05-03 15:56:43: [ERROR] Erreur dans handle_socket_message: name 'talib' is not defined
2026-05-03 15:56:43: [ERROR] Erreur dans handle_socket_message: name 'talib' is not defined
2026-05-03 15:56:43: [ERROR] Erreur dans handle_socket_message: name 'talib' is not defined
2026-05-03 15:56:43: [ERROR] Erreur dans handle_socket_message: name 'talib' is not defined
2026-05-03 15:56:43: [ERROR] Erreur dans handle_socket_message: name 'talib' is not defined
2026-05-03 15:56:43: [ERROR] Erreur dans handle_socket_message: name 'talib' is not defined
2026-05-03 15:56:44: [ERROR] Erreur dans handle_socket_message: name 'talib' is not defined
2026-05-03 15:56:44: [ERROR] Erreur dans handle_socket_message: name 'talib' is not defined
2026-05-03 15:56:44: [ERROR] Erreur dans handle_socket_message: name 'talib' is not defined
2026-05-03 15:56:44: [ERROR] Erreur dans handle_socket_message: name 'talib' is not defined
2026-05-03 15:56:44: [ERROR] Erreur dans handle_socket_message: name 'talib' is not defined
2026-05-03 15:56:44: [ERROR] Erreur dans handle_socket_message: name 'talib' is not defined
2026-05-03 15:56:45: [ERROR] Erreur dans handle_socket_message: name 'talib' is not defined
2026-05-03 15:56:45: [ERROR] Erreur dans handle_socket_message: name 'talib' is not defined
2026-05-03 15:56:45: [ERROR] Erreur dans handle_socket_message: name 'talib' is not defined
2026-05-03 15:56:45: [ERROR] Erreur dans handle_socket_message: name 'talib' is not defined
2026-05-03 15:56:45: [ERROR] Erreur dans handle_socket_message: name 'talib' is not defined
2026-05-03 15:56:45: [ERROR] Erreur dans handle_socket_message: name 'talib' is not defined
2026-05-03 15:56:46: [ERROR] Erreur dans handle_socket_message: name 'talib' is not defined
2026-05-03 15:56:46: [ERROR] Erreur dans handle_socket_message: name 'talib' is not defined
2026-05-03 15:56:46: [ERROR] Erreur dans handle_socket_message: name 'talib' is not defined
2026-05-03 15:56:46: [ERROR] Erreur dans handle_socket_message: name 'talib' is not defined
2026-05-03 15:56:46: [ERROR] Erreur dans handle_socket_message: name 'talib' is not defined
2026-05-03 15:56:46: [ERROR] Erreur dans handle_socket_message: name 'talib' is not defined
2026-05-03 15:56:47: [ERROR] Erreur dans handle_socket_message: name 'talib' is not defined
2026-05-03 15:56:47: [ERROR] Erreur dans handle_socket_message: name 'talib' is not defined
2026-05-03 15:56:47: [ERROR] Erreur dans handle_socket_message: name 'talib' is not defined
2026-05-03 15:56:47: [ERROR] Erreur dans handle_socket_message: name 'talib' is not defined
2026-05-03 15:56:47: [ERROR] Erreur dans handle_socket_message: name 'talib' is not defined
2026-05-03 15:56:48: [ERROR] Erreur dans handle_socket_message: name 'talib' is not defined
2026-05-03 15:56:48: [ERROR] Erreur dans handle_socket_message: name 'talib' is not defined
2026-05-03 15:56:48: [ERROR] Erreur dans handle_socket_message: name 'talib' is not defined
2026-05-03 15:56:48: [ERROR] Erreur dans handle_socket_message: name 'talib' is not defined
2026-05-03 15:56:49: [ERROR] Erreur dans handle_socket_message: name 'talib' is not defined
2026-05-03 15:56:49: [ERROR] Erreur dans handle_socket_message: name 'talib' is not defined
2026-05-03 15:56:49: [ERROR] Erreur dans handle_socket_message: name 'talib' is not defined
2026-05-03 15:56:49: [ERROR] Erreur dans handle_socket_message: name 'talib' is not defined
2026-05-03 15:56:49: [ERROR] Erreur dans handle_socket_message: name 'talib' is not defined
2026-05-03 15:56:49: [ERROR] Erreur dans handle_socket_message: name 'talib' is not defined
2026-05-03 15:56:50: [ERROR] Erreur dans handle_socket_message: name 'talib' is not defined
2026-05-03 15:56:50: [ERROR] Erreur dans handle_socket_message: name 'talib' is not defined
2026-05-03 15:56:50: [ERROR] Erreur dans handle_socket_message: name 'talib' is not defined
2026-05-03 15:56:50: [ERROR] Erreur dans handle_socket_message: name 'talib' is not defined
2026-05-03 15:56:50: [ERROR] Erreur dans handle_socket_message: name 'talib' is not defined
2026-05-03 15:56:50: [ERROR] Erreur dans handle_socket_message: name 'talib' is not defined
2026-05-03 15:56:50: [ERROR] Erreur dans handle_socket_message: name 'talib' is not defined
2026-05-03 15:56:51: [ERROR] Erreur dans handle_socket_message: name 'talib' is not defined
2026-05-03 15:56:51: [ERROR] Erreur dans handle_socket_message: name 'talib' is not defined
2026-05-03 15:56:51: [ERROR] Erreur dans handle_socket_message: name 'talib' is not defined
2026-05-03 15:56:51: [ERROR] Erreur dans handle_socket_message: name 'talib' is not defined
2026-05-03 15:56:51: [ERROR] Erreur dans handle_socket_message: name 'talib' is not defined
2026-05-03 15:56:51: [ERROR] Erreur dans handle_socket_message: name 'talib' is not defined
2026-05-03 15:56:52: [ERROR] Erreur dans handle_socket_message: name 'talib' is not defined
2026-05-03 15:56:52: [ERROR] Erreur dans handle_socket_message: name 'talib' is not defined
2026-05-03 15:56:52: [ERROR] Erreur dans handle_socket_message: name 'talib' is not defined
2026-05-03 15:56:52: [ERROR] Erreur dans handle_socket_message: name 'talib' is not defined
2026-05-03 15:56:52: [ERROR] Erreur dans handle_socket_message: name 'talib' is not defined
2026-05-03 15:56:53: [ERROR] Erreur dans handle_socket_message: name 'talib' is not defined
2026-05-03 15:56:53: [ERROR] Erreur dans handle_socket_message: name 'talib' is not defined
2026-05-03 15:56:53: [ERROR] Erreur dans handle_socket_message: name 'talib' is not defined
2026-05-03 15:56:53: [ERROR] Erreur dans handle_socket_message: name 'talib' is not defined
2026-05-03 15:56:53: [ERROR] Erreur dans handle_socket_message: name 'talib' is not defined
2026-05-03 15:56:53: [ERROR] Erreur dans handle_socket_message: name 'talib' is not defined
2026-05-03 15:56:54: [ERROR] Erreur dans handle_socket_message: name 'talib' is not defined
2026-05-03 15:56:54: [ERROR] Erreur dans handle_socket_message: name 'talib' is not defined
2026-05-03 15:56:54: [ERROR] Erreur dans handle_socket_message: name 'talib' is not defined
2026-05-03 15:56:54: [ERROR] Erreur dans handle_socket_message: name 'talib' is not defined
2026-05-03 15:56:54: [ERROR] Erreur dans handle_socket_message: name 'talib' is not defined
2026-05-03 15:56:54: [ERROR] Erreur dans handle_socket_message: name 'talib' is not defined
2026-05-03 15:56:55: [ERROR] Erreur dans handle_socket_message: name 'talib' is not defined
2026-05-03 15:56:55: [ERROR] Erreur dans handle_socket_message: name 'talib' is not defined
2026-05-03 15:56:55: [ERROR] Erreur dans handle_socket_message: name 'talib' is not defined
2026-05-03 15:56:55: [ERROR] Erreur dans handle_socket_message: name 'talib' is not defined
2026-05-03 15:56:55: [ERROR] Erreur dans handle_socket_message: name 'talib' is not defined
2026-05-03 15:56:55: [ERROR] Erreur dans handle_socket_message: name 'talib' is not defined
2026-05-03 15:56:56: [ERROR] Erreur dans handle_socket_message: name 'talib' is not defined
2026-05-03 15:56:56: [ERROR] Erreur dans handle_socket_message: name 'talib' is not defined
2026-05-03 15:56:56: [ERROR] Erreur dans handle_socket_message: name 'talib' is not defined
2026-05-03 15:56:56: [ERROR] Erreur dans handle_socket_message: name 'talib' is not defined
2026-05-03 15:56:56: [ERROR] Erreur dans handle_socket_message: name 'talib' is not defined
2026-05-03 15:56:57: [ERROR] Erreur dans handle_socket_message: name 'talib' is not defined
2026-05-03 15:56:57: [ERROR] Erreur dans handle_socket_message: name 'talib' is not defined
2026-05-03 15:56:57: [ERROR] Erreur dans handle_socket_message: name 'talib' is not defined
2026-05-03 15:56:57: [ERROR] Erreur dans handle_socket_message: name 'talib' is not defined
2026-05-03 15:56:57: [ERROR] Erreur dans handle_socket_message: name 'talib' is not defined
2026-05-03 15:56:57: [ERROR] Erreur dans handle_socket_message: name 'talib' is not defined
2026-05-03 15:56:58: [ERROR] Erreur dans handle_socket_message: name 'talib' is not defined
2026-05-03 15:56:58: [ERROR] Erreur dans handle_socket_message: name 'talib' is not defined
2026-05-03 15:56:58: [ERROR] Erreur dans handle_socket_message: name 'talib' is not defined
2026-05-03 15:56:58: [ERROR] Erreur dans handle_socket_message: name 'talib' is not defined
2026-05-03 15:56:58: [ERROR] Erreur dans handle_socket_message: name 'talib' is not defined
2026-05-03 15:56:58: [ERROR] Erreur dans handle_socket_message: name 'talib' is not defined
2026-05-03 15:56:58: [ERROR] Erreur dans handle_socket_message: name 'talib' is not defined
2026-05-03 15:56:59: [ERROR] Erreur dans handle_socket_message: name 'talib' is not defined
2026-05-03 15:56:59: [ERROR] Erreur dans handle_socket_message: name 'talib' is not defined
2026-05-03 15:56:59: [ERROR] Erreur dans handle_socket_message: name 'talib' is not defined
2026-05-03 15:56:59: [ERROR] Erreur dans handle_socket_message: name 'talib' is not defined
2026-05-03 15:56:59: [ERROR] Erreur dans handle_socket_message: name 'talib' is not defined
2026-05-03 15:56:59: [ERROR] Erreur dans handle_socket_message: name 'talib' is not defined
2026-05-03 15:57:00: [ERROR] Erreur dans handle_socket_message: name 'talib' is not defined
2026-05-03 15:57:00: [ERROR] Erreur dans handle_socket_message: name 'talib' is not defined
2026-05-03 15:57:00: [ERROR] Erreur dans handle_socket_message: name 'talib' is not defined
2026-05-03 15:57:00: [ERROR] Erreur dans handle_socket_message: name 'talib' is not defined
2026-05-03 15:57:00: [ERROR] Erreur dans handle_socket_message: name 'talib' is not defined
2026-05-03 15:57:00: [ERROR] Erreur dans handle_socket_message: name 'talib' is not defined
2026-05-03 15:57:01: [ERROR] Erreur dans handle_socket_message: name 'talib' is not defined
2026-05-03 15:57:01: [ERROR] Erreur dans handle_socket_message: name 'talib' is not defined
2026-05-03 15:57:01: [ERROR] Erreur dans handle_socket_message: name 'talib' is not defined
2026-05-03 15:57:01: [ERROR] Erreur dans handle_socket_message: name 'talib' is not defined
2026-05-03 15:57:01: [ERROR] Erreur dans handle_socket_message: name 'talib' is not defined
2026-05-03 15:57:02: [ERROR] Erreur dans handle_socket_message: name 'talib' is not defined
2026-05-03 15:57:03: [ERROR] Erreur dans handle_socket_message: name 'talib' is not defined
2026-05-03 15:57:03: [ERROR] Erreur dans handle_socket_message: name 'talib' is not defined
2026-05-03 15:57:03: [ERROR] Erreur dans handle_socket_message: name 'talib' is not defined
2026-05-03 15:57:03: [ERROR] Erreur dans handle_socket_message: name 'talib' is not defined
2026-05-03 15:57:04: [ERROR] Erreur dans handle_socket_message: name 'talib' is not defined
2026-05-03 15:57:04: [ERROR] Erreur dans handle_socket_message: name 'talib' is not defined
2026-05-03 15:57:04: [ERROR] Erreur dans handle_socket_message: name 'talib' is not defined
2026-05-03 15:57:04: [ERROR] Erreur dans handle_socket_message: name 'talib' is not defined
2026-05-03 15:57:05: [ERROR] Erreur dans handle_socket_message: name 'talib' is not defined
2026-05-03 15:57:05: [ERROR] Erreur dans handle_socket_message: name 'talib' is not defined
2026-05-03 15:57:05: [ERROR] Erreur dans handle_socket_message: name 'talib' is not defined
2026-05-03 15:57:05: [ERROR] Erreur dans handle_socket_message: name 'talib' is not defined
2026-05-03 15:57:06: [ERROR] Erreur dans handle_socket_message: name 'talib' is not defined
2026-05-03 15:57:06: [ERROR] Erreur dans handle_socket_message: name 'talib' is not defined
2026-05-03 15:57:06: [ERROR] Erreur dans handle_socket_message: name 'talib' is not defined
2026-05-03 15:57:06: [ERROR] Erreur dans handle_socket_message: name 'talib' is not defined
2026-05-03 15:57:06: [ERROR] Erreur dans handle_socket_message: name 'talib' is not defined
2026-05-03 15:57:06: [ERROR] Erreur dans handle_socket_message: name 'talib' is not defined
2026-05-03 15:57:07: [ERROR] Erreur dans handle_socket_message: name 'talib' is not defined
2026-05-03 15:57:07: [ERROR] Erreur dans handle_socket_message: name 'talib' is not defined
2026-05-03 15:57:07: [ERROR] Erreur dans handle_socket_message: name 'talib' is not defined
2026-05-03 15:57:07: [ERROR] Erreur dans handle_socket_message: name 'talib' is not defined
2026-05-03 15:57:07: [ERROR] Erreur dans handle_socket_message: name 'talib' is not defined
2026-05-03 15:57:08: [ERROR] Erreur dans handle_socket_message: name 'talib' is not defined
2026-05-03 15:57:08: [ERROR] Erreur dans handle_socket_message: name 'talib' is not defined
2026-05-03 15:57:08: [ERROR] Erreur dans handle_socket_message: name 'talib' is not defined
2026-05-03 15:57:08: [ERROR] Erreur dans handle_socket_message: name 'talib' is not defined
2026-05-03 15:57:08: [ERROR] Erreur dans handle_socket_message: name 'talib' is not defined
2026-05-03 15:57:09: [ERROR] Erreur dans handle_socket_message: name 'talib' is not defined
2026-05-03 15:57:09: [ERROR] Erreur dans handle_socket_message: name 'talib' is not defined
2026-05-03 15:57:09: [ERROR] Erreur dans handle_socket_message: name 'talib' is not defined
2026-05-03 15:57:09: [ERROR] Erreur dans handle_socket_message: name 'talib' is not defined
2026-05-03 15:57:10: [ERROR] Erreur dans handle_socket_message: name 'talib' is not defined
2026-05-03 15:57:10: [ERROR] Erreur dans handle_socket_message: name 'talib' is not defined
2026-05-03 15:57:10: [ERROR] Erreur dans handle_socket_message: name 'talib' is not defined
2026-05-03 15:57:10: [ERROR] Erreur dans handle_socket_message: name 'talib' is not defined
2026-05-03 15:57:10: [ERROR] Erreur dans handle_socket_message: name 'talib' is not defined
2026-05-03 15:57:10: [ERROR] Erreur dans handle_socket_message: name 'talib' is not defined
2026-05-03 15:57:10: [ERROR] Erreur dans handle_socket_message: name 'talib' is not defined
2026-05-03 15:57:11: [ERROR] Erreur dans handle_socket_message: name 'talib' is not defined
2026-05-03 15:57:11: [ERROR] Erreur dans handle_socket_message: name 'talib' is not defined
2026-05-03 15:57:11: [ERROR] Erreur dans handle_socket_message: name 'talib' is not defined
2026-05-03 15:57:11: [ERROR] Erreur dans handle_socket_message: name 'talib' is not defined
2026-05-03 15:57:11: [ERROR] Erreur dans handle_socket_message: name 'talib' is not defined
2026-05-03 15:57:12: [ERROR] Erreur dans handle_socket_message: name 'talib' is not defined
2026-05-03 15:57:12: [ERROR] Erreur dans handle_socket_message: name 'talib' is not defined
2026-05-03 15:57:12: [ERROR] Erreur dans handle_socket_message: name 'talib' is not defined
2026-05-03 15:57:12: [ERROR] Erreur dans handle_socket_message: name 'talib' is not defined
2026-05-03 15:57:12: [ERROR] Erreur dans handle_socket_message: name 'talib' is not defined
2026-05-03 15:57:12: [ERROR] Erreur dans handle_socket_message: name 'talib' is not defined
2026-05-03 15:57:13: [ERROR] Erreur dans handle_socket_message: name 'talib' is not defined
2026-05-03 15:57:13: [ERROR] Erreur dans handle_socket_message: name 'talib' is not defined
2026-05-03 15:57:13: [ERROR] Erreur dans handle_socket_message: name 'talib' is not defined
2026-05-03 15:57:13: [ERROR] Erreur dans handle_socket_message: name 'talib' is not defined
2026-05-03 15:57:13: [ERROR] Erreur dans handle_socket_message: name 'talib' is not defined
2026-05-03 15:57:14: [ERROR] Erreur dans handle_socket_message: name 'talib' is not defined
2026-05-03 15:57:14: [ERROR] Erreur dans handle_socket_message: name 'talib' is not defined
2026-05-03 15:57:14: [ERROR] Erreur dans handle_socket_message: name 'talib' is not defined
2026-05-03 15:57:14: [ERROR] Erreur dans handle_socket_message: name 'talib' is not defined
2026-05-03 15:57:14: [ERROR] Erreur dans handle_socket_message: name 'talib' is not defined
2026-05-03 15:57:14: [ERROR] Erreur dans handle_socket_message: name 'talib' is not defined
2026-05-03 15:57:15: [ERROR] Erreur dans handle_socket_message: name 'talib' is not defined
2026-05-03 15:57:15: [ERROR] Erreur dans handle_socket_message: name 'talib' is not defined
2026-05-03 15:57:15: [ERROR] Erreur dans handle_socket_message: name 'talib' is not defined
2026-05-03 15:57:15: [ERROR] Erreur dans handle_socket_message: name 'talib' is not defined
2026-05-03 15:57:15: [ERROR] Erreur dans handle_socket_message: name 'talib' is not defined
2026-05-03 15:57:15: [ERROR] Erreur dans handle_socket_message: name 'talib' is not defined
2026-05-03 15:57:16: [ERROR] Erreur dans handle_socket_message: name 'talib' is not defined
2026-05-03 15:57:16: [ERROR] Erreur dans handle_socket_message: name 'talib' is not defined
2026-05-03 15:57:16: [ERROR] Erreur dans handle_socket_message: name 'talib' is not defined
2026-05-03 15:57:16: [ERROR] Erreur dans handle_socket_message: name 'talib' is not defined
2026-05-03 15:57:16: [ERROR] Erreur dans handle_socket_message: name 'talib' is not defined
2026-05-03 15:57:16: [ERROR] Erreur dans handle_socket_message: name 'talib' is not defined
2026-05-03 15:57:17: [ERROR] Erreur dans handle_socket_message: name 'talib' is not defined
2026-05-03 15:57:17: [ERROR] Erreur dans handle_socket_message: name 'talib' is not defined
2026-05-03 15:57:17: [ERROR] Erreur dans handle_socket_message: name 'talib' is not defined
2026-05-03 15:57:17: [ERROR] Erreur dans handle_socket_message: name 'talib' is not defined
2026-05-03 15:57:17: [ERROR] Erreur dans handle_socket_message: name 'talib' is not defined
2026-05-03 15:57:18: [ERROR] Erreur dans handle_socket_message: name 'talib' is not defined
2026-05-03 15:57:18: [ERROR] Erreur dans handle_socket_message: name 'talib' is not defined
2026-05-03 15:57:18: [ERROR] Erreur dans handle_socket_message: name 'talib' is not defined
2026-05-03 15:57:18: [ERROR] Erreur dans handle_socket_message: name 'talib' is not defined
2026-05-03 15:57:18: [ERROR] Erreur dans handle_socket_message: name 'talib' is not defined
2026-05-03 15:57:18: [ERROR] Erreur dans handle_socket_message: name 'talib' is not defined
2026-05-03 15:57:19: [ERROR] Erreur dans handle_socket_message: name 'talib' is not defined
2026-05-03 15:57:19: [ERROR] Erreur dans handle_socket_message: name 'talib' is not defined
2026-05-03 15:57:19: [ERROR] Erreur dans handle_socket_message: name 'talib' is not defined
2026-05-03 15:57:19: [ERROR] Erreur dans handle_socket_message: name 'talib' is not defined
2026-05-03 15:57:19: [ERROR] Erreur dans handle_socket_message: name 'talib' is not defined
2026-05-03 15:57:19: [ERROR] Erreur dans handle_socket_message: name 'talib' is not defined
2026-05-03 15:57:20: [ERROR] Erreur dans handle_socket_message: name 'talib' is not defined
2026-05-03 15:57:20: [ERROR] Erreur dans handle_socket_message: name 'talib' is not defined
2026-05-03 15:57:20: [ERROR] Erreur dans handle_socket_message: name 'talib' is not defined
2026-05-03 15:57:20: [ERROR] Erreur dans handle_socket_message: name 'talib' is not defined
2026-05-03 15:57:20: [ERROR] Erreur dans handle_socket_message: name 'talib' is not defined
2026-05-03 15:57:20: [ERROR] Erreur dans handle_socket_message: name 'talib' is not defined
2026-05-03 15:57:21: [ERROR] Erreur dans handle_socket_message: name 'talib' is not defined
2026-05-03 15:57:21: [ERROR] Erreur dans handle_socket_message: name 'talib' is not defined
2026-05-03 15:57:21: [ERROR] Erreur dans handle_socket_message: name 'talib' is not defined
2026-05-03 15:57:21: [ERROR] Erreur dans handle_socket_message: name 'talib' is not defined
2026-05-03 15:57:21: [ERROR] Erreur dans handle_socket_message: name 'talib' is not defined
2026-05-03 15:57:22: [ERROR] Erreur dans handle_socket_message: name 'talib' is not defined
2026-05-03 15:57:22: [ERROR] Erreur dans handle_socket_message: name 'talib' is not defined
2026-05-03 15:57:22: [ERROR] Erreur dans handle_socket_message: name 'talib' is not defined
2026-05-03 15:57:22: [ERROR] Erreur dans handle_socket_message: name 'talib' is not defined
2026-05-03 15:57:22: [ERROR] Erreur dans handle_socket_message: name 'talib' is not defined
2026-05-03 15:57:23: [ERROR] Erreur dans handle_socket_message: name 'talib' is not defined
2026-05-03 15:57:23: [ERROR] Erreur dans handle_socket_message: name 'talib' is not defined
2026-05-03 15:57:23: [ERROR] Erreur dans handle_socket_message: name 'talib' is not defined
2026-05-03 15:57:23: [ERROR] Erreur dans handle_socket_message: name 'talib' is not defined
2026-05-03 15:57:23: [ERROR] Erreur dans handle_socket_message: name 'talib' is not defined
2026-05-03 15:57:23: [ERROR] Erreur dans handle_socket_message: name 'talib' is not defined
2026-05-03 15:57:24: [ERROR] Erreur dans handle_socket_message: name 'talib' is not defined
2026-05-03 15:57:24: [ERROR] Erreur dans handle_socket_message: name 'talib' is not defined
2026-05-03 15:57:24: [ERROR] Erreur dans handle_socket_message: name 'talib' is not defined
2026-05-03 15:57:24: [ERROR] Erreur dans handle_socket_message: name 'talib' is not defined
2026-05-03 15:57:25: [ERROR] Erreur dans handle_socket_message: name 'talib' is not defined
2026-05-03 15:57:25: [ERROR] Erreur dans handle_socket_message: name 'talib' is not defined
2026-05-03 15:57:25: [ERROR] Erreur dans handle_socket_message: name 'talib' is not defined
2026-05-03 15:57:25: [ERROR] Erreur dans handle_socket_message: name 'talib' is not defined
2026-05-03 15:57:26: [ERROR] Erreur dans handle_socket_message: name 'talib' is not defined
2026-05-03 15:57:26: [ERROR] Erreur dans handle_socket_message: name 'talib' is not defined
2026-05-03 15:57:26: [ERROR] Erreur dans handle_socket_message: name 'talib' is not defined
2026-05-03 15:57:26: [ERROR] Erreur dans handle_socket_message: name 'talib' is not defined
2026-05-03 15:57:27: [ERROR] Erreur dans handle_socket_message: name 'talib' is not defined
2026-05-03 15:57:27: [ERROR] Erreur dans handle_socket_message: name 'talib' is not defined
2026-05-03 15:57:27: [ERROR] Erreur dans handle_socket_message: name 'talib' is not defined
2026-05-03 15:57:27: [ERROR] Erreur dans handle_socket_message: name 'talib' is not defined
2026-05-03 15:57:28: [ERROR] Erreur dans handle_socket_message: name 'talib' is not defined
2026-05-03 15:57:28: [ERROR] Erreur dans handle_socket_message: name 'talib' is not defined
2026-05-03 15:57:28: [ERROR] Erreur dans handle_socket_message: name 'talib' is not defined
2026-05-03 15:57:29: [ERROR] Erreur dans handle_socket_message: name 'talib' is not defined
2026-05-03 15:57:29: [ERROR] Erreur dans handle_socket_message: name 'talib' is not defined
2026-05-03 15:57:29: [ERROR] Erreur dans handle_socket_message: name 'talib' is not defined
2026-05-03 15:57:30: [ERROR] Erreur dans handle_socket_message: name 'talib' is not defined
2026-05-03 15:57:30: [ERROR] Erreur dans handle_socket_message: name 'talib' is not defined
2026-05-03 15:57:30: [ERROR] Erreur dans handle_socket_message: name 'talib' is not defined
2026-05-03 15:57:30: [ERROR] Erreur dans handle_socket_message: name 'talib' is not defined
2026-05-03 15:57:30: [ERROR] Erreur dans handle_socket_message: name 'talib' is not defined
2026-05-03 15:57:31: [ERROR] Erreur dans handle_socket_message: name 'talib' is not defined
2026-05-03 15:57:31: [ERROR] Erreur dans handle_socket_message: name 'talib' is not defined
2026-05-03 15:57:31: [ERROR] Erreur dans handle_socket_message: name 'talib' is not defined
2026-05-03 15:57:31: [ERROR] Erreur dans handle_socket_message: name 'talib' is not defined
2026-05-03 15:57:32: [ERROR] Erreur dans handle_socket_message: name 'talib' is not defined
2026-05-03 15:57:32: [ERROR] Erreur dans handle_socket_message: name 'talib' is not defined
2026-05-03 15:57:32: [ERROR] Échec du WebSocket pour SOLUSDT: sent 1011 (unexpected error) keepalive ping timeout; no close frame received
2026-05-03 15:57:43: [ERROR] Échec du WebSocket pour BTCUSDT: sent 1011 (unexpected error) keepalive ping timeout; no close frame received
2026-05-03 15:57:52: [ERROR] Échec du WebSocket pour ETHUSDT: sent 1011 (unexpected error) keepalive ping timeout; no close frame received
2026-05-03 16:45:57: [ERROR] Erreur achat ETHUSDT: APIError(code=-1021): Timestamp for this request is outside of the recvWindow.
2026-05-03 16:45:57: [ERROR] Erreur achat BTCUSDT: APIError(code=-1021): Timestamp for this request is outside of the recvWindow.
2026-05-03 16:45:59: [ERROR] Erreur achat ETHUSDT: APIError(code=-1021): Timestamp for this request is outside of the recvWindow.
2026-05-03 16:45:59: [ERROR] Erreur achat BTCUSDT: APIError(code=-1021): Timestamp for this request is outside of the recvWindow.
2026-05-03 16:45:59: [ERROR] Erreur achat SOLUSDT: APIError(code=-1021): Timestamp for this request is outside of the recvWindow.
2026-05-03 16:46:00: [ERROR] Erreur achat ETHUSDT: APIError(code=-1021): Timestamp for this request is outside of the recvWindow.
2026-05-03 16:46:00: [ERROR] Erreur achat BTCUSDT: APIError(code=-1021): Timestamp for this request is outside of the recvWindow.
2026-05-03 16:46:00: [ERROR] Erreur achat SOLUSDT: APIError(code=-1021): Timestamp for this request is outside of the recvWindow.
2026-05-03 16:46:01: [ERROR] Erreur achat BTCUSDT: APIError(code=-1021): Timestamp for this request is outside of the recvWindow.
2026-05-03 16:46:01: [ERROR] Erreur achat ETHUSDT: APIError(code=-1021): Timestamp for this request is outside of the recvWindow.
2026-05-03 16:46:01: [ERROR] Erreur achat SOLUSDT: APIError(code=-1021): Timestamp for this request is outside of the recvWindow.
2026-05-03 16:46:02: [ERROR] Erreur achat BTCUSDT: APIError(code=-1021): Timestamp for this request is outside of the recvWindow.
2026-05-03 16:46:02: [ERROR] Erreur achat ETHUSDT: APIError(code=-1021): Timestamp for this request is outside of the recvWindow.
2026-05-03 16:46:02: [ERROR] Erreur achat SOLUSDT: APIError(code=-1021): Timestamp for this request is outside of the recvWindow.
2026-05-03 16:46:03: [ERROR] Erreur achat BTCUSDT: APIError(code=-1021): Timestamp for this request is outside of the recvWindow.
2026-05-03 16:46:03: [ERROR] Erreur achat ETHUSDT: APIError(code=-1021): Timestamp for this request is outside of the recvWindow.
2026-05-03 16:46:03: [ERROR] Erreur achat SOLUSDT: APIError(code=-1021): Timestamp for this request is outside of the recvWindow.
2026-05-03 16:46:04: [ERROR] Erreur achat BTCUSDT: APIError(code=-1021): Timestamp for this request is outside of the recvWindow.
2026-05-03 16:46:04: [ERROR] Erreur achat ETHUSDT: APIError(code=-1021): Timestamp for this request is outside of the recvWindow.
2026-05-03 16:46:04: [ERROR] Erreur achat SOLUSDT: APIError(code=-1021): Timestamp for this request is outside of the recvWindow.
2026-05-03 16:46:05: [ERROR] Erreur achat BTCUSDT: APIError(code=-1021): Timestamp for this request is outside of the recvWindow.
2026-05-03 16:46:05: [ERROR] Erreur achat ETHUSDT: APIError(code=-1021): Timestamp for this request is outside of the recvWindow.
2026-05-03 16:46:05: [ERROR] Erreur achat SOLUSDT: APIError(code=-1021): Timestamp for this request is outside of the recvWindow.
2026-05-03 16:46:06: [ERROR] Erreur achat BTCUSDT: APIError(code=-1021): Timestamp for this request is outside of the recvWindow.
2026-05-03 16:46:06: [ERROR] Erreur achat ETHUSDT: APIError(code=-1021): Timestamp for this request is outside of the recvWindow.
2026-05-03 16:46:06: [ERROR] Erreur achat SOLUSDT: APIError(code=-1021): Timestamp for this request is outside of the recvWindow.
2026-05-03 16:46:07: [ERROR] Erreur achat BTCUSDT: APIError(code=-1021): Timestamp for this request is outside of the recvWindow.
2026-05-03 16:46:07: [ERROR] Erreur achat ETHUSDT: APIError(code=-1021): Timestamp for this request is outside of the recvWindow.
2026-05-03 16:46:07: [ERROR] Erreur achat SOLUSDT: APIError(code=-1021): Timestamp for this request is outside of the recvWindow.
2026-05-03 16:46:08: [ERROR] Erreur achat BTCUSDT: APIError(code=-1021): Timestamp for this request is outside of the recvWindow.
2026-05-03 16:46:08: [ERROR] Erreur achat SOLUSDT: APIError(code=-1021): Timestamp for this request is outside of the recvWindow.
2026-05-03 16:46:08: [ERROR] Erreur achat ETHUSDT: APIError(code=-1021): Timestamp for this request is outside of the recvWindow.
2026-05-03 16:46:09: [ERROR] Erreur achat BTCUSDT: APIError(code=-1021): Timestamp for this request is outside of the recvWindow.
2026-05-03 16:46:09: [ERROR] Erreur achat SOLUSDT: APIError(code=-1021): Timestamp for this request is outside of the recvWindow.
2026-05-03 16:46:09: [ERROR] Erreur achat ETHUSDT: APIError(code=-1021): Timestamp for this request is outside of the recvWindow.
2026-05-03 16:46:10: [ERROR] Erreur achat SOLUSDT: APIError(code=-1021): Timestamp for this request is outside of the recvWindow.
2026-05-03 16:46:10: [ERROR] Erreur achat ETHUSDT: APIError(code=-1021): Timestamp for this request is outside of the recvWindow.
2026-05-03 16:46:10: [ERROR] Erreur achat BTCUSDT: APIError(code=-1021): Timestamp for this request is outside of the recvWindow.
2026-05-03 16:46:11: [ERROR] Erreur achat ETHUSDT: APIError(code=-1021): Timestamp for this request is outside of the recvWindow.
2026-05-03 16:46:11: [ERROR] Erreur achat BTCUSDT: APIError(code=-1021): Timestamp for this request is outside of the recvWindow.
2026-05-03 16:46:12: [ERROR] Erreur achat ETHUSDT: APIError(code=-1021): Timestamp for this request is outside of the recvWindow.
2026-05-03 16:46:12: [ERROR] Erreur achat SOLUSDT: APIError(code=-1021): Timestamp for this request is outside of the recvWindow.
2026-05-03 16:46:12: [ERROR] Erreur achat BTCUSDT: APIError(code=-1021): Timestamp for this request is outside of the recvWindow.
2026-05-03 16:46:13: [ERROR] Erreur achat ETHUSDT: APIError(code=-1021): Timestamp for this request is outside of the recvWindow.
2026-05-03 16:46:13: [ERROR] Erreur achat SOLUSDT: APIError(code=-1021): Timestamp for this request is outside of the recvWindow.
2026-05-03 16:46:13: [ERROR] Erreur achat BTCUSDT: APIError(code=-1021): Timestamp for this request is outside of the recvWindow.
2026-05-03 16:46:14: [ERROR] Erreur achat ETHUSDT: APIError(code=-1021): Timestamp for this request is outside of the recvWindow.
2026-05-03 16:46:14: [ERROR] Erreur achat SOLUSDT: APIError(code=-1021): Timestamp for this request is outside of the recvWindow.
2026-05-03 16:46:14: [ERROR] Erreur achat BTCUSDT: APIError(code=-1021): Timestamp for this request is outside of the recvWindow.
2026-05-03 16:46:15: [ERROR] Erreur achat ETHUSDT: APIError(code=-1021): Timestamp for this request is outside of the recvWindow.
2026-05-03 16:46:15: [ERROR] Erreur achat SOLUSDT: APIError(code=-1021): Timestamp for this request is outside of the recvWindow.
2026-05-03 16:46:15: [ERROR] Erreur achat BTCUSDT: APIError(code=-1021): Timestamp for this request is outside of the recvWindow.
2026-05-03 16:46:16: [ERROR] Erreur achat ETHUSDT: APIError(code=-1021): Timestamp for this request is outside of the recvWindow.
2026-05-03 16:46:16: [ERROR] Erreur achat SOLUSDT: APIError(code=-1021): Timestamp for this request is outside of the recvWindow.
2026-05-03 16:46:16: [ERROR] Erreur achat BTCUSDT: APIError(code=-1021): Timestamp for this request is outside of the recvWindow.
2026-05-03 16:46:17: [ERROR] Erreur achat ETHUSDT: APIError(code=-1021): Timestamp for this request is outside of the recvWindow.
2026-05-03 16:46:17: [ERROR] Erreur achat SOLUSDT: APIError(code=-1021): Timestamp for this request is outside of the recvWindow.
2026-05-03 16:46:17: [ERROR] Erreur achat BTCUSDT: APIError(code=-1021): Timestamp for this request is outside of the recvWindow.
2026-05-03 16:46:18: [ERROR] Erreur achat ETHUSDT: APIError(code=-1021): Timestamp for this request is outside of the recvWindow.
2026-05-03 16:46:18: [ERROR] Erreur achat SOLUSDT: APIError(code=-1021): Timestamp for this request is outside of the recvWindow.
2026-05-03 16:46:18: [ERROR] Erreur achat BTCUSDT: APIError(code=-1021): Timestamp for this request is outside of the recvWindow.
2026-05-03 16:46:19: [ERROR] Erreur achat ETHUSDT: APIError(code=-1021): Timestamp for this request is outside of the recvWindow.
2026-05-03 16:46:19: [ERROR] Erreur achat BTCUSDT: APIError(code=-1021): Timestamp for this request is outside of the recvWindow.
2026-05-03 16:46:20: [ERROR] Erreur achat ETHUSDT: APIError(code=-1021): Timestamp for this request is outside of the recvWindow.
2026-05-03 16:46:20: [ERROR] Erreur achat BTCUSDT: APIError(code=-1021): Timestamp for this request is outside of the recvWindow.
2026-05-03 16:46:20: [ERROR] Erreur achat SOLUSDT: APIError(code=-1021): Timestamp for this request is outside of the recvWindow.
2026-05-03 16:46:21: [ERROR] Erreur achat BTCUSDT: APIError(code=-1021): Timestamp for this request is outside of the recvWindow.
2026-05-03 16:46:21: [ERROR] Erreur achat SOLUSDT: APIError(code=-1021): Timestamp for this request is outside of the recvWindow.
2026-05-03 16:46:22: [ERROR] Erreur achat ETHUSDT: APIError(code=-1021): Timestamp for this request is outside of the recvWindow.
2026-05-03 16:46:22: [ERROR] Erreur achat SOLUSDT: APIError(code=-1021): Timestamp for this request is outside of the recvWindow.
2026-05-03 16:46:23: [ERROR] Erreur achat ETHUSDT: APIError(code=-1021): Timestamp for this request is outside of the recvWindow.
2026-05-03 16:46:23: [ERROR] Erreur achat BTCUSDT: APIError(code=-1021): Timestamp for this request is outside of the recvWindow.
2026-05-03 16:46:23: [ERROR] Erreur achat SOLUSDT: APIError(code=-1021): Timestamp for this request is outside of the recvWindow.
2026-05-03 16:46:24: [ERROR] Erreur achat ETHUSDT: APIError(code=-1021): Timestamp for this request is outside of the recvWindow.
2026-05-03 16:46:24: [ERROR] Erreur achat BTCUSDT: APIError(code=-1021): Timestamp for this request is outside of the recvWindow.
2026-05-03 16:46:24: [ERROR] Erreur achat SOLUSDT: APIError(code=-1021): Timestamp for this request is outside of the recvWindow.
2026-05-03 16:46:25: [ERROR] Erreur achat ETHUSDT: APIError(code=-1021): Timestamp for this request is outside of the recvWindow.
2026-05-03 16:46:25: [ERROR] Erreur achat BTCUSDT: APIError(code=-1021): Timestamp for this request is outside of the recvWindow.
2026-05-03 16:46:26: [ERROR] Erreur achat SOLUSDT: APIError(code=-1021): Timestamp for this request is outside of the recvWindow.
2026-05-03 16:46:26: [ERROR] Erreur achat ETHUSDT: APIError(code=-1021): Timestamp for this request is outside of the recvWindow.
2026-05-03 16:46:26: [ERROR] Erreur achat BTCUSDT: APIError(code=-1021): Timestamp for this request is outside of the recvWindow.
2026-05-03 16:46:27: [ERROR] Erreur achat SOLUSDT: APIError(code=-1021): Timestamp for this request is outside of the recvWindow.
2026-05-03 16:46:27: [ERROR] Erreur achat ETHUSDT: APIError(code=-1021): Timestamp for this request is outside of the recvWindow.
2026-05-03 16:46:27: [ERROR] Erreur achat BTCUSDT: APIError(code=-1021): Timestamp for this request is outside of the recvWindow.
2026-05-03 16:46:28: [ERROR] Erreur achat SOLUSDT: APIError(code=-1021): Timestamp for this request is outside of the recvWindow.
2026-05-03 16:46:28: [ERROR] Erreur achat ETHUSDT: APIError(code=-1021): Timestamp for this request is outside of the recvWindow.
2026-05-03 16:46:28: [ERROR] Erreur achat BTCUSDT: APIError(code=-1021): Timestamp for this request is outside of the recvWindow.
2026-05-03 16:46:29: [ERROR] Erreur achat SOLUSDT: APIError(code=-1021): Timestamp for this request is outside of the recvWindow.
2026-05-03 16:46:29: [ERROR] Erreur achat ETHUSDT: APIError(code=-1021): Timestamp for this request is outside of the recvWindow.
2026-05-03 16:46:29: [ERROR] Erreur achat SOLUSDT: APIError(code=-1021): Timestamp for this request is outside of the recvWindow.
2026-05-03 16:46:30: [ERROR] Erreur achat BTCUSDT: APIError(code=-1021): Timestamp for this request is outside of the recvWindow.
2026-05-03 16:46:30: [ERROR] Erreur achat ETHUSDT: APIError(code=-1021): Timestamp for this request is outside of the recvWindow.
2026-05-03 16:46:30: [ERROR] Erreur achat SOLUSDT: APIError(code=-1021): Timestamp for this request is outside of the recvWindow.
2026-05-03 16:46:31: [ERROR] Erreur achat BTCUSDT: APIError(code=-1021): Timestamp for this request is outside of the recvWindow.
2026-05-03 16:46:31: [ERROR] Erreur achat ETHUSDT: APIError(code=-1021): Timestamp for this request is outside of the recvWindow.
2026-05-03 16:46:32: [ERROR] Erreur achat SOLUSDT: APIError(code=-1021): Timestamp for this request is outside of the recvWindow.
2026-05-03 16:46:32: [ERROR] Erreur achat BTCUSDT: APIError(code=-1021): Timestamp for this request is outside of the recvWindow.
2026-05-03 16:46:32: [ERROR] Erreur achat ETHUSDT: APIError(code=-1021): Timestamp for this request is outside of the recvWindow.
2026-05-03 16:46:33: [ERROR] Erreur achat SOLUSDT: APIError(code=-1021): Timestamp for this request is outside of the recvWindow.
2026-05-03 16:46:33: [ERROR] Erreur achat BTCUSDT: APIError(code=-1021): Timestamp for this request is outside of the recvWindow.
2026-05-03 16:46:33: [ERROR] Erreur achat ETHUSDT: APIError(code=-1021): Timestamp for this request is outside of the recvWindow.
2026-05-03 16:46:34: [ERROR] Erreur achat SOLUSDT: APIError(code=-1021): Timestamp for this request is outside of the recvWindow.
2026-05-03 16:46:34: [ERROR] Erreur achat BTCUSDT: APIError(code=-1021): Timestamp for this request is outside of the recvWindow.
2026-05-03 16:46:34: [ERROR] Erreur achat ETHUSDT: APIError(code=-1021): Timestamp for this request is outside of the recvWindow.
2026-05-03 16:46:35: [ERROR] Erreur achat SOLUSDT: APIError(code=-1021): Timestamp for this request is outside of the recvWindow.
2026-05-03 16:46:35: [ERROR] Erreur achat BTCUSDT: APIError(code=-1021): Timestamp for this request is outside of the recvWindow.
2026-05-03 16:46:35: [ERROR] Erreur achat ETHUSDT: APIError(code=-1021): Timestamp for this request is outside of the recvWindow.
2026-05-03 16:46:36: [ERROR] Erreur achat SOLUSDT: APIError(code=-1021): Timestamp for this request is outside of the recvWindow.
2026-05-03 16:46:36: [ERROR] Erreur achat BTCUSDT: APIError(code=-1021): Timestamp for this request is outside of the recvWindow.
2026-05-03 16:46:36: [ERROR] Erreur achat ETHUSDT: APIError(code=-1021): Timestamp for this request is outside of the recvWindow.
2026-05-03 16:46:37: [ERROR] Erreur achat SOLUSDT: APIError(code=-1021): Timestamp for this request is outside of the recvWindow.
2026-05-03 16:46:37: [ERROR] Erreur achat BTCUSDT: APIError(code=-1021): Timestamp for this request is outside of the recvWindow.
2026-05-03 16:46:37: [ERROR] Erreur achat ETHUSDT: APIError(code=-1021): Timestamp for this request is outside of the recvWindow.
2026-05-03 16:46:38: [ERROR] Erreur achat SOLUSDT: APIError(code=-1021): Timestamp for this request is outside of the recvWindow.
2026-05-03 16:46:38: [ERROR] Erreur achat BTCUSDT: APIError(code=-1021): Timestamp for this request is outside of the recvWindow.
2026-05-03 16:46:38: [ERROR] Erreur achat ETHUSDT: APIError(code=-1021): Timestamp for this request is outside of the recvWindow.
2026-05-03 16:46:39: [ERROR] Erreur achat BTCUSDT: APIError(code=-1021): Timestamp for this request is outside of the recvWindow.
2026-05-03 16:46:39: [ERROR] Erreur achat SOLUSDT: APIError(code=-1021): Timestamp for this request is outside of the recvWindow.
2026-05-03 16:46:39: [ERROR] Erreur achat ETHUSDT: APIError(code=-1021): Timestamp for this request is outside of the recvWindow.
2026-05-03 16:46:40: [ERROR] Erreur achat BTCUSDT: APIError(code=-1021): Timestamp for this request is outside of the recvWindow.
2026-05-03 16:46:41: [ERROR] Erreur achat SOLUSDT: APIError(code=-1021): Timestamp for this request is outside of the recvWindow.
2026-05-03 16:46:41: [ERROR] Erreur achat ETHUSDT: APIError(code=-1021): Timestamp for this request is outside of the recvWindow.
2026-05-03 16:46:41: [ERROR] Erreur achat BTCUSDT: APIError(code=-1021): Timestamp for this request is outside of the recvWindow.
2026-05-03 16:46:42: [ERROR] Erreur achat ETHUSDT: APIError(code=-1021): Timestamp for this request is outside of the recvWindow.
2026-05-03 16:46:42: [ERROR] Erreur achat SOLUSDT: APIError(code=-1021): Timestamp for this request is outside of the recvWindow.
2026-05-03 16:46:42: [ERROR] Erreur achat BTCUSDT: APIError(code=-1021): Timestamp for this request is outside of the recvWindow.
2026-05-03 16:46:43: [ERROR] Erreur achat ETHUSDT: APIError(code=-1021): Timestamp for this request is outside of the recvWindow.
2026-05-03 16:46:43: [ERROR] Erreur achat BTCUSDT: APIError(code=-1021): Timestamp for this request is outside of the recvWindow.
2026-05-03 16:46:44: [ERROR] Erreur achat ETHUSDT: APIError(code=-1021): Timestamp for this request is outside of the recvWindow.
2026-05-03 16:46:44: [ERROR] Erreur achat SOLUSDT: APIError(code=-1021): Timestamp for this request is outside of the recvWindow.
2026-05-03 16:46:44: [ERROR] Erreur achat BTCUSDT: APIError(code=-1021): Timestamp for this request is outside of the recvWindow.
2026-05-03 16:46:45: [ERROR] Erreur achat SOLUSDT: APIError(code=-1021): Timestamp for this request is outside of the recvWindow.
2026-05-03 16:46:45: [ERROR] Erreur achat BTCUSDT: APIError(code=-1021): Timestamp for this request is outside of the recvWindow.
2026-05-03 16:46:45: [ERROR] Erreur achat ETHUSDT: APIError(code=-1021): Timestamp for this request is outside of the recvWindow.
2026-05-03 16:46:46: [ERROR] Erreur achat SOLUSDT: APIError(code=-1021): Timestamp for this request is outside of the recvWindow.
2026-05-03 16:46:46: [ERROR] Erreur achat ETHUSDT: APIError(code=-1021): Timestamp for this request is outside of the recvWindow.
2026-05-03 16:46:46: [ERROR] Erreur achat BTCUSDT: APIError(code=-1021): Timestamp for this request is outside of the recvWindow.
2026-05-03 16:46:47: [ERROR] Erreur achat SOLUSDT: APIError(code=-1021): Timestamp for this request is outside of the recvWindow.
2026-05-03 16:46:47: [ERROR] Erreur achat ETHUSDT: APIError(code=-1021): Timestamp for this request is outside of the recvWindow.
2026-05-03 16:46:47: [ERROR] Erreur achat BTCUSDT: APIError(code=-1021): Timestamp for this request is outside of the recvWindow.
2026-05-03 16:46:48: [ERROR] Erreur achat SOLUSDT: APIError(code=-1021): Timestamp for this request is outside of the recvWindow.
2026-05-03 16:46:48: [ERROR] Erreur achat ETHUSDT: APIError(code=-1021): Timestamp for this request is outside of the recvWindow.
2026-05-03 16:46:48: [ERROR] Erreur achat BTCUSDT: APIError(code=-1021): Timestamp for this request is outside of the recvWindow.
2026-05-03 16:46:49: [ERROR] Erreur achat SOLUSDT: APIError(code=-1021): Timestamp for this request is outside of the recvWindow.
2026-05-03 16:46:49: [ERROR] Erreur achat ETHUSDT: APIError(code=-1021): Timestamp for this request is outside of the recvWindow.
2026-05-03 16:46:49: [ERROR] Erreur achat BTCUSDT: APIError(code=-1021): Timestamp for this request is outside of the recvWindow.
2026-05-03 16:46:50: [ERROR] Erreur achat SOLUSDT: APIError(code=-1021): Timestamp for this request is outside of the recvWindow.
2026-05-03 16:46:50: [ERROR] Erreur achat ETHUSDT: APIError(code=-1021): Timestamp for this request is outside of the recvWindow.
2026-05-03 16:46:50: [ERROR] Erreur achat BTCUSDT: APIError(code=-1021): Timestamp for this request is outside of the recvWindow.
2026-05-03 16:46:51: [ERROR] Erreur achat SOLUSDT: APIError(code=-1021): Timestamp for this request is outside of the recvWindow.
2026-05-03 16:46:51: [ERROR] Erreur achat ETHUSDT: APIError(code=-1021): Timestamp for this request is outside of the recvWindow.
2026-05-03 16:46:51: [ERROR] Erreur achat BTCUSDT: APIError(code=-1021): Timestamp for this request is outside of the recvWindow.
2026-05-03 16:46:52: [ERROR] Erreur achat SOLUSDT: APIError(code=-1021): Timestamp for this request is outside of the recvWindow.
2026-05-03 16:46:52: [ERROR] Erreur achat ETHUSDT: APIError(code=-1021): Timestamp for this request is outside of the recvWindow.
2026-05-03 16:46:52: [ERROR] Erreur achat BTCUSDT: APIError(code=-1021): Timestamp for this request is outside of the recvWindow.
2026-05-03 16:46:53: [ERROR] Erreur achat SOLUSDT: APIError(code=-1021): Timestamp for this request is outside of the recvWindow.
2026-05-03 16:46:53: [ERROR] Erreur achat BTCUSDT: APIError(code=-1021): Timestamp for this request is outside of the recvWindow.
2026-05-03 16:46:53: [ERROR] Erreur achat ETHUSDT: APIError(code=-1021): Timestamp for this request is outside of the recvWindow.
2026-05-03 16:46:54: [ERROR] Erreur achat SOLUSDT: APIError(code=-1021): Timestamp for this request is outside of the recvWindow.
2026-05-03 16:46:54: [ERROR] Erreur achat ETHUSDT: APIError(code=-1021): Timestamp for this request is outside of the recvWindow.
2026-05-03 16:46:55: [ERROR] Erreur achat BTCUSDT: APIError(code=-1021): Timestamp for this request is outside of the recvWindow.
2026-05-03 16:46:55: [ERROR] Erreur achat SOLUSDT: APIError(code=-1021): Timestamp for this request is outside of the recvWindow.
2026-05-03 16:46:55: [ERROR] Erreur achat ETHUSDT: APIError(code=-1021): Timestamp for this request is outside of the recvWindow.
2026-05-03 16:46:56: [ERROR] Erreur achat BTCUSDT: APIError(code=-1021): Timestamp for this request is outside of the recvWindow.
2026-05-03 16:46:56: [ERROR] Erreur achat SOLUSDT: APIError(code=-1021): Timestamp for this request is outside of the recvWindow.
2026-05-03 16:46:56: [ERROR] Erreur achat ETHUSDT: APIError(code=-1021): Timestamp for this request is outside of the recvWindow.
2026-05-03 16:46:57: [ERROR] Erreur achat BTCUSDT: APIError(code=-1021): Timestamp for this request is outside of the recvWindow.
2026-05-03 16:46:57: [ERROR] Erreur achat SOLUSDT: APIError(code=-1021): Timestamp for this request is outside of the recvWindow.
2026-05-03 16:46:58: [ERROR] Erreur achat ETHUSDT: APIError(code=-1021): Timestamp for this request is outside of the recvWindow.
2026-05-03 16:46:58: [ERROR] Erreur achat BTCUSDT: APIError(code=-1021): Timestamp for this request is outside of the recvWindow.
2026-05-03 16:46:58: [ERROR] Erreur achat ETHUSDT: APIError(code=-1021): Timestamp for this request is outside of the recvWindow.
2026-05-03 16:46:59: [ERROR] Erreur achat BTCUSDT: APIError(code=-1021): Timestamp for this request is outside of the recvWindow.
2026-05-03 16:46:59: [ERROR] Erreur achat SOLUSDT: APIError(code=-1021): Timestamp for this request is outside of the recvWindow.
2026-05-03 16:46:59: [ERROR] Erreur achat ETHUSDT: APIError(code=-1021): Timestamp for this request is outside of the recvWindow.
2026-05-03 16:47:00: [ERROR] Erreur achat BTCUSDT: APIError(code=-1021): Timestamp for this request is outside of the recvWindow.
2026-05-03 16:47:00: [ERROR] Erreur achat SOLUSDT: APIError(code=-1021): Timestamp for this request is outside of the recvWindow.
2026-05-03 16:47:00: [ERROR] Erreur achat ETHUSDT: APIError(code=-1021): Timestamp for this request is outside of the recvWindow.
2026-05-03 16:47:01: [ERROR] Erreur achat BTCUSDT: APIError(code=-1021): Timestamp for this request is outside of the recvWindow.
2026-05-03 16:47:01: [ERROR] Erreur achat SOLUSDT: APIError(code=-1021): Timestamp for this request is outside of the recvWindow.
2026-05-03 16:47:02: [ERROR] Erreur achat BTCUSDT: APIError(code=-1021): Timestamp for this request is outside of the recvWindow.
2026-05-03 16:47:02: [ERROR] Erreur achat ETHUSDT: APIError(code=-1021): Timestamp for this request is outside of the recvWindow.
2026-05-03 16:47:02: [ERROR] Erreur achat SOLUSDT: APIError(code=-1021): Timestamp for this request is outside of the recvWindow.
2026-05-03 16:47:03: [ERROR] Erreur achat BTCUSDT: APIError(code=-1021): Timestamp for this request is outside of the recvWindow.
2026-05-03 16:47:03: [ERROR] Erreur achat ETHUSDT: APIError(code=-1021): Timestamp for this request is outside of the recvWindow.
2026-05-03 16:47:04: [ERROR] Erreur achat SOLUSDT: APIError(code=-1021): Timestamp for this request is outside of the recvWindow.
2026-05-03 16:47:04: [ERROR] Erreur achat BTCUSDT: APIError(code=-1021): Timestamp for this request is outside of the recvWindow.
2026-05-03 16:47:04: [ERROR] Erreur achat ETHUSDT: APIError(code=-1021): Timestamp for this request is outside of the recvWindow.
2026-05-03 16:47:05: [ERROR] Erreur achat SOLUSDT: APIError(code=-1021): Timestamp for this request is outside of the recvWindow.
2026-05-03 16:47:05: [ERROR] Erreur achat BTCUSDT: APIError(code=-1021): Timestamp for this request is outside of the recvWindow.
2026-05-03 16:47:05: [ERROR] Erreur achat ETHUSDT: APIError(code=-1021): Timestamp for this request is outside of the recvWindow.
2026-05-03 16:47:06: [ERROR] Erreur achat SOLUSDT: APIError(code=-1021): Timestamp for this request is outside of the recvWindow.
2026-05-03 16:47:06: [ERROR] Erreur achat BTCUSDT: APIError(code=-1021): Timestamp for this request is outside of the recvWindow.
2026-05-03 16:47:06: [ERROR] Erreur achat ETHUSDT: APIError(code=-1021): Timestamp for this request is outside of the recvWindow.
2026-05-03 16:47:07: [ERROR] Erreur achat SOLUSDT: APIError(code=-1021): Timestamp for this request is outside of the recvWindow.
2026-05-03 16:47:07: [ERROR] Erreur achat BTCUSDT: APIError(code=-1021): Timestamp for this request is outside of the recvWindow.
2026-05-03 16:47:07: [ERROR] Erreur achat ETHUSDT: APIError(code=-1021): Timestamp for this request is outside of the recvWindow.
2026-05-03 16:47:08: [ERROR] Erreur achat SOLUSDT: APIError(code=-1021): Timestamp for this request is outside of the recvWindow.
2026-05-03 16:47:08: [ERROR] Erreur achat BTCUSDT: APIError(code=-1021): Timestamp for this request is outside of the recvWindow.
2026-05-03 16:47:08: [ERROR] Erreur achat ETHUSDT: APIError(code=-1021): Timestamp for this request is outside of the recvWindow.
2026-05-03 16:47:09: [ERROR] Erreur achat SOLUSDT: APIError(code=-1021): Timestamp for this request is outside of the recvWindow.
2026-05-03 16:47:09: [ERROR] Erreur achat BTCUSDT: APIError(code=-1021): Timestamp for this request is outside of the recvWindow.
2026-05-03 16:47:09: [ERROR] Erreur achat ETHUSDT: APIError(code=-1021): Timestamp for this request is outside of the recvWindow.
2026-05-03 16:47:10: [ERROR] Erreur achat SOLUSDT: APIError(code=-1021): Timestamp for this request is outside of the recvWindow.
2026-05-03 16:47:10: [ERROR] Erreur achat BTCUSDT: APIError(code=-1021): Timestamp for this request is outside of the recvWindow.
2026-05-03 16:47:10: [ERROR] Erreur achat ETHUSDT: APIError(code=-1021): Timestamp for this request is outside of the recvWindow.
2026-05-03 16:47:11: [ERROR] Erreur achat SOLUSDT: APIError(code=-1021): Timestamp for this request is outside of the recvWindow.
2026-05-03 16:47:11: [ERROR] Erreur achat BTCUSDT: APIError(code=-1021): Timestamp for this request is outside of the recvWindow.
2026-05-03 16:47:11: [ERROR] Erreur achat ETHUSDT: APIError(code=-1021): Timestamp for this request is outside of the recvWindow.
2026-05-03 16:47:12: [ERROR] Erreur achat SOLUSDT: APIError(code=-1021): Timestamp for this request is outside of the recvWindow.
2026-05-03 16:47:12: [ERROR] Erreur achat BTCUSDT: APIError(code=-1021): Timestamp for this request is outside of the recvWindow.
2026-05-03 16:47:12: [ERROR] Erreur achat ETHUSDT: APIError(code=-1021): Timestamp for this request is outside of the recvWindow.
2026-05-03 16:47:13: [ERROR] Erreur achat SOLUSDT: APIError(code=-1021): Timestamp for this request is outside of the recvWindow.
2026-05-03 16:47:13: [ERROR] Erreur achat BTCUSDT: APIError(code=-1021): Timestamp for this request is outside of the recvWindow.
2026-05-03 16:47:13: [ERROR] Erreur achat ETHUSDT: APIError(code=-1021): Timestamp for this request is outside of the recvWindow.
2026-05-03 16:47:14: [ERROR] Erreur achat SOLUSDT: APIError(code=-1021): Timestamp for this request is outside of the recvWindow.
2026-05-03 16:47:14: [ERROR] Erreur achat BTCUSDT: APIError(code=-1021): Timestamp for this request is outside of the recvWindow.
2026-05-03 16:47:14: [ERROR] Erreur achat ETHUSDT: APIError(code=-1021): Timestamp for this request is outside of the recvWindow.
2026-05-03 16:47:15: [ERROR] Erreur achat SOLUSDT: APIError(code=-1021): Timestamp for this request is outside of the recvWindow.
2026-05-03 16:47:15: [ERROR] Erreur achat ETHUSDT: APIError(code=-1021): Timestamp for this request is outside of the recvWindow.
2026-05-03 16:47:15: [ERROR] Erreur achat BTCUSDT: APIError(code=-1021): Timestamp for this request is outside of the recvWindow.
2026-05-03 16:47:16: [ERROR] Erreur achat SOLUSDT: APIError(code=-1021): Timestamp for this request is outside of the recvWindow.
2026-05-03 16:47:16: [ERROR] Erreur achat BTCUSDT: APIError(code=-1021): Timestamp for this request is outside of the recvWindow.
2026-05-03 16:47:16: [ERROR] Erreur achat ETHUSDT: APIError(code=-1021): Timestamp for this request is outside of the recvWindow.
2026-05-03 16:47:17: [ERROR] Erreur achat SOLUSDT: APIError(code=-1021): Timestamp for this request is outside of the recvWindow.
2026-05-03 16:47:17: [ERROR] Erreur achat ETHUSDT: APIError(code=-1021): Timestamp for this request is outside of the recvWindow.
2026-05-03 16:47:17: [ERROR] Erreur achat BTCUSDT: APIError(code=-1021): Timestamp for this request is outside of the recvWindow.
2026-05-03 16:47:18: [ERROR] Erreur achat SOLUSDT: APIError(code=-1021): Timestamp for this request is outside of the recvWindow.
2026-05-03 16:47:18: [ERROR] Erreur achat ETHUSDT: APIError(code=-1021): Timestamp for this request is outside of the recvWindow.
2026-05-03 16:47:18: [ERROR] Erreur achat BTCUSDT: APIError(code=-1021): Timestamp for this request is outside of the recvWindow.
2026-05-03 16:47:19: [ERROR] Erreur achat SOLUSDT: APIError(code=-1021): Timestamp for this request is outside of the recvWindow.
2026-05-03 16:47:19: [ERROR] Erreur achat ETHUSDT: APIError(code=-1021): Timestamp for this request is outside of the recvWindow.
2026-05-03 16:47:19: [ERROR] Erreur achat BTCUSDT: APIError(code=-1021): Timestamp for this request is outside of the recvWindow.
2026-05-03 16:47:20: [ERROR] Erreur achat SOLUSDT: APIError(code=-1021): Timestamp for this request is outside of the recvWindow.
2026-05-03 16:47:20: [ERROR] Erreur achat ETHUSDT: APIError(code=-1021): Timestamp for this request is outside of the recvWindow.
2026-05-03 16:47:20: [ERROR] Erreur achat BTCUSDT: APIError(code=-1021): Timestamp for this request is outside of the recvWindow.
2026-05-03 16:47:20: [ERROR] Erreur achat SOLUSDT: APIError(code=-1021): Timestamp for this request is outside of the recvWindow.
2026-05-03 16:47:21: [ERROR] Erreur achat ETHUSDT: APIError(code=-1021): Timestamp for this request is outside of the recvWindow.
2026-05-03 16:47:21: [ERROR] Erreur achat BTCUSDT: APIError(code=-1021): Timestamp for this request is outside of the recvWindow.
2026-05-03 16:47:21: [ERROR] Erreur achat SOLUSDT: APIError(code=-1021): Timestamp for this request is outside of the recvWindow.
2026-05-03 16:47:22: [ERROR] Erreur achat ETHUSDT: APIError(code=-1021): Timestamp for this request is outside of the recvWindow.
2026-05-03 16:47:22: [ERROR] Erreur achat BTCUSDT: APIError(code=-1021): Timestamp for this request is outside of the recvWindow.
2026-05-03 16:47:22: [ERROR] Erreur achat SOLUSDT: APIError(code=-1021): Timestamp for this request is outside of the recvWindow.
2026-05-03 16:47:23: [ERROR] Erreur achat ETHUSDT: APIError(code=-1021): Timestamp for this request is outside of the recvWindow.
2026-05-03 16:47:23: [ERROR] Erreur achat SOLUSDT: APIError(code=-1021): Timestamp for this request is outside of the recvWindow.
2026-05-03 16:47:24: [ERROR] Erreur achat BTCUSDT: APIError(code=-1021): Timestamp for this request is outside of the recvWindow.
2026-05-03 16:47:24: [ERROR] Erreur achat ETHUSDT: APIError(code=-1021): Timestamp for this request is outside of the recvWindow.
2026-05-03 16:47:24: [ERROR] Erreur achat SOLUSDT: APIError(code=-1021): Timestamp for this request is outside of the recvWindow.
2026-05-03 16:47:25: [ERROR] Erreur achat BTCUSDT: APIError(code=-1021): Timestamp for this request is outside of the recvWindow.
2026-05-03 16:47:25: [ERROR] Erreur achat ETHUSDT: APIError(code=-1021): Timestamp for this request is outside of the recvWindow.
2026-05-03 16:47:25: [ERROR] Erreur achat SOLUSDT: APIError(code=-1021): Timestamp for this request is outside of the recvWindow.
2026-05-03 16:47:26: [ERROR] Erreur achat BTCUSDT: APIError(code=-1021): Timestamp for this request is outside of the recvWindow.
2026-05-03 16:47:26: [ERROR] Erreur achat ETHUSDT: APIError(code=-1021): Timestamp for this request is outside of the recvWindow.
2026-05-03 16:47:26: [ERROR] Erreur achat SOLUSDT: APIError(code=-1021): Timestamp for this request is outside of the recvWindow.
2026-05-03 16:47:27: [ERROR] Erreur achat BTCUSDT: APIError(code=-1021): Timestamp for this request is outside of the recvWindow.
2026-05-03 16:47:27: [ERROR] Erreur achat ETHUSDT: APIError(code=-1021): Timestamp for this request is outside of the recvWindow.
2026-05-03 16:47:27: [ERROR] Erreur achat SOLUSDT: APIError(code=-1021): Timestamp for this request is outside of the recvWindow.
2026-05-03 16:47:28: [ERROR] Erreur achat BTCUSDT: APIError(code=-1021): Timestamp for this request is outside of the recvWindow.
2026-05-03 16:47:28: [ERROR] Erreur achat ETHUSDT: APIError(code=-1021): Timestamp for this request is outside of the recvWindow.
2026-05-03 16:47:28: [ERROR] Erreur achat SOLUSDT: APIError(code=-1021): Timestamp for this request is outside of the recvWindow.
2026-05-03 16:47:29: [ERROR] Erreur achat BTCUSDT: APIError(code=-1021): Timestamp for this request is outside of the recvWindow.
2026-05-03 16:47:29: [ERROR] Erreur achat ETHUSDT: APIError(code=-1021): Timestamp for this request is outside of the recvWindow.
2026-05-03 16:47:29: [ERROR] Erreur achat SOLUSDT: APIError(code=-1021): Timestamp for this request is outside of the recvWindow.
2026-05-03 16:47:30: [ERROR] Erreur achat ETHUSDT: APIError(code=-1021): Timestamp for this request is outside of the recvWindow.
2026-05-03 16:47:30: [ERROR] Erreur achat BTCUSDT: APIError(code=-1021): Timestamp for this request is outside of the recvWindow.
2026-05-03 16:47:30: [ERROR] Erreur achat SOLUSDT: APIError(code=-1021): Timestamp for this request is outside of the recvWindow.
2026-05-03 16:47:31: [ERROR] Erreur achat ETHUSDT: APIError(code=-1021): Timestamp for this request is outside of the recvWindow.
2026-05-03 16:47:31: [ERROR] Erreur achat BTCUSDT: APIError(code=-1021): Timestamp for this request is outside of the recvWindow.
2026-05-03 16:47:31: [ERROR] Erreur achat SOLUSDT: APIError(code=-1021): Timestamp for this request is outside of the recvWindow.
2026-05-03 16:47:32: [ERROR] Erreur achat ETHUSDT: APIError(code=-1021): Timestamp for this request is outside of the recvWindow.
2026-05-03 16:47:32: [ERROR] Erreur achat BTCUSDT: APIError(code=-1021): Timestamp for this request is outside of the recvWindow.
2026-05-03 16:47:32: [ERROR] Erreur achat SOLUSDT: APIError(code=-1021): Timestamp for this request is outside of the recvWindow.
2026-05-03 16:47:33: [ERROR] Erreur achat ETHUSDT: APIError(code=-1021): Timestamp for this request is outside of the recvWindow.
2026-05-03 16:47:33: [ERROR] Erreur achat BTCUSDT: APIError(code=-1021): Timestamp for this request is outside of the recvWindow.
2026-05-03 16:47:33: [ERROR] Erreur achat SOLUSDT: APIError(code=-1021): Timestamp for this request is outside of the recvWindow.
2026-05-03 16:47:34: [ERROR] Erreur achat ETHUSDT: APIError(code=-1021): Timestamp for this request is outside of the recvWindow.
2026-05-03 16:47:34: [ERROR] Erreur achat BTCUSDT: APIError(code=-1021): Timestamp for this request is outside of the recvWindow.
2026-05-03 16:47:34: [ERROR] Erreur achat SOLUSDT: APIError(code=-1021): Timestamp for this request is outside of the recvWindow.
2026-05-03 16:47:34: [ERROR] Échec du WebSocket pour SOLUSDT: sent 1011 (unexpected error) keepalive ping timeout; no close frame received
2026-05-03 16:47:35: [ERROR] Erreur achat ETHUSDT: APIError(code=-1021): Timestamp for this request is outside of the recvWindow.
2026-05-03 16:47:35: [ERROR] Erreur achat BTCUSDT: APIError(code=-1021): Timestamp for this request is outside of the recvWindow.
2026-05-03 16:47:36: [ERROR] Erreur achat ETHUSDT: APIError(code=-1021): Timestamp for this request is outside of the recvWindow.
2026-05-03 16:47:36: [ERROR] Erreur achat BTCUSDT: APIError(code=-1021): Timestamp for this request is outside of the recvWindow.
2026-05-03 16:47:37: [ERROR] Erreur achat ETHUSDT: APIError(code=-1021): Timestamp for this request is outside of the recvWindow.
2026-05-03 16:47:37: [ERROR] Erreur achat BTCUSDT: APIError(code=-1021): Timestamp for this request is outside of the recvWindow.
2026-05-03 16:47:38: [ERROR] Erreur achat ETHUSDT: APIError(code=-1021): Timestamp for this request is outside of the recvWindow.
2026-05-03 16:47:39: [ERROR] Erreur achat BTCUSDT: APIError(code=-1021): Timestamp for this request is outside of the recvWindow.
2026-05-03 16:47:39: [ERROR] Erreur achat ETHUSDT: APIError(code=-1021): Timestamp for this request is outside of the recvWindow.
2026-05-03 16:47:40: [ERROR] Erreur achat BTCUSDT: APIError(code=-1021): Timestamp for this request is outside of the recvWindow.
2026-05-03 16:47:40: [ERROR] Erreur achat ETHUSDT: APIError(code=-1021): Timestamp for this request is outside of the recvWindow.
2026-05-03 16:47:41: [ERROR] Erreur achat ETHUSDT: APIError(code=-1021): Timestamp for this request is outside of the recvWindow.
2026-05-03 16:47:42: [ERROR] Erreur achat BTCUSDT: APIError(code=-1021): Timestamp for this request is outside of the recvWindow.
2026-05-03 16:47:42: [ERROR] Erreur achat ETHUSDT: APIError(code=-1021): Timestamp for this request is outside of the recvWindow.
2026-05-03 16:47:43: [ERROR] Erreur achat BTCUSDT: APIError(code=-1021): Timestamp for this request is outside of the recvWindow.
2026-05-03 16:47:43: [ERROR] Erreur achat ETHUSDT: APIError(code=-1021): Timestamp for this request is outside of the recvWindow.
2026-05-03 16:47:44: [ERROR] Erreur achat BTCUSDT: APIError(code=-1021): Timestamp for this request is outside of the recvWindow.
2026-05-03 16:47:44: [ERROR] Erreur achat ETHUSDT: APIError(code=-1021): Timestamp for this request is outside of the recvWindow.
2026-05-03 16:47:45: [ERROR] Erreur achat BTCUSDT: APIError(code=-1021): Timestamp for this request is outside of the recvWindow.
2026-05-03 16:47:46: [ERROR] Erreur achat ETHUSDT: APIError(code=-1021): Timestamp for this request is outside of the recvWindow.
2026-05-03 16:47:47: [ERROR] Erreur achat ETHUSDT: APIError(code=-1021): Timestamp for this request is outside of the recvWindow.
2026-05-03 16:47:47: [ERROR] Erreur achat BTCUSDT: APIError(code=-1021): Timestamp for this request is outside of the recvWindow.
2026-05-03 16:47:48: [ERROR] Erreur achat ETHUSDT: APIError(code=-1021): Timestamp for this request is outside of the recvWindow.
2026-05-03 16:47:48: [ERROR] Erreur achat BTCUSDT: APIError(code=-1021): Timestamp for this request is outside of the recvWindow.
2026-05-03 16:47:49: [ERROR] Erreur achat BTCUSDT: APIError(code=-1021): Timestamp for this request is outside of the recvWindow.
2026-05-03 16:47:50: [ERROR] Erreur achat BTCUSDT: APIError(code=-1021): Timestamp for this request is outside of the recvWindow.
2026-05-03 16:47:51: [ERROR] Erreur achat BTCUSDT: APIError(code=-1021): Timestamp for this request is outside of the recvWindow.
2026-05-03 16:48:08: [ERROR] Échec du WebSocket pour ETHUSDT: sent 1011 (unexpected error) keepalive ping timeout; no close frame received
2026-05-03 16:48:11: [ERROR] Échec du WebSocket pour BTCUSDT: sent 1011 (unexpected error) keepalive ping timeout; no close frame received
2026-05-03 16:50:34: [ERROR] Erreur achat ETHUSDT: APIError(code=-1021): Timestamp for this request is outside of the recvWindow.
2026-05-03 16:50:34: [ERROR] Erreur achat SOLUSDT: APIError(code=-1021): Timestamp for this request is outside of the recvWindow.
2026-05-03 16:50:34: [ERROR] Erreur achat BTCUSDT: APIError(code=-1021): Timestamp for this request is outside of the recvWindow.
2026-05-03 16:50:35: [ERROR] Erreur achat ETHUSDT: APIError(code=-1021): Timestamp for this request is outside of the recvWindow.
2026-05-03 16:50:35: [ERROR] Erreur achat SOLUSDT: APIError(code=-1021): Timestamp for this request is outside of the recvWindow.
2026-05-03 16:50:35: [ERROR] Erreur achat BTCUSDT: APIError(code=-1021): Timestamp for this request is outside of the recvWindow.
2026-05-03 16:50:36: [ERROR] Erreur achat ETHUSDT: APIError(code=-1021): Timestamp for this request is outside of the recvWindow.
2026-05-03 16:50:36: [ERROR] Erreur achat SOLUSDT: APIError(code=-1021): Timestamp for this request is outside of the recvWindow.
2026-05-03 16:50:36: [ERROR] Erreur achat BTCUSDT: APIError(code=-1021): Timestamp for this request is outside of the recvWindow.
2026-05-03 16:50:37: [ERROR] Erreur achat ETHUSDT: APIError(code=-1021): Timestamp for this request is outside of the recvWindow.
2026-05-03 16:50:37: [ERROR] Erreur achat SOLUSDT: APIError(code=-1021): Timestamp for this request is outside of the recvWindow.
2026-05-03 16:50:37: [ERROR] Erreur achat BTCUSDT: APIError(code=-1021): Timestamp for this request is outside of the recvWindow.
2026-05-03 16:50:38: [ERROR] Erreur achat ETHUSDT: APIError(code=-1021): Timestamp for this request is outside of the recvWindow.
2026-05-03 16:50:38: [ERROR] Erreur achat SOLUSDT: APIError(code=-1021): Timestamp for this request is outside of the recvWindow.
2026-05-03 16:50:38: [ERROR] Erreur achat BTCUSDT: APIError(code=-1021): Timestamp for this request is outside of the recvWindow.
2026-05-03 16:50:39: [ERROR] Erreur achat ETHUSDT: APIError(code=-1021): Timestamp for this request is outside of the recvWindow.
2026-05-03 16:50:39: [ERROR] Erreur achat SOLUSDT: APIError(code=-1021): Timestamp for this request is outside of the recvWindow.
2026-05-03 16:50:39: [ERROR] Erreur achat BTCUSDT: APIError(code=-1021): Timestamp for this request is outside of the recvWindow.
2026-05-03 16:50:40: [ERROR] Erreur achat ETHUSDT: APIError(code=-1021): Timestamp for this request is outside of the recvWindow.
2026-05-03 16:50:40: [ERROR] Erreur achat SOLUSDT: APIError(code=-1021): Timestamp for this request is outside of the recvWindow.
2026-05-03 16:50:40: [ERROR] Erreur achat BTCUSDT: APIError(code=-1021): Timestamp for this request is outside of the recvWindow.
2026-05-03 16:50:41: [ERROR] Erreur achat ETHUSDT: APIError(code=-1021): Timestamp for this request is outside of the recvWindow.
2026-05-03 16:50:41: [ERROR] Erreur achat SOLUSDT: APIError(code=-1021): Timestamp for this request is outside of the recvWindow.
2026-05-03 16:50:41: [ERROR] Erreur achat BTCUSDT: APIError(code=-1021): Timestamp for this request is outside of the recvWindow.
2026-05-03 16:50:42: [ERROR] Erreur achat ETHUSDT: APIError(code=-1021): Timestamp for this request is outside of the recvWindow.
2026-05-03 16:50:42: [ERROR] Erreur achat SOLUSDT: APIError(code=-1021): Timestamp for this request is outside of the recvWindow.
2026-05-03 16:50:42: [ERROR] Erreur achat BTCUSDT: APIError(code=-1021): Timestamp for this request is outside of the recvWindow.
2026-05-03 16:50:43: [ERROR] Erreur achat ETHUSDT: APIError(code=-1021): Timestamp for this request is outside of the recvWindow.
2026-05-03 16:50:43: [ERROR] Erreur achat SOLUSDT: APIError(code=-1021): Timestamp for this request is outside of the recvWindow.
2026-05-03 16:50:43: [ERROR] Erreur achat BTCUSDT: APIError(code=-1021): Timestamp for this request is outside of the recvWindow.
2026-05-03 16:50:44: [ERROR] Erreur achat ETHUSDT: APIError(code=-1021): Timestamp for this request is outside of the recvWindow.
2026-05-03 16:50:44: [ERROR] Erreur achat SOLUSDT: APIError(code=-1021): Timestamp for this request is outside of the recvWindow.
2026-05-03 16:50:44: [ERROR] Erreur achat BTCUSDT: APIError(code=-1021): Timestamp for this request is outside of the recvWindow.
2026-05-03 16:50:45: [ERROR] Erreur achat ETHUSDT: APIError(code=-1021): Timestamp for this request is outside of the recvWindow.
2026-05-03 16:50:45: [ERROR] Erreur achat SOLUSDT: APIError(code=-1021): Timestamp for this request is outside of the recvWindow.
2026-05-03 16:50:45: [ERROR] Erreur achat BTCUSDT: APIError(code=-1021): Timestamp for this request is outside of the recvWindow.
2026-05-03 16:50:46: [ERROR] Erreur achat ETHUSDT: APIError(code=-1021): Timestamp for this request is outside of the recvWindow.
2026-05-03 16:50:46: [ERROR] Erreur achat SOLUSDT: APIError(code=-1021): Timestamp for this request is outside of the recvWindow.
2026-05-03 16:50:46: [ERROR] Erreur achat BTCUSDT: APIError(code=-1021): Timestamp for this request is outside of the recvWindow.
2026-05-03 16:50:47: [ERROR] Erreur achat ETHUSDT: APIError(code=-1021): Timestamp for this request is outside of the recvWindow.
2026-05-03 16:50:47: [ERROR] Erreur achat SOLUSDT: APIError(code=-1021): Timestamp for this request is outside of the recvWindow.
2026-05-03 16:50:47: [ERROR] Erreur achat BTCUSDT: APIError(code=-1021): Timestamp for this request is outside of the recvWindow.
2026-05-03 16:50:48: [ERROR] Erreur achat ETHUSDT: APIError(code=-1021): Timestamp for this request is outside of the recvWindow.
2026-05-03 16:50:48: [ERROR] Erreur achat SOLUSDT: APIError(code=-1021): Timestamp for this request is outside of the recvWindow.
2026-05-03 16:50:48: [ERROR] Erreur achat BTCUSDT: APIError(code=-1021): Timestamp for this request is outside of the recvWindow.
2026-05-03 16:50:49: [ERROR] Erreur achat ETHUSDT: APIError(code=-1021): Timestamp for this request is outside of the recvWindow.
2026-05-03 16:50:49: [ERROR] Erreur achat SOLUSDT: APIError(code=-1021): Timestamp for this request is outside of the recvWindow.
2026-05-03 16:50:50: [ERROR] Erreur achat BTCUSDT: APIError(code=-1021): Timestamp for this request is outside of the recvWindow.
2026-05-03 16:50:50: [ERROR] Erreur achat SOLUSDT: APIError(code=-1021): Timestamp for this request is outside of the recvWindow.
2026-05-03 16:50:50: [ERROR] Erreur achat ETHUSDT: APIError(code=-1021): Timestamp for this request is outside of the recvWindow.
2026-05-03 16:50:51: [ERROR] Erreur achat BTCUSDT: APIError(code=-1021): Timestamp for this request is outside of the recvWindow.
2026-05-03 16:50:51: [ERROR] Erreur achat SOLUSDT: APIError(code=-1021): Timestamp for this request is outside of the recvWindow.
2026-05-03 16:50:51: [ERROR] Erreur achat ETHUSDT: APIError(code=-1021): Timestamp for this request is outside of the recvWindow.
2026-05-03 16:50:52: [ERROR] Erreur achat BTCUSDT: APIError(code=-1021): Timestamp for this request is outside of the recvWindow.
2026-05-03 16:50:52: [ERROR] Erreur achat SOLUSDT: APIError(code=-1021): Timestamp for this request is outside of the recvWindow.
2026-05-03 16:50:52: [ERROR] Erreur achat ETHUSDT: APIError(code=-1021): Timestamp for this request is outside of the recvWindow.
2026-05-03 16:50:53: [ERROR] Erreur achat BTCUSDT: APIError(code=-1021): Timestamp for this request is outside of the recvWindow.
2026-05-03 16:50:53: [ERROR] Erreur achat SOLUSDT: APIError(code=-1021): Timestamp for this request is outside of the recvWindow.
2026-05-03 16:50:53: [ERROR] Erreur achat ETHUSDT: APIError(code=-1021): Timestamp for this request is outside of the recvWindow.
2026-05-03 16:50:54: [ERROR] Erreur achat BTCUSDT: APIError(code=-1021): Timestamp for this request is outside of the recvWindow.
2026-05-03 16:50:54: [ERROR] Erreur achat SOLUSDT: APIError(code=-1021): Timestamp for this request is outside of the recvWindow.
2026-05-03 16:50:54: [ERROR] Erreur achat ETHUSDT: APIError(code=-1021): Timestamp for this request is outside of the recvWindow.
2026-05-03 16:50:55: [ERROR] Erreur achat BTCUSDT: APIError(code=-1021): Timestamp for this request is outside of the recvWindow.
2026-05-03 16:50:55: [ERROR] Erreur achat SOLUSDT: APIError(code=-1021): Timestamp for this request is outside of the recvWindow.
2026-05-03 16:50:55: [ERROR] Erreur achat ETHUSDT: APIError(code=-1021): Timestamp for this request is outside of the recvWindow.
2026-05-03 16:50:56: [ERROR] Erreur achat BTCUSDT: APIError(code=-1021): Timestamp for this request is outside of the recvWindow.
2026-05-03 16:50:56: [ERROR] Erreur achat SOLUSDT: APIError(code=-1021): Timestamp for this request is outside of the recvWindow.
2026-05-03 16:50:56: [ERROR] Erreur achat ETHUSDT: APIError(code=-1021): Timestamp for this request is outside of the recvWindow.
2026-05-03 16:50:57: [ERROR] Erreur achat BTCUSDT: APIError(code=-1021): Timestamp for this request is outside of the recvWindow.
2026-05-03 16:50:57: [ERROR] Erreur achat SOLUSDT: APIError(code=-1021): Timestamp for this request is outside of the recvWindow.
2026-05-03 16:50:57: [ERROR] Erreur achat ETHUSDT: APIError(code=-1021): Timestamp for this request is outside of the recvWindow.
2026-05-03 16:50:58: [ERROR] Erreur achat BTCUSDT: APIError(code=-1021): Timestamp for this request is outside of the recvWindow.
2026-05-03 16:50:58: [ERROR] Erreur achat SOLUSDT: APIError(code=-1021): Timestamp for this request is outside of the recvWindow.
2026-05-03 16:50:58: [ERROR] Erreur achat ETHUSDT: APIError(code=-1021): Timestamp for this request is outside of the recvWindow.
2026-05-03 16:50:59: [ERROR] Erreur achat BTCUSDT: APIError(code=-1021): Timestamp for this request is outside of the recvWindow.
2026-05-03 16:50:59: [ERROR] Erreur achat SOLUSDT: APIError(code=-1021): Timestamp for this request is outside of the recvWindow.
2026-05-03 16:50:59: [ERROR] Erreur achat ETHUSDT: APIError(code=-1021): Timestamp for this request is outside of the recvWindow.
2026-05-03 16:51:00: [ERROR] Erreur achat BTCUSDT: APIError(code=-1021): Timestamp for this request is outside of the recvWindow.
2026-05-03 16:51:00: [ERROR] Erreur achat SOLUSDT: APIError(code=-1021): Timestamp for this request is outside of the recvWindow.
2026-05-03 16:51:00: [ERROR] Erreur achat ETHUSDT: APIError(code=-1021): Timestamp for this request is outside of the recvWindow.
2026-05-03 16:51:01: [ERROR] Erreur achat BTCUSDT: APIError(code=-1021): Timestamp for this request is outside of the recvWindow.
2026-05-03 16:51:01: [ERROR] Erreur achat SOLUSDT: APIError(code=-1021): Timestamp for this request is outside of the recvWindow.
2026-05-03 16:51:01: [ERROR] Erreur achat ETHUSDT: APIError(code=-1021): Timestamp for this request is outside of the recvWindow.
2026-05-03 16:51:02: [ERROR] Erreur achat BTCUSDT: APIError(code=-1021): Timestamp for this request is outside of the recvWindow.
2026-05-03 16:51:02: [ERROR] Erreur achat SOLUSDT: APIError(code=-1021): Timestamp for this request is outside of the recvWindow.
2026-05-03 16:51:02: [ERROR] Erreur achat ETHUSDT: APIError(code=-1021): Timestamp for this request is outside of the recvWindow.
2026-05-03 16:51:03: [ERROR] Erreur achat BTCUSDT: APIError(code=-1021): Timestamp for this request is outside of the recvWindow.
2026-05-03 16:51:03: [ERROR] Erreur achat SOLUSDT: APIError(code=-1021): Timestamp for this request is outside of the recvWindow.
2026-05-03 16:51:03: [ERROR] Erreur achat ETHUSDT: APIError(code=-1021): Timestamp for this request is outside of the recvWindow.
2026-05-03 16:51:04: [ERROR] Erreur achat BTCUSDT: APIError(code=-1021): Timestamp for this request is outside of the recvWindow.
2026-05-03 16:51:04: [ERROR] Erreur achat SOLUSDT: APIError(code=-1021): Timestamp for this request is outside of the recvWindow.
2026-05-03 16:51:04: [ERROR] Erreur achat ETHUSDT: APIError(code=-1021): Timestamp for this request is outside of the recvWindow.
2026-05-03 16:51:05: [ERROR] Erreur achat BTCUSDT: APIError(code=-1021): Timestamp for this request is outside of the recvWindow.
2026-05-03 16:51:05: [ERROR] Erreur achat SOLUSDT: APIError(code=-1021): Timestamp for this request is outside of the recvWindow.
2026-05-03 16:51:05: [ERROR] Erreur achat ETHUSDT: APIError(code=-1021): Timestamp for this request is outside of the recvWindow.
2026-05-03 16:51:06: [ERROR] Erreur achat SOLUSDT: APIError(code=-1021): Timestamp for this request is outside of the recvWindow.
2026-05-03 16:51:06: [ERROR] Erreur achat BTCUSDT: APIError(code=-1021): Timestamp for this request is outside of the recvWindow.
2026-05-03 16:51:06: [ERROR] Erreur achat ETHUSDT: APIError(code=-1021): Timestamp for this request is outside of the recvWindow.
2026-05-03 16:51:07: [ERROR] Erreur achat SOLUSDT: APIError(code=-1021): Timestamp for this request is outside of the recvWindow.
2026-05-03 16:51:07: [ERROR] Erreur achat BTCUSDT: APIError(code=-1021): Timestamp for this request is outside of the recvWindow.
2026-05-03 16:51:07: [ERROR] Erreur achat ETHUSDT: APIError(code=-1021): Timestamp for this request is outside of the recvWindow.
2026-05-03 16:51:08: [ERROR] Erreur achat SOLUSDT: APIError(code=-1021): Timestamp for this request is outside of the recvWindow.
2026-05-03 16:51:08: [ERROR] Erreur achat BTCUSDT: APIError(code=-1021): Timestamp for this request is outside of the recvWindow.
2026-05-03 16:51:08: [ERROR] Erreur achat ETHUSDT: APIError(code=-1021): Timestamp for this request is outside of the recvWindow.
2026-05-03 16:51:09: [ERROR] Erreur achat SOLUSDT: APIError(code=-1021): Timestamp for this request is outside of the recvWindow.
2026-05-03 16:51:09: [ERROR] Erreur achat BTCUSDT: APIError(code=-1021): Timestamp for this request is outside of the recvWindow.
2026-05-03 16:51:09: [ERROR] Erreur achat ETHUSDT: APIError(code=-1021): Timestamp for this request is outside of the recvWindow.
2026-05-03 16:51:10: [ERROR] Erreur achat SOLUSDT: APIError(code=-1021): Timestamp for this request is outside of the recvWindow.
2026-05-03 16:51:10: [ERROR] Erreur achat BTCUSDT: APIError(code=-1021): Timestamp for this request is outside of the recvWindow.
2026-05-03 16:51:10: [ERROR] Erreur achat ETHUSDT: APIError(code=-1021): Timestamp for this request is outside of the recvWindow.
2026-05-03 16:51:11: [ERROR] Erreur achat SOLUSDT: APIError(code=-1021): Timestamp for this request is outside of the recvWindow.
2026-05-03 16:51:11: [ERROR] Erreur achat BTCUSDT: APIError(code=-1021): Timestamp for this request is outside of the recvWindow.
2026-05-03 16:51:11: [ERROR] Erreur achat ETHUSDT: APIError(code=-1021): Timestamp for this request is outside of the recvWindow.
2026-05-03 16:51:12: [ERROR] Erreur achat BTCUSDT: APIError(code=-1021): Timestamp for this request is outside of the recvWindow.
2026-05-03 16:51:12: [ERROR] Erreur achat ETHUSDT: APIError(code=-1021): Timestamp for this request is outside of the recvWindow.
2026-05-03 16:51:13: [ERROR] Erreur achat SOLUSDT: APIError(code=-1021): Timestamp for this request is outside of the recvWindow.
2026-05-03 16:51:13: [ERROR] Erreur achat BTCUSDT: APIError(code=-1021): Timestamp for this request is outside of the recvWindow.
2026-05-03 16:51:13: [ERROR] Erreur achat ETHUSDT: APIError(code=-1021): Timestamp for this request is outside of the recvWindow.
2026-05-03 16:51:14: [ERROR] Erreur achat SOLUSDT: APIError(code=-1021): Timestamp for this request is outside of the recvWindow.
2026-05-03 16:51:14: [ERROR] Erreur achat BTCUSDT: APIError(code=-1021): Timestamp for this request is outside of the recvWindow.
2026-05-03 16:51:14: [ERROR] Erreur achat ETHUSDT: APIError(code=-1021): Timestamp for this request is outside of the recvWindow.
2026-05-03 16:51:15: [ERROR] Erreur achat SOLUSDT: APIError(code=-1021): Timestamp for this request is outside of the recvWindow.
2026-05-03 16:51:15: [ERROR] Erreur achat BTCUSDT: APIError(code=-1021): Timestamp for this request is outside of the recvWindow.
2026-05-03 16:51:15: [ERROR] Erreur achat ETHUSDT: APIError(code=-1021): Timestamp for this request is outside of the recvWindow.
2026-05-03 16:51:16: [ERROR] Erreur achat SOLUSDT: APIError(code=-1021): Timestamp for this request is outside of the recvWindow.
2026-05-03 16:51:16: [ERROR] Erreur achat BTCUSDT: APIError(code=-1021): Timestamp for this request is outside of the recvWindow.
2026-05-03 16:51:16: [ERROR] Erreur achat ETHUSDT: APIError(code=-1021): Timestamp for this request is outside of the recvWindow.
2026-05-03 16:51:17: [ERROR] Erreur achat SOLUSDT: APIError(code=-1021): Timestamp for this request is outside of the recvWindow.
2026-05-03 16:51:18: [ERROR] Erreur achat ETHUSDT: APIError(code=-1021): Timestamp for this request is outside of the recvWindow.
2026-05-03 16:51:18: [ERROR] Erreur achat BTCUSDT: APIError(code=-1021): Timestamp for this request is outside of the recvWindow.
2026-05-03 16:51:18: [ERROR] Erreur achat SOLUSDT: APIError(code=-1021): Timestamp for this request is outside of the recvWindow.
2026-05-03 16:51:19: [ERROR] Erreur achat ETHUSDT: APIError(code=-1021): Timestamp for this request is outside of the recvWindow.
2026-05-03 16:51:19: [ERROR] Erreur achat BTCUSDT: APIError(code=-1021): Timestamp for this request is outside of the recvWindow.
2026-05-03 16:51:19: [ERROR] Erreur achat SOLUSDT: APIError(code=-1021): Timestamp for this request is outside of the recvWindow.
2026-05-03 16:51:20: [ERROR] Erreur achat ETHUSDT: APIError(code=-1021): Timestamp for this request is outside of the recvWindow.
2026-05-03 16:51:20: [ERROR] Erreur achat BTCUSDT: APIError(code=-1021): Timestamp for this request is outside of the recvWindow.
2026-05-03 16:51:20: [ERROR] Erreur achat SOLUSDT: APIError(code=-1021): Timestamp for this request is outside of the recvWindow.
2026-05-03 16:51:21: [ERROR] Erreur achat ETHUSDT: APIError(code=-1021): Timestamp for this request is outside of the recvWindow.
2026-05-03 16:51:21: [ERROR] Erreur achat BTCUSDT: APIError(code=-1021): Timestamp for this request is outside of the recvWindow.
2026-05-03 16:51:21: [ERROR] Erreur achat SOLUSDT: APIError(code=-1021): Timestamp for this request is outside of the recvWindow.
2026-05-03 16:51:22: [ERROR] Erreur achat ETHUSDT: APIError(code=-1021): Timestamp for this request is outside of the recvWindow.
2026-05-03 16:51:22: [ERROR] Erreur achat SOLUSDT: APIError(code=-1021): Timestamp for this request is outside of the recvWindow.
2026-05-03 16:51:22: [ERROR] Erreur achat BTCUSDT: APIError(code=-1021): Timestamp for this request is outside of the recvWindow.
2026-05-03 16:51:23: [ERROR] Erreur achat ETHUSDT: APIError(code=-1021): Timestamp for this request is outside of the recvWindow.
2026-05-03 16:51:23: [ERROR] Erreur achat SOLUSDT: APIError(code=-1021): Timestamp for this request is outside of the recvWindow.
2026-05-03 16:51:23: [ERROR] Erreur achat BTCUSDT: APIError(code=-1021): Timestamp for this request is outside of the recvWindow.
2026-05-03 16:51:24: [ERROR] Erreur achat ETHUSDT: APIError(code=-1021): Timestamp for this request is outside of the recvWindow.
2026-05-03 16:51:24: [ERROR] Erreur achat SOLUSDT: APIError(code=-1021): Timestamp for this request is outside of the recvWindow.
2026-05-03 16:51:24: [ERROR] Erreur achat BTCUSDT: APIError(code=-1021): Timestamp for this request is outside of the recvWindow.
2026-05-03 16:51:25: [ERROR] Erreur achat ETHUSDT: APIError(code=-1021): Timestamp for this request is outside of the recvWindow.
2026-05-03 16:51:25: [ERROR] Erreur achat SOLUSDT: APIError(code=-1021): Timestamp for this request is outside of the recvWindow.
2026-05-03 16:51:25: [ERROR] Erreur achat BTCUSDT: APIError(code=-1021): Timestamp for this request is outside of the recvWindow.
2026-05-03 16:51:26: [ERROR] Erreur achat BTCUSDT: APIError(code=-1021): Timestamp for this request is outside of the recvWindow.
2026-05-03 16:51:26: [ERROR] Erreur achat SOLUSDT: APIError(code=-1021): Timestamp for this request is outside of the recvWindow.
2026-05-03 16:51:26: [ERROR] Erreur achat ETHUSDT: APIError(code=-1021): Timestamp for this request is outside of the recvWindow.
2026-05-03 16:51:27: [ERROR] Erreur achat SOLUSDT: APIError(code=-1021): Timestamp for this request is outside of the recvWindow.
2026-05-03 16:51:27: [ERROR] Erreur achat BTCUSDT: APIError(code=-1021): Timestamp for this request is outside of the recvWindow.
2026-05-03 16:51:27: [ERROR] Erreur achat ETHUSDT: APIError(code=-1021): Timestamp for this request is outside of the recvWindow.
2026-05-03 16:51:28: [ERROR] Erreur achat SOLUSDT: APIError(code=-1021): Timestamp for this request is outside of the recvWindow.
2026-05-03 16:51:28: [ERROR] Erreur achat BTCUSDT: APIError(code=-1021): Timestamp for this request is outside of the recvWindow.
2026-05-03 16:51:28: [ERROR] Erreur achat ETHUSDT: APIError(code=-1021): Timestamp for this request is outside of the recvWindow.
2026-05-03 16:51:29: [ERROR] Erreur achat SOLUSDT: APIError(code=-1021): Timestamp for this request is outside of the recvWindow.
2026-05-03 16:51:29: [ERROR] Erreur achat ETHUSDT: APIError(code=-1021): Timestamp for this request is outside of the recvWindow.
2026-05-03 16:51:29: [ERROR] Erreur achat BTCUSDT: APIError(code=-1021): Timestamp for this request is outside of the recvWindow.
2026-05-03 16:51:30: [ERROR] Erreur achat SOLUSDT: APIError(code=-1021): Timestamp for this request is outside of the recvWindow.
2026-05-03 16:51:30: [ERROR] Erreur achat ETHUSDT: APIError(code=-1021): Timestamp for this request is outside of the recvWindow.
2026-05-03 16:51:30: [ERROR] Erreur achat BTCUSDT: APIError(code=-1021): Timestamp for this request is outside of the recvWindow.
2026-05-03 16:51:31: [ERROR] Erreur achat SOLUSDT: APIError(code=-1021): Timestamp for this request is outside of the recvWindow.
2026-05-03 16:51:31: [ERROR] Erreur achat BTCUSDT: APIError(code=-1021): Timestamp for this request is outside of the recvWindow.
2026-05-03 16:51:32: [ERROR] Erreur achat ETHUSDT: APIError(code=-1021): Timestamp for this request is outside of the recvWindow.
2026-05-03 16:51:32: [ERROR] Erreur achat SOLUSDT: APIError(code=-1021): Timestamp for this request is outside of the recvWindow.
2026-05-03 16:51:32: [ERROR] Erreur achat BTCUSDT: APIError(code=-1021): Timestamp for this request is outside of the recvWindow.
2026-05-03 16:51:33: [ERROR] Erreur achat ETHUSDT: APIError(code=-1021): Timestamp for this request is outside of the recvWindow.
2026-05-03 16:51:33: [ERROR] Erreur achat SOLUSDT: APIError(code=-1021): Timestamp for this request is outside of the recvWindow.
2026-05-03 16:51:33: [ERROR] Erreur achat BTCUSDT: APIError(code=-1021): Timestamp for this request is outside of the recvWindow.
2026-05-03 16:51:34: [ERROR] Erreur achat ETHUSDT: APIError(code=-1021): Timestamp for this request is outside of the recvWindow.
2026-05-03 16:51:34: [ERROR] Erreur achat SOLUSDT: APIError(code=-1021): Timestamp for this request is outside of the recvWindow.
2026-05-03 16:51:35: [ERROR] Erreur achat BTCUSDT: APIError(code=-1021): Timestamp for this request is outside of the recvWindow.
2026-05-03 16:51:35: [ERROR] Erreur achat ETHUSDT: APIError(code=-1021): Timestamp for this request is outside of the recvWindow.
2026-05-03 16:51:36: [ERROR] Erreur achat SOLUSDT: APIError(code=-1021): Timestamp for this request is outside of the recvWindow.
2026-05-03 16:51:36: [ERROR] Erreur achat BTCUSDT: APIError(code=-1021): Timestamp for this request is outside of the recvWindow.
2026-05-03 16:51:36: [ERROR] Erreur achat ETHUSDT: APIError(code=-1021): Timestamp for this request is outside of the recvWindow.
2026-05-03 16:51:37: [ERROR] Erreur achat SOLUSDT: APIError(code=-1021): Timestamp for this request is outside of the recvWindow.
2026-05-03 16:51:37: [ERROR] Erreur achat BTCUSDT: APIError(code=-1021): Timestamp for this request is outside of the recvWindow.
2026-05-03 16:51:37: [ERROR] Erreur achat ETHUSDT: APIError(code=-1021): Timestamp for this request is outside of the recvWindow.
2026-05-03 16:51:38: [ERROR] Erreur achat SOLUSDT: APIError(code=-1021): Timestamp for this request is outside of the recvWindow.
2026-05-03 16:51:38: [ERROR] Erreur achat BTCUSDT: APIError(code=-1021): Timestamp for this request is outside of the recvWindow.
2026-05-03 16:51:38: [ERROR] Erreur achat ETHUSDT: APIError(code=-1021): Timestamp for this request is outside of the recvWindow.
2026-05-03 16:51:39: [ERROR] Erreur achat SOLUSDT: APIError(code=-1021): Timestamp for this request is outside of the recvWindow.
2026-05-03 16:51:39: [ERROR] Erreur achat BTCUSDT: APIError(code=-1021): Timestamp for this request is outside of the recvWindow.
2026-05-03 16:51:39: [ERROR] Erreur achat ETHUSDT: APIError(code=-1021): Timestamp for this request is outside of the recvWindow.
2026-05-03 16:51:40: [ERROR] Erreur achat SOLUSDT: APIError(code=-1021): Timestamp for this request is outside of the recvWindow.
2026-05-03 16:51:40: [ERROR] Erreur achat BTCUSDT: APIError(code=-1021): Timestamp for this request is outside of the recvWindow.
2026-05-03 16:51:40: [ERROR] Erreur achat ETHUSDT: APIError(code=-1021): Timestamp for this request is outside of the recvWindow.
2026-05-03 16:51:41: [ERROR] Erreur achat SOLUSDT: APIError(code=-1021): Timestamp for this request is outside of the recvWindow.
2026-05-03 16:51:41: [ERROR] Erreur achat BTCUSDT: APIError(code=-1021): Timestamp for this request is outside of the recvWindow.
2026-05-03 16:51:41: [ERROR] Erreur achat ETHUSDT: APIError(code=-1021): Timestamp for this request is outside of the recvWindow.
2026-05-03 16:51:42: [ERROR] Erreur achat SOLUSDT: APIError(code=-1021): Timestamp for this request is outside of the recvWindow.
2026-05-03 16:51:42: [ERROR] Erreur achat BTCUSDT: APIError(code=-1021): Timestamp for this request is outside of the recvWindow.
2026-05-03 16:51:42: [ERROR] Erreur achat ETHUSDT: APIError(code=-1021): Timestamp for this request is outside of the recvWindow.
2026-05-03 16:51:43: [ERROR] Erreur achat SOLUSDT: APIError(code=-1021): Timestamp for this request is outside of the recvWindow.
2026-05-03 16:51:43: [ERROR] Erreur achat BTCUSDT: APIError(code=-1021): Timestamp for this request is outside of the recvWindow.
2026-05-03 16:51:43: [ERROR] Erreur achat ETHUSDT: APIError(code=-1021): Timestamp for this request is outside of the recvWindow.
2026-05-03 16:51:44: [ERROR] Erreur achat SOLUSDT: APIError(code=-1021): Timestamp for this request is outside of the recvWindow.
2026-05-03 16:51:44: [ERROR] Erreur achat BTCUSDT: APIError(code=-1021): Timestamp for this request is outside of the recvWindow.
2026-05-03 16:51:44: [ERROR] Erreur achat ETHUSDT: APIError(code=-1021): Timestamp for this request is outside of the recvWindow.
2026-05-03 16:51:45: [ERROR] Erreur achat SOLUSDT: APIError(code=-1021): Timestamp for this request is outside of the recvWindow.
2026-05-03 16:51:45: [ERROR] Erreur achat ETHUSDT: APIError(code=-1021): Timestamp for this request is outside of the recvWindow.
2026-05-03 16:51:45: [ERROR] Erreur achat BTCUSDT: APIError(code=-1021): Timestamp for this request is outside of the recvWindow.
2026-05-03 16:51:46: [ERROR] Erreur achat SOLUSDT: APIError(code=-1021): Timestamp for this request is outside of the recvWindow.
2026-05-03 16:52:52: [ERROR] Erreur achat BTCUSDT: Client.__init__() got an unexpected keyword argument 'options'
2026-05-03 16:52:52: [ERROR] Erreur achat SOLUSDT: Client.__init__() got an unexpected keyword argument 'options'
2026-05-03 16:52:52: [ERROR] Erreur achat ETHUSDT: Client.__init__() got an unexpected keyword argument 'options'
2026-05-03 16:52:52: [ERROR] Erreur achat BTCUSDT: Client.__init__() got an unexpected keyword argument 'options'
2026-05-03 16:52:53: [ERROR] Erreur achat SOLUSDT: Client.__init__() got an unexpected keyword argument 'options'
2026-05-03 16:52:53: [ERROR] Erreur achat ETHUSDT: Client.__init__() got an unexpected keyword argument 'options'
2026-05-03 16:52:53: [ERROR] Erreur achat BTCUSDT: Client.__init__() got an unexpected keyword argument 'options'
2026-05-03 16:52:53: [ERROR] Erreur achat SOLUSDT: Client.__init__() got an unexpected keyword argument 'options'
2026-05-03 16:52:53: [ERROR] Erreur achat ETHUSDT: Client.__init__() got an unexpected keyword argument 'options'
2026-05-03 16:52:53: [ERROR] Erreur achat BTCUSDT: Client.__init__() got an unexpected keyword argument 'options'
2026-05-03 16:52:54: [ERROR] Erreur achat SOLUSDT: Client.__init__() got an unexpected keyword argument 'options'
2026-05-03 16:52:54: [ERROR] Erreur achat BTCUSDT: Client.__init__() got an unexpected keyword argument 'options'
2026-05-03 16:52:54: [ERROR] Erreur achat ETHUSDT: Client.__init__() got an unexpected keyword argument 'options'
2026-05-03 16:52:54: [ERROR] Erreur achat SOLUSDT: Client.__init__() got an unexpected keyword argument 'options'
2026-05-03 16:52:54: [ERROR] Erreur achat BTCUSDT: Client.__init__() got an unexpected keyword argument 'options'
2026-05-03 16:52:54: [ERROR] Erreur achat ETHUSDT: Client.__init__() got an unexpected keyword argument 'options'
2026-05-03 16:52:55: [ERROR] Erreur achat SOLUSDT: Client.__init__() got an unexpected keyword argument 'options'
2026-05-03 16:52:55: [ERROR] Erreur achat BTCUSDT: Client.__init__() got an unexpected keyword argument 'options'
2026-05-03 16:52:55: [ERROR] Erreur achat ETHUSDT: Client.__init__() got an unexpected keyword argument 'options'
2026-05-03 16:52:55: [ERROR] Erreur achat SOLUSDT: Client.__init__() got an unexpected keyword argument 'options'
2026-05-03 16:52:55: [ERROR] Erreur achat ETHUSDT: Client.__init__() got an unexpected keyword argument 'options'
2026-05-03 16:52:55: [ERROR] Erreur achat BTCUSDT: Client.__init__() got an unexpected keyword argument 'options'
2026-05-03 16:52:56: [ERROR] Erreur achat SOLUSDT: Client.__init__() got an unexpected keyword argument 'options'
2026-05-03 16:52:56: [ERROR] Erreur achat BTCUSDT: Client.__init__() got an unexpected keyword argument 'options'
2026-05-03 16:52:56: [ERROR] Erreur achat ETHUSDT: Client.__init__() got an unexpected keyword argument 'options'
2026-05-03 16:52:56: [ERROR] Erreur achat BTCUSDT: Client.__init__() got an unexpected keyword argument 'options'
2026-05-03 16:52:56: [ERROR] Erreur achat ETHUSDT: Client.__init__() got an unexpected keyword argument 'options'
2026-05-03 16:52:57: [ERROR] Erreur achat SOLUSDT: Client.__init__() got an unexpected keyword argument 'options'
2026-05-03 16:52:57: [ERROR] Erreur achat ETHUSDT: Client.__init__() got an unexpected keyword argument 'options'
2026-05-03 16:52:57: [ERROR] Erreur achat BTCUSDT: Client.__init__() got an unexpected keyword argument 'options'
2026-05-03 16:52:57: [ERROR] Erreur achat SOLUSDT: Client.__init__() got an unexpected keyword argument 'options'
2026-05-03 16:52:58: [ERROR] Erreur achat ETHUSDT: Client.__init__() got an unexpected keyword argument 'options'
2026-05-03 16:52:58: [ERROR] Erreur achat SOLUSDT: Client.__init__() got an unexpected keyword argument 'options'
2026-05-03 16:52:58: [ERROR] Erreur achat BTCUSDT: Client.__init__() got an unexpected keyword argument 'options'
2026-05-03 16:52:58: [ERROR] Erreur achat SOLUSDT: Client.__init__() got an unexpected keyword argument 'options'
2026-05-03 16:52:58: [ERROR] Erreur achat BTCUSDT: Client.__init__() got an unexpected keyword argument 'options'
2026-05-03 16:52:58: [ERROR] Erreur achat ETHUSDT: Client.__init__() got an unexpected keyword argument 'options'
2026-05-03 16:52:59: [ERROR] Erreur achat ETHUSDT: Client.__init__() got an unexpected keyword argument 'options'
2026-05-03 16:52:59: [ERROR] Erreur achat BTCUSDT: Client.__init__() got an unexpected keyword argument 'options'
2026-05-03 16:52:59: [ERROR] Erreur achat SOLUSDT: Client.__init__() got an unexpected keyword argument 'options'
2026-05-03 16:52:59: [ERROR] Erreur achat BTCUSDT: Client.__init__() got an unexpected keyword argument 'options'
2026-05-03 16:52:59: [ERROR] Erreur achat ETHUSDT: Client.__init__() got an unexpected keyword argument 'options'
2026-05-03 16:52:59: [ERROR] Erreur achat SOLUSDT: Client.__init__() got an unexpected keyword argument 'options'
2026-05-03 16:53:00: [ERROR] Erreur achat BTCUSDT: Client.__init__() got an unexpected keyword argument 'options'
2026-05-03 16:53:00: [ERROR] Erreur achat ETHUSDT: Client.__init__() got an unexpected keyword argument 'options'
2026-05-03 16:53:00: [ERROR] Erreur achat SOLUSDT: Client.__init__() got an unexpected keyword argument 'options'
2026-05-03 16:53:00: [ERROR] Erreur achat ETHUSDT: Client.__init__() got an unexpected keyword argument 'options'
2026-05-03 16:53:00: [ERROR] Erreur achat BTCUSDT: Client.__init__() got an unexpected keyword argument 'options'
2026-05-03 16:53:00: [ERROR] Erreur achat SOLUSDT: Client.__init__() got an unexpected keyword argument 'options'
2026-05-03 16:53:01: [ERROR] Erreur achat ETHUSDT: Client.__init__() got an unexpected keyword argument 'options'
2026-05-03 16:53:01: [ERROR] Erreur achat BTCUSDT: Client.__init__() got an unexpected keyword argument 'options'
2026-05-03 16:53:01: [ERROR] Erreur achat SOLUSDT: Client.__init__() got an unexpected keyword argument 'options'
2026-05-03 16:53:01: [ERROR] Erreur achat BTCUSDT: Client.__init__() got an unexpected keyword argument 'options'
2026-05-03 16:53:01: [ERROR] Erreur achat SOLUSDT: Client.__init__() got an unexpected keyword argument 'options'
2026-05-03 16:53:02: [ERROR] Erreur achat ETHUSDT: Client.__init__() got an unexpected keyword argument 'options'
2026-05-03 16:53:02: [ERROR] Erreur achat BTCUSDT: Client.__init__() got an unexpected keyword argument 'options'
2026-05-03 16:53:02: [ERROR] Erreur achat SOLUSDT: Client.__init__() got an unexpected keyword argument 'options'
2026-05-03 16:53:02: [ERROR] Erreur achat ETHUSDT: Client.__init__() got an unexpected keyword argument 'options'
2026-05-03 16:53:02: [ERROR] Erreur achat BTCUSDT: Client.__init__() got an unexpected keyword argument 'options'
2026-05-03 16:53:02: [ERROR] Erreur achat SOLUSDT: Client.__init__() got an unexpected keyword argument 'options'
2026-05-03 16:53:02: [ERROR] Erreur achat ETHUSDT: Client.__init__() got an unexpected keyword argument 'options'
2026-05-03 16:53:03: [ERROR] Erreur achat BTCUSDT: Client.__init__() got an unexpected keyword argument 'options'
2026-05-03 16:53:03: [ERROR] Erreur achat ETHUSDT: Client.__init__() got an unexpected keyword argument 'options'
2026-05-03 16:53:03: [ERROR] Erreur achat BTCUSDT: Client.__init__() got an unexpected keyword argument 'options'
2026-05-03 16:53:03: [ERROR] Erreur achat SOLUSDT: Client.__init__() got an unexpected keyword argument 'options'
2026-05-03 16:53:03: [ERROR] Erreur achat ETHUSDT: Client.__init__() got an unexpected keyword argument 'options'
2026-05-03 16:53:04: [ERROR] Erreur achat BTCUSDT: Client.__init__() got an unexpected keyword argument 'options'
2026-05-03 16:53:04: [ERROR] Erreur achat SOLUSDT: Client.__init__() got an unexpected keyword argument 'options'
2026-05-03 16:53:04: [ERROR] Erreur achat ETHUSDT: Client.__init__() got an unexpected keyword argument 'options'
2026-05-03 16:53:04: [ERROR] Erreur achat BTCUSDT: Client.__init__() got an unexpected keyword argument 'options'
2026-05-03 16:53:04: [ERROR] Erreur achat SOLUSDT: Client.__init__() got an unexpected keyword argument 'options'
2026-05-03 16:53:04: [ERROR] Erreur achat ETHUSDT: Client.__init__() got an unexpected keyword argument 'options'
2026-05-03 16:53:05: [ERROR] Erreur achat SOLUSDT: Client.__init__() got an unexpected keyword argument 'options'
2026-05-03 16:53:05: [ERROR] Erreur achat BTCUSDT: Client.__init__() got an unexpected keyword argument 'options'
2026-05-03 16:53:05: [ERROR] Erreur achat ETHUSDT: Client.__init__() got an unexpected keyword argument 'options'
2026-05-03 16:53:05: [ERROR] Erreur achat SOLUSDT: Client.__init__() got an unexpected keyword argument 'options'
2026-05-03 16:53:05: [ERROR] Erreur achat BTCUSDT: Client.__init__() got an unexpected keyword argument 'options'
2026-05-03 16:53:05: [ERROR] Erreur achat ETHUSDT: Client.__init__() got an unexpected keyword argument 'options'
2026-05-03 16:53:06: [ERROR] Erreur achat SOLUSDT: Client.__init__() got an unexpected keyword argument 'options'
2026-05-03 16:53:06: [ERROR] Erreur achat BTCUSDT: Client.__init__() got an unexpected keyword argument 'options'
2026-05-03 16:53:06: [ERROR] Erreur achat ETHUSDT: Client.__init__() got an unexpected keyword argument 'options'
2026-05-03 16:53:06: [ERROR] Erreur achat SOLUSDT: Client.__init__() got an unexpected keyword argument 'options'
2026-05-03 16:53:06: [ERROR] Erreur achat BTCUSDT: Client.__init__() got an unexpected keyword argument 'options'
2026-05-03 16:53:06: [ERROR] Erreur achat ETHUSDT: Client.__init__() got an unexpected keyword argument 'options'
2026-05-03 16:53:07: [ERROR] Erreur achat SOLUSDT: Client.__init__() got an unexpected keyword argument 'options'
2026-05-03 16:53:07: [ERROR] Erreur achat ETHUSDT: Client.__init__() got an unexpected keyword argument 'options'
2026-05-03 16:53:07: [ERROR] Erreur achat BTCUSDT: Client.__init__() got an unexpected keyword argument 'options'
2026-05-03 16:53:07: [ERROR] Erreur achat SOLUSDT: Client.__init__() got an unexpected keyword argument 'options'
2026-05-03 16:53:07: [ERROR] Erreur achat BTCUSDT: Client.__init__() got an unexpected keyword argument 'options'
2026-05-03 16:53:08: [ERROR] Erreur achat ETHUSDT: Client.__init__() got an unexpected keyword argument 'options'
2026-05-03 16:53:08: [ERROR] Erreur achat SOLUSDT: Client.__init__() got an unexpected keyword argument 'options'
2026-05-03 16:53:08: [ERROR] Erreur achat BTCUSDT: Client.__init__() got an unexpected keyword argument 'options'
2026-05-03 16:53:08: [ERROR] Erreur achat ETHUSDT: Client.__init__() got an unexpected keyword argument 'options'
2026-05-03 16:53:08: [ERROR] Erreur achat SOLUSDT: Client.__init__() got an unexpected keyword argument 'options'
2026-05-03 16:53:09: [ERROR] Erreur achat BTCUSDT: Client.__init__() got an unexpected keyword argument 'options'
2026-05-03 16:53:09: [ERROR] Erreur achat SOLUSDT: Client.__init__() got an unexpected keyword argument 'options'
2026-05-03 16:53:09: [ERROR] Erreur achat BTCUSDT: Client.__init__() got an unexpected keyword argument 'options'
2026-05-03 16:53:09: [ERROR] Erreur achat ETHUSDT: Client.__init__() got an unexpected keyword argument 'options'
2026-05-03 16:53:09: [ERROR] Erreur achat SOLUSDT: Client.__init__() got an unexpected keyword argument 'options'
2026-05-03 16:53:09: [ERROR] Erreur achat BTCUSDT: Client.__init__() got an unexpected keyword argument 'options'
2026-05-03 16:53:10: [ERROR] Erreur achat ETHUSDT: Client.__init__() got an unexpected keyword argument 'options'
2026-05-03 16:53:10: [ERROR] Erreur achat SOLUSDT: Client.__init__() got an unexpected keyword argument 'options'
2026-05-03 16:53:10: [ERROR] Erreur achat BTCUSDT: Client.__init__() got an unexpected keyword argument 'options'
2026-05-03 16:53:10: [ERROR] Erreur achat ETHUSDT: Client.__init__() got an unexpected keyword argument 'options'
2026-05-03 16:53:10: [ERROR] Erreur achat SOLUSDT: Client.__init__() got an unexpected keyword argument 'options'
2026-05-03 16:53:10: [ERROR] Erreur achat BTCUSDT: Client.__init__() got an unexpected keyword argument 'options'
2026-05-03 16:53:11: [ERROR] Erreur achat ETHUSDT: Client.__init__() got an unexpected keyword argument 'options'
2026-05-03 16:53:11: [ERROR] Erreur achat SOLUSDT: Client.__init__() got an unexpected keyword argument 'options'
2026-05-03 16:53:11: [ERROR] Erreur achat BTCUSDT: Client.__init__() got an unexpected keyword argument 'options'
2026-05-03 16:53:11: [ERROR] Erreur achat ETHUSDT: Client.__init__() got an unexpected keyword argument 'options'
2026-05-03 16:53:11: [ERROR] Erreur achat SOLUSDT: Client.__init__() got an unexpected keyword argument 'options'
2026-05-03 16:53:11: [ERROR] Erreur achat BTCUSDT: Client.__init__() got an unexpected keyword argument 'options'
2026-05-03 16:53:12: [ERROR] Erreur achat ETHUSDT: Client.__init__() got an unexpected keyword argument 'options'
2026-05-03 16:53:12: [ERROR] Erreur achat SOLUSDT: Client.__init__() got an unexpected keyword argument 'options'
2026-05-03 16:53:12: [ERROR] Erreur achat BTCUSDT: Client.__init__() got an unexpected keyword argument 'options'
2026-05-03 16:53:12: [ERROR] Erreur achat ETHUSDT: Client.__init__() got an unexpected keyword argument 'options'
2026-05-03 16:53:13: [ERROR] Erreur achat SOLUSDT: Client.__init__() got an unexpected keyword argument 'options'
2026-05-03 16:53:13: [ERROR] Erreur achat BTCUSDT: Client.__init__() got an unexpected keyword argument 'options'
2026-05-03 16:53:13: [ERROR] Erreur achat ETHUSDT: Client.__init__() got an unexpected keyword argument 'options'
2026-05-03 16:53:13: [ERROR] Erreur achat SOLUSDT: Client.__init__() got an unexpected keyword argument 'options'
2026-05-03 16:53:13: [ERROR] Erreur achat BTCUSDT: Client.__init__() got an unexpected keyword argument 'options'
2026-05-03 16:53:13: [ERROR] Erreur achat ETHUSDT: Client.__init__() got an unexpected keyword argument 'options'
2026-05-03 16:53:14: [ERROR] Erreur achat SOLUSDT: Client.__init__() got an unexpected keyword argument 'options'
2026-05-03 16:53:14: [ERROR] Erreur achat BTCUSDT: Client.__init__() got an unexpected keyword argument 'options'
2026-05-03 16:53:14: [ERROR] Erreur achat SOLUSDT: Client.__init__() got an unexpected keyword argument 'options'
2026-05-03 16:53:14: [ERROR] Erreur achat BTCUSDT: Client.__init__() got an unexpected keyword argument 'options'
2026-05-03 16:53:14: [ERROR] Erreur achat ETHUSDT: Client.__init__() got an unexpected keyword argument 'options'
2026-05-03 16:53:15: [ERROR] Erreur achat ETHUSDT: Client.__init__() got an unexpected keyword argument 'options'
2026-05-03 16:53:15: [ERROR] Erreur achat SOLUSDT: Client.__init__() got an unexpected keyword argument 'options'
2026-05-03 16:53:15: [ERROR] Erreur achat BTCUSDT: Client.__init__() got an unexpected keyword argument 'options'
2026-05-03 16:53:15: [ERROR] Erreur achat SOLUSDT: Client.__init__() got an unexpected keyword argument 'options'
2026-05-03 16:53:15: [ERROR] Erreur achat ETHUSDT: Client.__init__() got an unexpected keyword argument 'options'
2026-05-03 16:53:16: [ERROR] Erreur achat SOLUSDT: Client.__init__() got an unexpected keyword argument 'options'
2026-05-03 16:53:16: [ERROR] Erreur achat ETHUSDT: Client.__init__() got an unexpected keyword argument 'options'
2026-05-03 16:53:16: [ERROR] Erreur achat BTCUSDT: Client.__init__() got an unexpected keyword argument 'options'
2026-05-03 16:53:16: [ERROR] Erreur achat SOLUSDT: Client.__init__() got an unexpected keyword argument 'options'
2026-05-03 16:53:16: [ERROR] Erreur achat BTCUSDT: Client.__init__() got an unexpected keyword argument 'options'
2026-05-03 16:53:16: [ERROR] Erreur achat ETHUSDT: Client.__init__() got an unexpected keyword argument 'options'
2026-05-03 16:53:17: [ERROR] Erreur achat BTCUSDT: Client.__init__() got an unexpected keyword argument 'options'
2026-05-03 16:53:17: [ERROR] Erreur achat ETHUSDT: Client.__init__() got an unexpected keyword argument 'options'
2026-05-03 16:53:17: [ERROR] Erreur achat SOLUSDT: Client.__init__() got an unexpected keyword argument 'options'
2026-05-03 16:53:18: [ERROR] Erreur achat BTCUSDT: Client.__init__() got an unexpected keyword argument 'options'
2026-05-03 16:53:18: [ERROR] Erreur achat SOLUSDT: Client.__init__() got an unexpected keyword argument 'options'
2026-05-03 16:53:18: [ERROR] Erreur achat ETHUSDT: Client.__init__() got an unexpected keyword argument 'options'
2026-05-03 16:53:18: [ERROR] Erreur achat SOLUSDT: Client.__init__() got an unexpected keyword argument 'options'
2026-05-03 16:53:18: [ERROR] Erreur achat ETHUSDT: Client.__init__() got an unexpected keyword argument 'options'
2026-05-03 16:53:18: [ERROR] Erreur achat BTCUSDT: Client.__init__() got an unexpected keyword argument 'options'
2026-05-03 16:53:19: [ERROR] Erreur achat ETHUSDT: Client.__init__() got an unexpected keyword argument 'options'
2026-05-03 16:53:19: [ERROR] Erreur achat BTCUSDT: Client.__init__() got an unexpected keyword argument 'options'
2026-05-03 16:53:19: [ERROR] Erreur achat SOLUSDT: Client.__init__() got an unexpected keyword argument 'options'
2026-05-03 16:53:19: [ERROR] Erreur achat ETHUSDT: Client.__init__() got an unexpected keyword argument 'options'
2026-05-03 16:53:19: [ERROR] Erreur achat SOLUSDT: Client.__init__() got an unexpected keyword argument 'options'
2026-05-03 16:53:19: [ERROR] Erreur achat BTCUSDT: Client.__init__() got an unexpected keyword argument 'options'
2026-05-03 16:53:20: [ERROR] Erreur achat SOLUSDT: Client.__init__() got an unexpected keyword argument 'options'
2026-05-03 16:53:20: [ERROR] Erreur achat BTCUSDT: Client.__init__() got an unexpected keyword argument 'options'
2026-05-03 16:53:20: [ERROR] Erreur achat ETHUSDT: Client.__init__() got an unexpected keyword argument 'options'
2026-05-03 16:53:21: [ERROR] Erreur achat ETHUSDT: Client.__init__() got an unexpected keyword argument 'options'
2026-05-03 16:53:21: [ERROR] Erreur achat BTCUSDT: Client.__init__() got an unexpected keyword argument 'options'
2026-05-03 16:53:21: [ERROR] Erreur achat SOLUSDT: Client.__init__() got an unexpected keyword argument 'options'
2026-05-03 16:53:21: [ERROR] Erreur achat ETHUSDT: Client.__init__() got an unexpected keyword argument 'options'
2026-05-03 16:53:21: [ERROR] Erreur achat SOLUSDT: Client.__init__() got an unexpected keyword argument 'options'
2026-05-03 16:53:21: [ERROR] Erreur achat BTCUSDT: Client.__init__() got an unexpected keyword argument 'options'
2026-05-03 16:53:22: [ERROR] Erreur achat SOLUSDT: Client.__init__() got an unexpected keyword argument 'options'
2026-05-03 16:53:22: [ERROR] Erreur achat BTCUSDT: Client.__init__() got an unexpected keyword argument 'options'
2026-05-03 16:53:22: [ERROR] Erreur achat ETHUSDT: Client.__init__() got an unexpected keyword argument 'options'
2026-05-03 16:53:22: [ERROR] Erreur achat SOLUSDT: Client.__init__() got an unexpected keyword argument 'options'
2026-05-03 16:53:22: [ERROR] Erreur achat BTCUSDT: Client.__init__() got an unexpected keyword argument 'options'
2026-05-03 16:53:22: [ERROR] Erreur achat ETHUSDT: Client.__init__() got an unexpected keyword argument 'options'
2026-05-03 16:53:23: [ERROR] Erreur achat ETHUSDT: Client.__init__() got an unexpected keyword argument 'options'
2026-05-03 16:53:23: [ERROR] Erreur achat SOLUSDT: Client.__init__() got an unexpected keyword argument 'options'
2026-05-03 16:53:23: [ERROR] Erreur achat BTCUSDT: Client.__init__() got an unexpected keyword argument 'options'
2026-05-03 16:53:24: [ERROR] Erreur achat SOLUSDT: Client.__init__() got an unexpected keyword argument 'options'
2026-05-03 16:53:24: [ERROR] Erreur achat ETHUSDT: Client.__init__() got an unexpected keyword argument 'options'
2026-05-03 16:53:24: [ERROR] Erreur achat BTCUSDT: Client.__init__() got an unexpected keyword argument 'options'
2026-05-03 16:53:24: [ERROR] Erreur achat ETHUSDT: Client.__init__() got an unexpected keyword argument 'options'
2026-05-03 16:53:24: [ERROR] Erreur achat SOLUSDT: Client.__init__() got an unexpected keyword argument 'options'
2026-05-03 16:53:24: [ERROR] Erreur achat BTCUSDT: Client.__init__() got an unexpected keyword argument 'options'
2026-05-03 16:53:25: [ERROR] Erreur achat ETHUSDT: Client.__init__() got an unexpected keyword argument 'options'
2026-05-03 16:53:25: [ERROR] Erreur achat SOLUSDT: Client.__init__() got an unexpected keyword argument 'options'
2026-05-03 16:53:25: [ERROR] Erreur achat BTCUSDT: Client.__init__() got an unexpected keyword argument 'options'
2026-05-03 16:53:25: [ERROR] Erreur achat ETHUSDT: Client.__init__() got an unexpected keyword argument 'options'
2026-05-03 16:53:25: [ERROR] Erreur achat SOLUSDT: Client.__init__() got an unexpected keyword argument 'options'
2026-05-03 16:53:25: [ERROR] Erreur achat BTCUSDT: Client.__init__() got an unexpected keyword argument 'options'
2026-05-03 16:53:26: [ERROR] Erreur achat SOLUSDT: Client.__init__() got an unexpected keyword argument 'options'
2026-05-03 16:53:26: [ERROR] Erreur achat ETHUSDT: Client.__init__() got an unexpected keyword argument 'options'
2026-05-03 16:53:26: [ERROR] Erreur achat BTCUSDT: Client.__init__() got an unexpected keyword argument 'options'
2026-05-03 16:53:26: [ERROR] Erreur achat SOLUSDT: Client.__init__() got an unexpected keyword argument 'options'
2026-05-03 16:53:26: [ERROR] Erreur achat BTCUSDT: Client.__init__() got an unexpected keyword argument 'options'
2026-05-03 16:53:27: [ERROR] Erreur achat SOLUSDT: Client.__init__() got an unexpected keyword argument 'options'
2026-05-03 16:53:27: [ERROR] Erreur achat ETHUSDT: Client.__init__() got an unexpected keyword argument 'options'
2026-05-03 16:53:27: [ERROR] Erreur achat SOLUSDT: Client.__init__() got an unexpected keyword argument 'options'
2026-05-03 16:53:27: [ERROR] Erreur achat BTCUSDT: Client.__init__() got an unexpected keyword argument 'options'
2026-05-03 16:53:27: [ERROR] Erreur achat ETHUSDT: Client.__init__() got an unexpected keyword argument 'options'
2026-05-03 16:53:28: [ERROR] Erreur achat BTCUSDT: Client.__init__() got an unexpected keyword argument 'options'
2026-05-03 16:53:28: [ERROR] Erreur achat SOLUSDT: Client.__init__() got an unexpected keyword argument 'options'
2026-05-03 16:53:28: [ERROR] Erreur achat ETHUSDT: Client.__init__() got an unexpected keyword argument 'options'
2026-05-03 16:53:28: [ERROR] Erreur achat BTCUSDT: Client.__init__() got an unexpected keyword argument 'options'
2026-05-03 16:53:28: [ERROR] Erreur achat SOLUSDT: Client.__init__() got an unexpected keyword argument 'options'
2026-05-03 16:53:29: [ERROR] Erreur achat ETHUSDT: Client.__init__() got an unexpected keyword argument 'options'
2026-05-03 16:53:29: [ERROR] Erreur achat BTCUSDT: Client.__init__() got an unexpected keyword argument 'options'
2026-05-03 16:53:29: [ERROR] Erreur achat SOLUSDT: Client.__init__() got an unexpected keyword argument 'options'
2026-05-03 16:53:29: [ERROR] Erreur achat ETHUSDT: Client.__init__() got an unexpected keyword argument 'options'
2026-05-03 16:53:29: [ERROR] Erreur achat BTCUSDT: Client.__init__() got an unexpected keyword argument 'options'
2026-05-03 16:53:29: [ERROR] Erreur achat SOLUSDT: Client.__init__() got an unexpected keyword argument 'options'
2026-05-03 16:53:30: [ERROR] Erreur achat BTCUSDT: Client.__init__() got an unexpected keyword argument 'options'
2026-05-03 16:53:30: [ERROR] Erreur achat ETHUSDT: Client.__init__() got an unexpected keyword argument 'options'
2026-05-03 16:53:30: [ERROR] Erreur achat SOLUSDT: Client.__init__() got an unexpected keyword argument 'options'
2026-05-03 16:53:30: [ERROR] Erreur achat ETHUSDT: Client.__init__() got an unexpected keyword argument 'options'
2026-05-03 16:53:30: [ERROR] Erreur achat BTCUSDT: Client.__init__() got an unexpected keyword argument 'options'
2026-05-03 16:53:30: [ERROR] Erreur achat SOLUSDT: Client.__init__() got an unexpected keyword argument 'options'
2026-05-03 16:53:31: [ERROR] Erreur achat ETHUSDT: Client.__init__() got an unexpected keyword argument 'options'
2026-05-03 16:53:31: [ERROR] Erreur achat BTCUSDT: Client.__init__() got an unexpected keyword argument 'options'
2026-05-03 16:53:31: [ERROR] Erreur achat SOLUSDT: Client.__init__() got an unexpected keyword argument 'options'
2026-05-03 16:53:31: [ERROR] Erreur achat BTCUSDT: Client.__init__() got an unexpected keyword argument 'options'
2026-05-03 16:53:31: [ERROR] Erreur achat SOLUSDT: Client.__init__() got an unexpected keyword argument 'options'
2026-05-03 16:53:32: [ERROR] Erreur achat BTCUSDT: Client.__init__() got an unexpected keyword argument 'options'
2026-05-03 16:53:32: [ERROR] Erreur achat SOLUSDT: Client.__init__() got an unexpected keyword argument 'options'
2026-05-03 16:53:32: [ERROR] Erreur achat ETHUSDT: Client.__init__() got an unexpected keyword argument 'options'
2026-05-03 16:53:32: [ERROR] Erreur achat SOLUSDT: Client.__init__() got an unexpected keyword argument 'options'
2026-05-03 16:53:32: [ERROR] Erreur achat ETHUSDT: Client.__init__() got an unexpected keyword argument 'options'
2026-05-03 16:53:33: [ERROR] Erreur achat SOLUSDT: Client.__init__() got an unexpected keyword argument 'options'
2026-05-03 16:53:33: [ERROR] Erreur achat BTCUSDT: Client.__init__() got an unexpected keyword argument 'options'
2026-05-03 16:53:33: [ERROR] Erreur achat ETHUSDT: Client.__init__() got an unexpected keyword argument 'options'
2026-05-03 16:53:33: [ERROR] Erreur achat BTCUSDT: Client.__init__() got an unexpected keyword argument 'options'
2026-05-03 16:53:33: [ERROR] Erreur achat SOLUSDT: Client.__init__() got an unexpected keyword argument 'options'
2026-05-03 16:53:34: [ERROR] Erreur achat BTCUSDT: Client.__init__() got an unexpected keyword argument 'options'
2026-05-03 16:53:34: [ERROR] Erreur achat SOLUSDT: Client.__init__() got an unexpected keyword argument 'options'
2026-05-03 16:53:34: [ERROR] Erreur achat ETHUSDT: Client.__init__() got an unexpected keyword argument 'options'
2026-05-03 16:53:34: [ERROR] Erreur achat SOLUSDT: Client.__init__() got an unexpected keyword argument 'options'
2026-05-03 16:53:35: [ERROR] Erreur achat BTCUSDT: Client.__init__() got an unexpected keyword argument 'options'
2026-05-03 16:53:35: [ERROR] Erreur achat ETHUSDT: Client.__init__() got an unexpected keyword argument 'options'
2026-05-03 16:53:35: [ERROR] Erreur achat SOLUSDT: Client.__init__() got an unexpected keyword argument 'options'
2026-05-03 16:53:35: [ERROR] Erreur achat BTCUSDT: Client.__init__() got an unexpected keyword argument 'options'
2026-05-03 16:53:35: [ERROR] Erreur achat SOLUSDT: Client.__init__() got an unexpected keyword argument 'options'
2026-05-03 16:53:36: [ERROR] Erreur achat BTCUSDT: Client.__init__() got an unexpected keyword argument 'options'
2026-05-03 16:53:36: [ERROR] Erreur achat SOLUSDT: Client.__init__() got an unexpected keyword argument 'options'
2026-05-03 16:53:36: [ERROR] Erreur achat ETHUSDT: Client.__init__() got an unexpected keyword argument 'options'
2026-05-03 16:53:36: [ERROR] Erreur achat BTCUSDT: Client.__init__() got an unexpected keyword argument 'options'
2026-05-03 16:53:36: [ERROR] Erreur achat SOLUSDT: Client.__init__() got an unexpected keyword argument 'options'
2026-05-03 16:53:37: [ERROR] Erreur achat BTCUSDT: Client.__init__() got an unexpected keyword argument 'options'
2026-05-03 16:53:37: [ERROR] Erreur achat SOLUSDT: Client.__init__() got an unexpected keyword argument 'options'
2026-05-03 16:53:37: [ERROR] Erreur achat ETHUSDT: Client.__init__() got an unexpected keyword argument 'options'
2026-05-03 16:53:37: [ERROR] Erreur achat BTCUSDT: Client.__init__() got an unexpected keyword argument 'options'
2026-05-03 16:53:37: [ERROR] Erreur achat SOLUSDT: Client.__init__() got an unexpected keyword argument 'options'
2026-05-03 16:53:38: [ERROR] Erreur achat BTCUSDT: Client.__init__() got an unexpected keyword argument 'options'
2026-05-03 16:53:38: [ERROR] Erreur achat ETHUSDT: Client.__init__() got an unexpected keyword argument 'options'
2026-05-03 16:53:38: [ERROR] Erreur achat SOLUSDT: Client.__init__() got an unexpected keyword argument 'options'
2026-05-03 16:53:38: [ERROR] Erreur achat BTCUSDT: Client.__init__() got an unexpected keyword argument 'options'
2026-05-03 16:53:38: [ERROR] Erreur achat SOLUSDT: Client.__init__() got an unexpected keyword argument 'options'
2026-05-03 16:53:38: [ERROR] Erreur achat ETHUSDT: Client.__init__() got an unexpected keyword argument 'options'
2026-05-03 16:53:39: [ERROR] Erreur achat BTCUSDT: Client.__init__() got an unexpected keyword argument 'options'
2026-05-03 16:53:39: [ERROR] Erreur achat SOLUSDT: Client.__init__() got an unexpected keyword argument 'options'
2026-05-03 16:53:39: [ERROR] Erreur achat ETHUSDT: Client.__init__() got an unexpected keyword argument 'options'
2026-05-03 16:53:39: [ERROR] Erreur achat BTCUSDT: Client.__init__() got an unexpected keyword argument 'options'
2026-05-03 16:53:39: [ERROR] Erreur achat SOLUSDT: Client.__init__() got an unexpected keyword argument 'options'
2026-05-03 16:53:40: [ERROR] Erreur achat ETHUSDT: Client.__init__() got an unexpected keyword argument 'options'
2026-05-03 16:53:40: [ERROR] Erreur achat BTCUSDT: Client.__init__() got an unexpected keyword argument 'options'
2026-05-03 16:53:40: [ERROR] Erreur achat SOLUSDT: Client.__init__() got an unexpected keyword argument 'options'
2026-05-03 16:53:40: [ERROR] Erreur achat ETHUSDT: Client.__init__() got an unexpected keyword argument 'options'
2026-05-03 16:53:40: [ERROR] Erreur achat SOLUSDT: Client.__init__() got an unexpected keyword argument 'options'
2026-05-03 16:53:41: [ERROR] Erreur achat ETHUSDT: Client.__init__() got an unexpected keyword argument 'options'
2026-05-03 16:53:41: [ERROR] Erreur achat BTCUSDT: Client.__init__() got an unexpected keyword argument 'options'
2026-05-03 16:53:41: [ERROR] Erreur achat SOLUSDT: Client.__init__() got an unexpected keyword argument 'options'
2026-05-03 16:53:41: [ERROR] Erreur achat ETHUSDT: Client.__init__() got an unexpected keyword argument 'options'
2026-05-03 16:53:41: [ERROR] Erreur achat BTCUSDT: Client.__init__() got an unexpected keyword argument 'options'
2026-05-03 16:53:41: [ERROR] Erreur achat SOLUSDT: Client.__init__() got an unexpected keyword argument 'options'
2026-05-03 16:53:42: [ERROR] Erreur achat ETHUSDT: Client.__init__() got an unexpected keyword argument 'options'
2026-05-03 16:53:42: [ERROR] Erreur achat BTCUSDT: Client.__init__() got an unexpected keyword argument 'options'
2026-05-03 16:53:42: [ERROR] Erreur achat SOLUSDT: Client.__init__() got an unexpected keyword argument 'options'
2026-05-03 16:53:42: [ERROR] Erreur achat ETHUSDT: Client.__init__() got an unexpected keyword argument 'options'
2026-05-03 16:53:42: [ERROR] Erreur achat BTCUSDT: Client.__init__() got an unexpected keyword argument 'options'
2026-05-03 16:53:42: [ERROR] Erreur achat SOLUSDT: Client.__init__() got an unexpected keyword argument 'options'
2026-05-03 16:53:43: [ERROR] Erreur achat ETHUSDT: Client.__init__() got an unexpected keyword argument 'options'
2026-05-03 16:53:43: [ERROR] Erreur achat SOLUSDT: Client.__init__() got an unexpected keyword argument 'options'
2026-05-03 16:53:43: [ERROR] Erreur achat BTCUSDT: Client.__init__() got an unexpected keyword argument 'options'
2026-05-03 16:53:43: [ERROR] Erreur achat ETHUSDT: Client.__init__() got an unexpected keyword argument 'options'
2026-05-03 16:53:43: [ERROR] Erreur achat SOLUSDT: Client.__init__() got an unexpected keyword argument 'options'
2026-05-03 16:53:44: [ERROR] Erreur achat BTCUSDT: Client.__init__() got an unexpected keyword argument 'options'
2026-05-03 16:53:44: [ERROR] Erreur achat ETHUSDT: Client.__init__() got an unexpected keyword argument 'options'
2026-05-03 16:53:44: [ERROR] Erreur achat BTCUSDT: Client.__init__() got an unexpected keyword argument 'options'
2026-05-03 16:53:44: [ERROR] Erreur achat SOLUSDT: Client.__init__() got an unexpected keyword argument 'options'
2026-05-03 16:53:44: [ERROR] Erreur achat ETHUSDT: Client.__init__() got an unexpected keyword argument 'options'
2026-05-03 16:53:45: [ERROR] Erreur achat BTCUSDT: Client.__init__() got an unexpected keyword argument 'options'
2026-05-03 16:53:45: [ERROR] Erreur achat SOLUSDT: Client.__init__() got an unexpected keyword argument 'options'
2026-05-03 16:53:45: [ERROR] Erreur achat ETHUSDT: Client.__init__() got an unexpected keyword argument 'options'
2026-05-03 16:53:45: [ERROR] Erreur achat BTCUSDT: Client.__init__() got an unexpected keyword argument 'options'
2026-05-03 16:53:45: [ERROR] Erreur achat SOLUSDT: Client.__init__() got an unexpected keyword argument 'options'
2026-05-03 16:53:45: [ERROR] Erreur achat ETHUSDT: Client.__init__() got an unexpected keyword argument 'options'
2026-05-03 16:53:46: [ERROR] Erreur achat BTCUSDT: Client.__init__() got an unexpected keyword argument 'options'
2026-05-03 16:53:46: [ERROR] Erreur achat SOLUSDT: Client.__init__() got an unexpected keyword argument 'options'
2026-05-03 16:53:46: [ERROR] Erreur achat ETHUSDT: Client.__init__() got an unexpected keyword argument 'options'
2026-05-03 16:53:46: [ERROR] Erreur achat BTCUSDT: Client.__init__() got an unexpected keyword argument 'options'
2026-05-03 16:53:46: [ERROR] Erreur achat SOLUSDT: Client.__init__() got an unexpected keyword argument 'options'
2026-05-03 16:53:46: [ERROR] Erreur achat ETHUSDT: Client.__init__() got an unexpected keyword argument 'options'
2026-05-03 16:53:46: [ERROR] Erreur achat BTCUSDT: Client.__init__() got an unexpected keyword argument 'options'
2026-05-03 16:53:47: [ERROR] Erreur achat SOLUSDT: Client.__init__() got an unexpected keyword argument 'options'
2026-05-03 16:53:47: [ERROR] Erreur achat ETHUSDT: Client.__init__() got an unexpected keyword argument 'options'
2026-05-03 16:53:47: [ERROR] Erreur achat BTCUSDT: Client.__init__() got an unexpected keyword argument 'options'
2026-05-03 16:53:47: [ERROR] Erreur achat SOLUSDT: Client.__init__() got an unexpected keyword argument 'options'
2026-05-03 16:53:47: [ERROR] Erreur achat ETHUSDT: Client.__init__() got an unexpected keyword argument 'options'
2026-05-03 16:53:47: [ERROR] Erreur achat BTCUSDT: Client.__init__() got an unexpected keyword argument 'options'
2026-05-03 16:53:48: [ERROR] Erreur achat SOLUSDT: Client.__init__() got an unexpected keyword argument 'options'
2026-05-03 16:53:48: [ERROR] Erreur achat SOLUSDT: Client.__init__() got an unexpected keyword argument 'options'
2026-05-03 16:53:48: [ERROR] Erreur achat BTCUSDT: Client.__init__() got an unexpected keyword argument 'options'
2026-05-03 16:53:48: [ERROR] Erreur achat ETHUSDT: Client.__init__() got an unexpected keyword argument 'options'
2026-05-03 16:53:49: [ERROR] Erreur achat SOLUSDT: Client.__init__() got an unexpected keyword argument 'options'
2026-05-03 16:53:49: [ERROR] Erreur achat BTCUSDT: Client.__init__() got an unexpected keyword argument 'options'
2026-05-03 16:53:49: [ERROR] Erreur achat ETHUSDT: Client.__init__() got an unexpected keyword argument 'options'
2026-05-03 16:53:49: [ERROR] Erreur achat SOLUSDT: Client.__init__() got an unexpected keyword argument 'options'
2026-05-03 16:53:49: [ERROR] Erreur achat BTCUSDT: Client.__init__() got an unexpected keyword argument 'options'
2026-05-03 16:53:50: [ERROR] Erreur achat SOLUSDT: Client.__init__() got an unexpected keyword argument 'options'
2026-05-03 16:53:50: [ERROR] Erreur achat BTCUSDT: Client.__init__() got an unexpected keyword argument 'options'
2026-05-03 16:53:50: [ERROR] Erreur achat ETHUSDT: Client.__init__() got an unexpected keyword argument 'options'
2026-05-03 16:53:50: [ERROR] Erreur achat ETHUSDT: Client.__init__() got an unexpected keyword argument 'options'
2026-05-03 16:53:50: [ERROR] Erreur achat BTCUSDT: Client.__init__() got an unexpected keyword argument 'options'
2026-05-03 16:53:50: [ERROR] Erreur achat SOLUSDT: Client.__init__() got an unexpected keyword argument 'options'
2026-05-03 16:53:51: [ERROR] Erreur achat ETHUSDT: Client.__init__() got an unexpected keyword argument 'options'
2026-05-03 16:53:51: [ERROR] Erreur achat SOLUSDT: Client.__init__() got an unexpected keyword argument 'options'
2026-05-03 16:53:51: [ERROR] Erreur achat BTCUSDT: Client.__init__() got an unexpected keyword argument 'options'
2026-05-03 16:53:51: [ERROR] Erreur achat SOLUSDT: Client.__init__() got an unexpected keyword argument 'options'
2026-05-03 16:53:51: [ERROR] Erreur achat ETHUSDT: Client.__init__() got an unexpected keyword argument 'options'
2026-05-03 16:53:51: [ERROR] Erreur achat BTCUSDT: Client.__init__() got an unexpected keyword argument 'options'
2026-05-03 16:53:52: [ERROR] Erreur achat ETHUSDT: Client.__init__() got an unexpected keyword argument 'options'
2026-05-03 16:53:52: [ERROR] Erreur achat SOLUSDT: Client.__init__() got an unexpected keyword argument 'options'
2026-05-03 16:53:53: [ERROR] Erreur achat SOLUSDT: Client.__init__() got an unexpected keyword argument 'options'
2026-05-03 16:53:53: [ERROR] Erreur achat BTCUSDT: Client.__init__() got an unexpected keyword argument 'options'
2026-05-03 16:53:53: [ERROR] Erreur achat ETHUSDT: Client.__init__() got an unexpected keyword argument 'options'
2026-05-03 16:53:53: [ERROR] Erreur achat BTCUSDT: Client.__init__() got an unexpected keyword argument 'options'
2026-05-03 16:53:53: [ERROR] Erreur achat ETHUSDT: Client.__init__() got an unexpected keyword argument 'options'
2026-05-03 16:53:53: [ERROR] Erreur achat SOLUSDT: Client.__init__() got an unexpected keyword argument 'options'
2026-05-03 16:53:54: [ERROR] Erreur achat ETHUSDT: Client.__init__() got an unexpected keyword argument 'options'
2026-05-03 16:53:54: [ERROR] Erreur achat SOLUSDT: Client.__init__() got an unexpected keyword argument 'options'
2026-05-03 16:53:54: [ERROR] Erreur achat BTCUSDT: Client.__init__() got an unexpected keyword argument 'options'
2026-05-03 16:53:54: [ERROR] Erreur achat BTCUSDT: Client.__init__() got an unexpected keyword argument 'options'
2026-05-03 16:53:54: [ERROR] Erreur achat SOLUSDT: Client.__init__() got an unexpected keyword argument 'options'
2026-05-03 16:53:54: [ERROR] Erreur achat ETHUSDT: Client.__init__() got an unexpected keyword argument 'options'
2026-05-03 16:53:55: [ERROR] Erreur achat SOLUSDT: Client.__init__() got an unexpected keyword argument 'options'
2026-05-03 16:53:55: [ERROR] Erreur achat BTCUSDT: Client.__init__() got an unexpected keyword argument 'options'
2026-05-03 16:53:55: [ERROR] Erreur achat ETHUSDT: Client.__init__() got an unexpected keyword argument 'options'
2026-05-03 16:53:55: [ERROR] Erreur achat BTCUSDT: Client.__init__() got an unexpected keyword argument 'options'
2026-05-03 16:53:55: [ERROR] Erreur achat SOLUSDT: Client.__init__() got an unexpected keyword argument 'options'
2026-05-03 16:53:55: [ERROR] Erreur achat ETHUSDT: Client.__init__() got an unexpected keyword argument 'options'
2026-05-03 16:53:56: [ERROR] Erreur achat BTCUSDT: Client.__init__() got an unexpected keyword argument 'options'
2026-05-03 16:53:56: [ERROR] Erreur achat ETHUSDT: Client.__init__() got an unexpected keyword argument 'options'
2026-05-03 16:53:56: [ERROR] Erreur achat SOLUSDT: Client.__init__() got an unexpected keyword argument 'options'
2026-05-03 16:53:57: [ERROR] Erreur achat SOLUSDT: Client.__init__() got an unexpected keyword argument 'options'
2026-05-03 16:53:57: [ERROR] Erreur achat ETHUSDT: Client.__init__() got an unexpected keyword argument 'options'
2026-05-03 16:53:57: [ERROR] Erreur achat BTCUSDT: Client.__init__() got an unexpected keyword argument 'options'
2026-05-03 16:53:57: [ERROR] Erreur achat BTCUSDT: Client.__init__() got an unexpected keyword argument 'options'
2026-05-03 16:53:57: [ERROR] Erreur achat SOLUSDT: Client.__init__() got an unexpected keyword argument 'options'
2026-05-03 16:53:57: [ERROR] Erreur achat ETHUSDT: Client.__init__() got an unexpected keyword argument 'options'
2026-05-03 16:53:58: [ERROR] Erreur achat SOLUSDT: Client.__init__() got an unexpected keyword argument 'options'
2026-05-03 16:53:58: [ERROR] Erreur achat BTCUSDT: Client.__init__() got an unexpected keyword argument 'options'
2026-05-03 16:53:58: [ERROR] Erreur achat ETHUSDT: Client.__init__() got an unexpected keyword argument 'options'
2026-05-03 16:53:58: [ERROR] Erreur achat BTCUSDT: Client.__init__() got an unexpected keyword argument 'options'
2026-05-03 16:53:58: [ERROR] Erreur achat SOLUSDT: Client.__init__() got an unexpected keyword argument 'options'
2026-05-03 16:53:58: [ERROR] Erreur achat ETHUSDT: Client.__init__() got an unexpected keyword argument 'options'
2026-05-03 16:53:59: [ERROR] Erreur achat SOLUSDT: Client.__init__() got an unexpected keyword argument 'options'
2026-05-03 16:53:59: [ERROR] Erreur achat BTCUSDT: Client.__init__() got an unexpected keyword argument 'options'
2026-05-03 16:53:59: [ERROR] Erreur achat ETHUSDT: Client.__init__() got an unexpected keyword argument 'options'
2026-05-03 16:53:59: [ERROR] Erreur achat SOLUSDT: Client.__init__() got an unexpected keyword argument 'options'
2026-05-03 16:53:59: [ERROR] Erreur achat BTCUSDT: Client.__init__() got an unexpected keyword argument 'options'
2026-05-03 16:53:59: [ERROR] Erreur achat ETHUSDT: Client.__init__() got an unexpected keyword argument 'options'
2026-05-03 16:54:00: [ERROR] Erreur achat SOLUSDT: Client.__init__() got an unexpected keyword argument 'options'
2026-05-03 16:54:00: [ERROR] Erreur achat BTCUSDT: Client.__init__() got an unexpected keyword argument 'options'
2026-05-03 16:54:00: [ERROR] Erreur achat ETHUSDT: Client.__init__() got an unexpected keyword argument 'options'
2026-05-03 16:54:00: [ERROR] Erreur achat SOLUSDT: Client.__init__() got an unexpected keyword argument 'options'
2026-05-03 16:54:00: [ERROR] Erreur achat BTCUSDT: Client.__init__() got an unexpected keyword argument 'options'
2026-05-03 16:54:00: [ERROR] Erreur achat ETHUSDT: Client.__init__() got an unexpected keyword argument 'options'
2026-05-03 16:54:01: [ERROR] Erreur achat SOLUSDT: Client.__init__() got an unexpected keyword argument 'options'
2026-05-03 16:54:01: [ERROR] Erreur achat BTCUSDT: Client.__init__() got an unexpected keyword argument 'options'
2026-05-03 16:54:01: [ERROR] Erreur achat ETHUSDT: Client.__init__() got an unexpected keyword argument 'options'
2026-05-03 16:54:01: [ERROR] Erreur achat SOLUSDT: Client.__init__() got an unexpected keyword argument 'options'
2026-05-03 16:54:01: [ERROR] Erreur achat BTCUSDT: Client.__init__() got an unexpected keyword argument 'options'
2026-05-03 16:54:01: [ERROR] Erreur achat ETHUSDT: Client.__init__() got an unexpected keyword argument 'options'
2026-05-03 16:54:02: [ERROR] Erreur achat SOLUSDT: Client.__init__() got an unexpected keyword argument 'options'
2026-05-03 16:54:02: [ERROR] Erreur achat BTCUSDT: Client.__init__() got an unexpected keyword argument 'options'
2026-05-03 16:54:02: [ERROR] Erreur achat ETHUSDT: Client.__init__() got an unexpected keyword argument 'options'
2026-05-03 16:54:02: [ERROR] Erreur achat SOLUSDT: Client.__init__() got an unexpected keyword argument 'options'
2026-05-03 16:54:02: [ERROR] Erreur achat BTCUSDT: Client.__init__() got an unexpected keyword argument 'options'
2026-05-03 16:54:02: [ERROR] Erreur achat ETHUSDT: Client.__init__() got an unexpected keyword argument 'options'
2026-05-03 16:54:03: [ERROR] Erreur achat ETHUSDT: Client.__init__() got an unexpected keyword argument 'options'
2026-05-03 16:54:03: [ERROR] Erreur achat BTCUSDT: Client.__init__() got an unexpected keyword argument 'options'
2026-05-03 16:54:03: [ERROR] Erreur achat SOLUSDT: Client.__init__() got an unexpected keyword argument 'options'
2026-05-03 16:54:03: [ERROR] Erreur achat ETHUSDT: Client.__init__() got an unexpected keyword argument 'options'
2026-05-03 16:54:03: [ERROR] Erreur achat BTCUSDT: Client.__init__() got an unexpected keyword argument 'options'
2026-05-03 16:54:04: [ERROR] Erreur achat SOLUSDT: Client.__init__() got an unexpected keyword argument 'options'
2026-05-03 16:54:04: [ERROR] Erreur achat BTCUSDT: Client.__init__() got an unexpected keyword argument 'options'
2026-05-03 16:54:04: [ERROR] Erreur achat ETHUSDT: Client.__init__() got an unexpected keyword argument 'options'
2026-05-03 16:54:04: [ERROR] Erreur achat SOLUSDT: Client.__init__() got an unexpected keyword argument 'options'
2026-05-03 16:54:04: [ERROR] Erreur achat ETHUSDT: Client.__init__() got an unexpected keyword argument 'options'
2026-05-03 16:54:04: [ERROR] Erreur achat BTCUSDT: Client.__init__() got an unexpected keyword argument 'options'
2026-05-03 16:54:05: [ERROR] Erreur achat SOLUSDT: Client.__init__() got an unexpected keyword argument 'options'
2026-05-03 16:54:05: [ERROR] Erreur achat BTCUSDT: Client.__init__() got an unexpected keyword argument 'options'
2026-05-03 16:54:05: [ERROR] Erreur achat SOLUSDT: Client.__init__() got an unexpected keyword argument 'options'
2026-05-03 16:54:05: [ERROR] Erreur achat ETHUSDT: Client.__init__() got an unexpected keyword argument 'options'
2026-05-03 16:54:05: [ERROR] Erreur achat BTCUSDT: Client.__init__() got an unexpected keyword argument 'options'
2026-05-03 16:54:06: [ERROR] Erreur achat SOLUSDT: Client.__init__() got an unexpected keyword argument 'options'
2026-05-03 16:54:06: [ERROR] Échec du WebSocket pour SOLUSDT: sent 1011 (unexpected error) keepalive ping timeout; no close frame received
2026-05-03 16:54:06: [ERROR] Erreur achat ETHUSDT: Client.__init__() got an unexpected keyword argument 'options'
2026-05-03 16:54:06: [ERROR] Erreur achat BTCUSDT: Client.__init__() got an unexpected keyword argument 'options'
2026-05-03 16:54:06: [ERROR] Erreur achat ETHUSDT: Client.__init__() got an unexpected keyword argument 'options'
2026-05-03 16:54:06: [ERROR] Erreur achat BTCUSDT: Client.__init__() got an unexpected keyword argument 'options'
2026-05-03 16:54:07: [ERROR] Erreur achat ETHUSDT: Client.__init__() got an unexpected keyword argument 'options'
2026-05-03 16:54:07: [ERROR] Erreur achat ETHUSDT: Client.__init__() got an unexpected keyword argument 'options'
2026-05-03 16:54:08: [ERROR] Erreur achat ETHUSDT: Client.__init__() got an unexpected keyword argument 'options'
2026-05-03 16:54:08: [ERROR] Erreur achat ETHUSDT: Client.__init__() got an unexpected keyword argument 'options'
2026-05-03 16:54:09: [ERROR] Erreur achat ETHUSDT: Client.__init__() got an unexpected keyword argument 'options'
2026-05-03 16:54:09: [ERROR] Erreur achat ETHUSDT: Client.__init__() got an unexpected keyword argument 'options'
2026-05-03 16:54:10: [ERROR] Erreur achat ETHUSDT: Client.__init__() got an unexpected keyword argument 'options'
2026-05-03 16:54:10: [ERROR] Erreur achat ETHUSDT: Client.__init__() got an unexpected keyword argument 'options'
2026-05-03 16:54:11: [ERROR] Erreur achat ETHUSDT: Client.__init__() got an unexpected keyword argument 'options'
2026-05-03 16:54:26: [ERROR] Échec du WebSocket pour BTCUSDT: sent 1011 (unexpected error) keepalive ping timeout; no close frame received
2026-05-03 16:54:31: [ERROR] Échec du WebSocket pour ETHUSDT: sent 1011 (unexpected error) keepalive ping timeout; no close frame received
2026-05-03 16:59:12: [ERROR] Erreur données ETHUSDT: name 'client' is not defined
2026-05-03 16:59:12: [ERROR] Erreur données BTCUSDT: name 'client' is not defined
2026-05-03 16:59:12: [ERROR] Erreur données ETHUSDT: name 'client' is not defined
2026-05-03 16:59:12: [ERROR] Erreur données BTCUSDT: name 'client' is not defined
2026-05-03 16:59:12: [ERROR] Erreur données BTCUSDT: name 'client' is not defined
2026-05-03 16:59:12: [ERROR] Erreur données BTCUSDT: name 'client' is not defined
2026-05-03 16:59:12: [ERROR] Erreur données ETHUSDT: name 'client' is not defined
2026-05-03 16:59:12: [ERROR] Erreur données BTCUSDT: name 'client' is not defined
2026-05-03 16:59:12: [ERROR] Erreur données BTCUSDT: name 'client' is not defined
2026-05-03 16:59:12: [ERROR] Erreur données BTCUSDT: name 'client' is not defined
2026-05-03 16:59:12: [ERROR] Erreur données ETHUSDT: name 'client' is not defined
2026-05-03 16:59:12: [ERROR] Erreur données SOLUSDT: name 'client' is not defined
2026-05-03 16:59:12: [ERROR] Erreur données ETHUSDT: name 'client' is not defined
2026-05-03 16:59:12: [ERROR] Erreur données ETHUSDT: name 'client' is not defined
2026-05-03 16:59:12: [ERROR] Erreur données ETHUSDT: name 'client' is not defined
2026-05-03 16:59:12: [ERROR] Erreur données ETHUSDT: name 'client' is not defined
2026-05-03 16:59:12: [ERROR] Erreur données ETHUSDT: name 'client' is not defined
2026-05-03 16:59:12: [ERROR] Erreur données ETHUSDT: name 'client' is not defined
2026-05-03 16:59:12: [ERROR] Erreur données SOLUSDT: name 'client' is not defined
2026-05-03 16:59:12: [ERROR] Erreur données SOLUSDT: name 'client' is not defined
2026-05-03 16:59:12: [ERROR] Erreur données SOLUSDT: name 'client' is not defined
2026-05-03 16:59:12: [ERROR] Erreur données ETHUSDT: name 'client' is not defined
2026-05-03 16:59:12: [ERROR] Erreur données ETHUSDT: name 'client' is not defined
2026-05-03 16:59:13: [ERROR] Erreur données BTCUSDT: name 'client' is not defined
2026-05-03 16:59:13: [ERROR] Erreur données BTCUSDT: name 'client' is not defined
2026-05-03 16:59:13: [ERROR] Erreur données BTCUSDT: name 'client' is not defined
2026-05-03 16:59:13: [ERROR] Erreur données BTCUSDT: name 'client' is not defined
2026-05-03 16:59:13: [ERROR] Erreur données BTCUSDT: name 'client' is not defined
2026-05-03 16:59:13: [ERROR] Erreur données BTCUSDT: name 'client' is not defined
2026-05-03 16:59:13: [ERROR] Erreur données BTCUSDT: name 'client' is not defined
2026-05-03 16:59:13: [ERROR] Erreur données BTCUSDT: name 'client' is not defined
2026-05-03 16:59:13: [ERROR] Erreur données BTCUSDT: name 'client' is not defined
2026-05-03 16:59:13: [ERROR] Erreur données BTCUSDT: name 'client' is not defined
2026-05-03 16:59:13: [ERROR] Erreur données ETHUSDT: name 'client' is not defined
2026-05-03 16:59:13: [ERROR] Erreur données BTCUSDT: name 'client' is not defined
2026-05-03 16:59:13: [ERROR] Erreur données ETHUSDT: name 'client' is not defined
2026-05-03 16:59:13: [ERROR] Erreur données ETHUSDT: name 'client' is not defined
2026-05-03 16:59:13: [ERROR] Erreur données BTCUSDT: name 'client' is not defined
2026-05-03 16:59:13: [ERROR] Erreur données SOLUSDT: name 'client' is not defined
2026-05-03 16:59:13: [ERROR] Erreur données ETHUSDT: name 'client' is not defined
2026-05-03 16:59:13: [ERROR] Erreur données BTCUSDT: name 'client' is not defined
2026-05-03 16:59:13: [ERROR] Erreur données BTCUSDT: name 'client' is not defined
2026-05-03 16:59:13: [ERROR] Erreur données BTCUSDT: name 'client' is not defined
2026-05-03 16:59:13: [ERROR] Erreur données BTCUSDT: name 'client' is not defined
2026-05-03 16:59:13: [ERROR] Erreur données ETHUSDT: name 'client' is not defined
2026-05-03 16:59:13: [ERROR] Erreur données SOLUSDT: name 'client' is not defined
2026-05-03 16:59:13: [ERROR] Erreur données BTCUSDT: name 'client' is not defined
2026-05-03 16:59:13: [ERROR] Erreur données ETHUSDT: name 'client' is not defined
2026-05-03 16:59:13: [ERROR] Erreur données SOLUSDT: name 'client' is not defined
2026-05-03 16:59:13: [ERROR] Erreur données BTCUSDT: name 'client' is not defined
2026-05-03 16:59:13: [ERROR] Erreur données ETHUSDT: name 'client' is not defined
2026-05-03 16:59:13: [ERROR] Erreur données SOLUSDT: name 'client' is not defined
2026-05-03 16:59:13: [ERROR] Erreur données BTCUSDT: name 'client' is not defined
2026-05-03 16:59:13: [ERROR] Erreur données SOLUSDT: name 'client' is not defined
2026-05-03 16:59:13: [ERROR] Erreur données ETHUSDT: name 'client' is not defined
2026-05-03 16:59:13: [ERROR] Erreur données BTCUSDT: name 'client' is not defined
2026-05-03 16:59:13: [ERROR] Erreur données SOLUSDT: name 'client' is not defined
2026-05-03 16:59:13: [ERROR] Erreur données ETHUSDT: name 'client' is not defined
2026-05-03 16:59:13: [ERROR] Erreur données BTCUSDT: name 'client' is not defined
2026-05-03 16:59:13: [ERROR] Erreur données ETHUSDT: name 'client' is not defined
2026-05-03 16:59:13: [ERROR] Erreur données SOLUSDT: name 'client' is not defined
2026-05-03 16:59:13: [ERROR] Erreur données BTCUSDT: name 'client' is not defined
2026-05-03 16:59:13: [ERROR] Erreur données ETHUSDT: name 'client' is not defined
2026-05-03 16:59:13: [ERROR] Erreur données SOLUSDT: name 'client' is not defined
2026-05-03 16:59:13: [ERROR] Erreur données BTCUSDT: name 'client' is not defined
2026-05-03 16:59:13: [ERROR] Erreur données SOLUSDT: name 'client' is not defined
2026-05-03 16:59:13: [ERROR] Erreur données ETHUSDT: name 'client' is not defined
2026-05-03 16:59:13: [ERROR] Erreur données BTCUSDT: name 'client' is not defined
2026-05-03 16:59:13: [ERROR] Erreur données SOLUSDT: name 'client' is not defined
2026-05-03 16:59:13: [ERROR] Erreur données ETHUSDT: name 'client' is not defined
2026-05-03 16:59:13: [ERROR] Erreur données BTCUSDT: name 'client' is not defined
2026-05-03 16:59:13: [ERROR] Erreur données SOLUSDT: name 'client' is not defined
2026-05-03 16:59:13: [ERROR] Erreur données ETHUSDT: name 'client' is not defined
2026-05-03 16:59:13: [ERROR] Erreur données BTCUSDT: name 'client' is not defined
2026-05-03 16:59:13: [ERROR] Erreur données SOLUSDT: name 'client' is not defined
2026-05-03 16:59:13: [ERROR] Erreur données ETHUSDT: name 'client' is not defined
2026-05-03 16:59:13: [ERROR] Erreur données BTCUSDT: name 'client' is not defined
2026-05-03 16:59:13: [ERROR] Erreur données SOLUSDT: name 'client' is not defined
2026-05-03 16:59:13: [ERROR] Erreur données BTCUSDT: name 'client' is not defined
2026-05-03 16:59:13: [ERROR] Erreur données ETHUSDT: name 'client' is not defined
2026-05-03 16:59:13: [ERROR] Erreur données SOLUSDT: name 'client' is not defined
2026-05-03 16:59:13: [ERROR] Erreur données BTCUSDT: name 'client' is not defined
2026-05-03 16:59:13: [ERROR] Erreur données ETHUSDT: name 'client' is not defined
2026-05-03 16:59:13: [ERROR] Erreur données SOLUSDT: name 'client' is not defined
2026-05-03 16:59:13: [ERROR] Erreur données BTCUSDT: name 'client' is not defined
2026-05-03 16:59:13: [ERROR] Erreur données ETHUSDT: name 'client' is not defined
2026-05-03 16:59:13: [ERROR] Erreur données SOLUSDT: name 'client' is not defined
2026-05-03 16:59:13: [ERROR] Erreur données BTCUSDT: name 'client' is not defined
2026-05-03 16:59:13: [ERROR] Erreur données ETHUSDT: name 'client' is not defined
2026-05-03 16:59:13: [ERROR] Erreur données SOLUSDT: name 'client' is not defined
2026-05-03 16:59:13: [ERROR] Erreur données BTCUSDT: name 'client' is not defined
2026-05-03 16:59:13: [ERROR] Erreur données ETHUSDT: name 'client' is not defined
2026-05-03 16:59:13: [ERROR] Erreur données SOLUSDT: name 'client' is not defined
2026-05-03 16:59:13: [ERROR] Erreur données ETHUSDT: name 'client' is not defined
2026-05-03 16:59:13: [ERROR] Erreur données BTCUSDT: name 'client' is not defined
2026-05-03 16:59:13: [ERROR] Erreur données SOLUSDT: name 'client' is not defined
2026-05-03 16:59:13: [ERROR] Erreur données ETHUSDT: name 'client' is not defined
2026-05-03 16:59:13: [ERROR] Erreur données BTCUSDT: name 'client' is not defined
2026-05-03 16:59:13: [ERROR] Erreur données SOLUSDT: name 'client' is not defined
2026-05-03 16:59:13: [ERROR] Erreur données ETHUSDT: name 'client' is not defined
2026-05-03 16:59:13: [ERROR] Erreur données BTCUSDT: name 'client' is not defined
2026-05-03 16:59:13: [ERROR] Erreur données ETHUSDT: name 'client' is not defined
2026-05-03 16:59:13: [ERROR] Erreur données BTCUSDT: name 'client' is not defined
2026-05-03 16:59:13: [ERROR] Erreur données ETHUSDT: name 'client' is not defined
2026-05-03 16:59:13: [ERROR] Erreur données ETHUSDT: name 'client' is not defined
2026-05-03 16:59:13: [ERROR] Erreur données ETHUSDT: name 'client' is not defined
2026-05-03 16:59:13: [ERROR] Erreur données ETHUSDT: name 'client' is not defined
2026-05-03 16:59:13: [ERROR] Erreur données SOLUSDT: name 'client' is not defined
2026-05-03 16:59:13: [ERROR] Erreur données ETHUSDT: name 'client' is not defined
2026-05-03 16:59:13: [ERROR] Erreur données ETHUSDT: name 'client' is not defined
2026-05-03 16:59:13: [ERROR] Erreur données ETHUSDT: name 'client' is not defined
2026-05-03 16:59:13: [ERROR] Erreur données ETHUSDT: name 'client' is not defined
2026-05-03 16:59:13: [ERROR] Erreur données ETHUSDT: name 'client' is not defined
2026-05-03 16:59:13: [ERROR] Erreur données ETHUSDT: name 'client' is not defined
2026-05-03 16:59:13: [ERROR] Erreur données ETHUSDT: name 'client' is not defined
2026-05-03 16:59:13: [ERROR] Erreur données ETHUSDT: name 'client' is not defined
2026-05-03 16:59:13: [ERROR] Erreur données ETHUSDT: name 'client' is not defined
2026-05-03 16:59:13: [ERROR] Erreur données ETHUSDT: name 'client' is not defined
2026-05-03 16:59:13: [ERROR] Erreur données BTCUSDT: name 'client' is not defined
2026-05-03 16:59:13: [ERROR] Erreur données BTCUSDT: name 'client' is not defined
2026-05-03 16:59:13: [ERROR] Erreur données BTCUSDT: name 'client' is not defined
2026-05-03 16:59:13: [ERROR] Erreur données BTCUSDT: name 'client' is not defined
2026-05-03 16:59:13: [ERROR] Erreur données BTCUSDT: name 'client' is not defined
2026-05-03 16:59:13: [ERROR] Erreur données BTCUSDT: name 'client' is not defined
2026-05-03 16:59:13: [ERROR] Erreur données BTCUSDT: name 'client' is not defined
2026-05-03 16:59:13: [ERROR] Erreur données BTCUSDT: name 'client' is not defined
2026-05-03 16:59:13: [ERROR] Erreur données BTCUSDT: name 'client' is not defined
2026-05-03 16:59:13: [ERROR] Erreur données BTCUSDT: name 'client' is not defined
2026-05-03 16:59:13: [ERROR] Erreur données BTCUSDT: name 'client' is not defined
2026-05-03 16:59:13: [ERROR] Erreur données BTCUSDT: name 'client' is not defined
2026-05-03 16:59:13: [ERROR] Erreur données BTCUSDT: name 'client' is not defined
2026-05-03 16:59:13: [ERROR] Erreur données BTCUSDT: name 'client' is not defined
2026-05-03 16:59:13: [ERROR] Erreur données BTCUSDT: name 'client' is not defined
2026-05-03 16:59:13: [ERROR] Erreur données ETHUSDT: name 'client' is not defined
2026-05-03 16:59:13: [ERROR] Erreur données BTCUSDT: name 'client' is not defined
2026-05-03 16:59:13: [ERROR] Erreur données ETHUSDT: name 'client' is not defined
2026-05-03 16:59:13: [ERROR] Erreur données BTCUSDT: name 'client' is not defined
2026-05-03 16:59:13: [ERROR] Erreur données ETHUSDT: name 'client' is not defined
2026-05-03 16:59:13: [ERROR] Erreur données BTCUSDT: name 'client' is not defined
2026-05-03 16:59:13: [ERROR] Erreur données ETHUSDT: name 'client' is not defined
2026-05-03 16:59:13: [ERROR] Erreur données BTCUSDT: name 'client' is not defined
2026-05-03 16:59:13: [ERROR] Erreur données ETHUSDT: name 'client' is not defined
2026-05-03 16:59:13: [ERROR] Erreur données BTCUSDT: name 'client' is not defined
2026-05-03 16:59:13: [ERROR] Erreur données ETHUSDT: name 'client' is not defined
2026-05-03 16:59:13: [ERROR] Erreur données BTCUSDT: name 'client' is not defined
2026-05-03 16:59:13: [ERROR] Erreur données ETHUSDT: name 'client' is not defined
2026-05-03 16:59:13: [ERROR] Erreur données BTCUSDT: name 'client' is not defined
2026-05-03 16:59:13: [ERROR] Erreur données ETHUSDT: name 'client' is not defined
2026-05-03 16:59:13: [ERROR] Erreur données BTCUSDT: name 'client' is not defined
2026-05-03 16:59:13: [ERROR] Erreur données ETHUSDT: name 'client' is not defined
2026-05-03 16:59:13: [ERROR] Erreur données BTCUSDT: name 'client' is not defined
2026-05-03 16:59:13: [ERROR] Erreur données ETHUSDT: name 'client' is not defined
2026-05-03 16:59:13: [ERROR] Erreur données BTCUSDT: name 'client' is not defined
2026-05-03 16:59:13: [ERROR] Erreur données ETHUSDT: name 'client' is not defined
2026-05-03 16:59:13: [ERROR] Erreur données BTCUSDT: name 'client' is not defined
2026-05-03 16:59:13: [ERROR] Erreur données ETHUSDT: name 'client' is not defined
2026-05-03 16:59:13: [ERROR] Erreur données BTCUSDT: name 'client' is not defined
2026-05-03 16:59:13: [ERROR] Erreur données ETHUSDT: name 'client' is not defined
2026-05-03 16:59:13: [ERROR] Erreur données BTCUSDT: name 'client' is not defined
2026-05-03 16:59:13: [ERROR] Erreur données ETHUSDT: name 'client' is not defined
2026-05-03 16:59:13: [ERROR] Erreur données BTCUSDT: name 'client' is not defined
2026-05-03 16:59:13: [ERROR] Erreur données ETHUSDT: name 'client' is not defined
2026-05-03 16:59:13: [ERROR] Erreur données BTCUSDT: name 'client' is not defined
2026-05-03 16:59:13: [ERROR] Erreur données SOLUSDT: name 'client' is not defined
2026-05-03 16:59:13: [ERROR] Erreur données ETHUSDT: name 'client' is not defined
2026-05-03 16:59:13: [ERROR] Erreur données BTCUSDT: name 'client' is not defined
2026-05-03 16:59:13: [ERROR] Erreur données ETHUSDT: name 'client' is not defined
2026-05-03 16:59:13: [ERROR] Erreur données BTCUSDT: name 'client' is not defined
2026-05-03 16:59:13: [ERROR] Erreur données ETHUSDT: name 'client' is not defined
2026-05-03 16:59:13: [ERROR] Erreur données BTCUSDT: name 'client' is not defined
2026-05-03 16:59:13: [ERROR] Erreur données ETHUSDT: name 'client' is not defined
2026-05-03 16:59:13: [ERROR] Erreur données BTCUSDT: name 'client' is not defined
2026-05-03 16:59:13: [ERROR] Erreur données ETHUSDT: name 'client' is not defined
2026-05-03 16:59:13: [ERROR] Erreur données BTCUSDT: name 'client' is not defined
2026-05-03 16:59:13: [ERROR] Erreur données ETHUSDT: name 'client' is not defined
2026-05-03 16:59:13: [ERROR] Erreur données BTCUSDT: name 'client' is not defined
2026-05-03 16:59:13: [ERROR] Erreur données ETHUSDT: name 'client' is not defined
2026-05-03 16:59:13: [ERROR] Erreur données BTCUSDT: name 'client' is not defined
2026-05-03 16:59:13: [ERROR] Erreur données ETHUSDT: name 'client' is not defined
2026-05-03 16:59:13: [ERROR] Erreur données BTCUSDT: name 'client' is not defined
2026-05-03 16:59:13: [ERROR] Erreur données ETHUSDT: name 'client' is not defined
2026-05-03 16:59:13: [ERROR] Erreur données BTCUSDT: name 'client' is not defined
2026-05-03 16:59:13: [ERROR] Erreur données ETHUSDT: name 'client' is not defined
2026-05-03 16:59:13: [ERROR] Erreur données BTCUSDT: name 'client' is not defined
2026-05-03 16:59:13: [ERROR] Erreur données ETHUSDT: name 'client' is not defined
2026-05-03 16:59:13: [ERROR] Erreur données BTCUSDT: name 'client' is not defined
2026-05-03 16:59:13: [ERROR] Erreur données ETHUSDT: name 'client' is not defined
2026-05-03 16:59:13: [ERROR] Erreur données BTCUSDT: name 'client' is not defined
2026-05-03 16:59:13: [ERROR] Erreur données BTCUSDT: name 'client' is not defined
2026-05-03 16:59:13: [ERROR] Erreur données BTCUSDT: name 'client' is not defined
2026-05-03 16:59:13: [ERROR] Erreur données BTCUSDT: name 'client' is not defined
2026-05-03 16:59:13: [ERROR] Erreur données BTCUSDT: name 'client' is not defined
2026-05-03 16:59:13: [ERROR] Erreur données ETHUSDT: name 'client' is not defined
2026-05-03 16:59:13: [ERROR] Erreur données BTCUSDT: name 'client' is not defined
2026-05-03 16:59:13: [ERROR] Erreur données ETHUSDT: name 'client' is not defined
2026-05-03 16:59:13: [ERROR] Erreur données BTCUSDT: name 'client' is not defined
2026-05-03 16:59:13: [ERROR] Erreur données ETHUSDT: name 'client' is not defined
2026-05-03 16:59:13: [ERROR] Erreur données BTCUSDT: name 'client' is not defined
2026-05-03 16:59:13: [ERROR] Erreur données BTCUSDT: name 'client' is not defined
2026-05-03 16:59:13: [ERROR] Erreur données BTCUSDT: name 'client' is not defined
2026-05-03 16:59:13: [ERROR] Erreur données BTCUSDT: name 'client' is not defined
2026-05-03 16:59:13: [ERROR] Erreur données BTCUSDT: name 'client' is not defined
2026-05-03 16:59:13: [ERROR] Erreur données BTCUSDT: name 'client' is not defined
2026-05-03 16:59:13: [ERROR] Erreur données BTCUSDT: name 'client' is not defined
2026-05-03 16:59:13: [ERROR] Erreur données BTCUSDT: name 'client' is not defined
2026-05-03 16:59:13: [ERROR] Erreur données BTCUSDT: name 'client' is not defined
2026-05-03 16:59:13: [ERROR] Erreur données BTCUSDT: name 'client' is not defined
2026-05-03 16:59:13: [ERROR] Erreur données BTCUSDT: name 'client' is not defined
2026-05-03 16:59:13: [ERROR] Erreur données BTCUSDT: name 'client' is not defined
2026-05-03 16:59:13: [ERROR] Erreur données BTCUSDT: name 'client' is not defined
2026-05-03 16:59:13: [ERROR] Erreur données BTCUSDT: name 'client' is not defined
2026-05-03 16:59:13: [ERROR] Erreur données BTCUSDT: name 'client' is not defined
2026-05-03 16:59:13: [ERROR] Erreur données BTCUSDT: name 'client' is not defined
2026-05-03 16:59:13: [ERROR] Erreur données BTCUSDT: name 'client' is not defined
2026-05-03 16:59:13: [ERROR] Erreur données BTCUSDT: name 'client' is not defined
2026-05-03 16:59:13: [ERROR] Erreur données BTCUSDT: name 'client' is not defined
2026-05-03 16:59:13: [ERROR] Erreur données BTCUSDT: name 'client' is not defined
2026-05-03 16:59:13: [ERROR] Erreur données BTCUSDT: name 'client' is not defined
2026-05-03 16:59:13: [ERROR] Erreur données BTCUSDT: name 'client' is not defined
2026-05-03 16:59:13: [ERROR] Erreur données BTCUSDT: name 'client' is not defined
2026-05-03 16:59:13: [ERROR] Erreur données BTCUSDT: name 'client' is not defined
2026-05-03 16:59:13: [ERROR] Erreur données BTCUSDT: name 'client' is not defined
2026-05-03 16:59:13: [ERROR] Erreur données BTCUSDT: name 'client' is not defined
2026-05-03 16:59:13: [ERROR] Erreur données BTCUSDT: name 'client' is not defined
2026-05-03 16:59:13: [ERROR] Erreur données BTCUSDT: name 'client' is not defined
2026-05-03 16:59:13: [ERROR] Erreur données BTCUSDT: name 'client' is not defined
2026-05-03 16:59:13: [ERROR] Erreur données BTCUSDT: name 'client' is not defined
2026-05-03 16:59:13: [ERROR] Erreur données BTCUSDT: name 'client' is not defined
2026-05-03 16:59:13: [ERROR] Erreur données BTCUSDT: name 'client' is not defined
2026-05-03 16:59:13: [ERROR] Erreur données BTCUSDT: name 'client' is not defined
2026-05-03 16:59:13: [ERROR] Erreur données BTCUSDT: name 'client' is not defined
2026-05-03 16:59:13: [ERROR] Erreur données BTCUSDT: name 'client' is not defined
2026-05-03 16:59:13: [ERROR] Erreur données BTCUSDT: name 'client' is not defined
2026-05-03 16:59:13: [ERROR] Erreur données BTCUSDT: name 'client' is not defined
2026-05-03 16:59:13: [ERROR] Erreur données BTCUSDT: name 'client' is not defined
2026-05-03 16:59:13: [ERROR] Erreur données BTCUSDT: name 'client' is not defined
2026-05-03 16:59:13: [ERROR] Erreur données BTCUSDT: name 'client' is not defined
2026-05-03 16:59:13: [ERROR] Erreur données BTCUSDT: name 'client' is not defined
2026-05-03 16:59:13: [ERROR] Erreur données BTCUSDT: name 'client' is not defined
2026-05-03 16:59:13: [ERROR] Erreur données BTCUSDT: name 'client' is not defined
2026-05-03 16:59:13: [ERROR] Erreur données BTCUSDT: name 'client' is not defined
2026-05-03 16:59:13: [ERROR] Erreur données BTCUSDT: name 'client' is not defined
2026-05-03 16:59:13: [ERROR] Erreur données BTCUSDT: name 'client' is not defined
2026-05-03 16:59:13: [ERROR] Erreur données ETHUSDT: name 'client' is not defined
2026-05-03 16:59:13: [ERROR] Erreur données BTCUSDT: name 'client' is not defined
2026-05-03 16:59:13: [ERROR] Erreur données BTCUSDT: name 'client' is not defined
2026-05-03 16:59:13: [ERROR] Erreur données BTCUSDT: name 'client' is not defined
2026-05-03 16:59:13: [ERROR] Erreur données BTCUSDT: name 'client' is not defined
2026-05-03 16:59:13: [ERROR] Erreur données BTCUSDT: name 'client' is not defined
2026-05-03 16:59:13: [ERROR] Erreur données BTCUSDT: name 'client' is not defined
2026-05-03 16:59:13: [ERROR] Erreur données BTCUSDT: name 'client' is not defined
2026-05-03 16:59:13: [ERROR] Erreur données BTCUSDT: name 'client' is not defined
2026-05-03 16:59:13: [ERROR] Erreur données BTCUSDT: name 'client' is not defined
2026-05-03 16:59:13: [ERROR] Erreur données BTCUSDT: name 'client' is not defined
2026-05-03 16:59:13: [ERROR] Erreur données BTCUSDT: name 'client' is not defined
2026-05-03 16:59:13: [ERROR] Erreur données ETHUSDT: name 'client' is not defined
2026-05-03 16:59:13: [ERROR] Erreur données BTCUSDT: name 'client' is not defined
2026-05-03 16:59:13: [ERROR] Erreur données BTCUSDT: name 'client' is not defined
2026-05-03 16:59:13: [ERROR] Erreur données BTCUSDT: name 'client' is not defined
2026-05-03 16:59:13: [ERROR] Erreur données BTCUSDT: name 'client' is not defined
2026-05-03 16:59:13: [ERROR] Erreur données BTCUSDT: name 'client' is not defined
2026-05-03 16:59:13: [ERROR] Erreur données BTCUSDT: name 'client' is not defined
2026-05-03 16:59:13: [ERROR] Erreur données BTCUSDT: name 'client' is not defined
2026-05-03 16:59:13: [ERROR] Erreur données BTCUSDT: name 'client' is not defined
2026-05-03 16:59:13: [ERROR] Erreur données BTCUSDT: name 'client' is not defined
2026-05-03 16:59:13: [ERROR] Erreur données BTCUSDT: name 'client' is not defined
2026-05-03 16:59:13: [ERROR] Erreur données BTCUSDT: name 'client' is not defined
2026-05-03 16:59:13: [ERROR] Erreur données BTCUSDT: name 'client' is not defined
2026-05-03 16:59:13: [ERROR] Erreur données BTCUSDT: name 'client' is not defined
2026-05-03 16:59:13: [ERROR] Erreur données BTCUSDT: name 'client' is not defined
2026-05-03 16:59:13: [ERROR] Erreur données BTCUSDT: name 'client' is not defined
2026-05-03 16:59:13: [ERROR] Erreur données BTCUSDT: name 'client' is not defined
2026-05-03 16:59:13: [ERROR] Erreur données BTCUSDT: name 'client' is not defined
2026-05-03 16:59:13: [ERROR] Erreur données BTCUSDT: name 'client' is not defined
2026-05-03 16:59:13: [ERROR] Erreur données BTCUSDT: name 'client' is not defined
2026-05-03 16:59:13: [ERROR] Erreur données BTCUSDT: name 'client' is not defined
2026-05-03 16:59:13: [ERROR] Erreur données BTCUSDT: name 'client' is not defined
2026-05-03 16:59:13: [ERROR] Erreur données BTCUSDT: name 'client' is not defined
2026-05-03 16:59:13: [ERROR] Erreur données BTCUSDT: name 'client' is not defined
2026-05-03 16:59:13: [ERROR] Erreur données BTCUSDT: name 'client' is not defined
2026-05-03 16:59:13: [ERROR] Erreur données BTCUSDT: name 'client' is not defined
2026-05-03 16:59:13: [ERROR] Erreur données BTCUSDT: name 'client' is not defined
2026-05-03 16:59:13: [ERROR] Erreur données BTCUSDT: name 'client' is not defined
2026-05-03 16:59:13: [ERROR] Erreur données BTCUSDT: name 'client' is not defined
2026-05-03 16:59:13: [ERROR] Erreur données BTCUSDT: name 'client' is not defined
2026-05-03 16:59:13: [ERROR] Erreur données BTCUSDT: name 'client' is not defined
2026-05-03 16:59:13: [ERROR] Erreur données BTCUSDT: name 'client' is not defined
2026-05-03 16:59:13: [ERROR] Erreur données BTCUSDT: name 'client' is not defined
2026-05-03 16:59:13: [ERROR] Erreur données BTCUSDT: name 'client' is not defined
2026-05-03 16:59:13: [ERROR] Erreur données BTCUSDT: name 'client' is not defined
2026-05-03 16:59:13: [ERROR] Erreur données BTCUSDT: name 'client' is not defined
2026-05-03 16:59:13: [ERROR] Erreur données BTCUSDT: name 'client' is not defined
2026-05-03 16:59:13: [ERROR] Erreur données BTCUSDT: name 'client' is not defined
2026-05-03 16:59:13: [ERROR] Erreur données BTCUSDT: name 'client' is not defined
2026-05-03 16:59:13: [ERROR] Erreur données BTCUSDT: name 'client' is not defined
2026-05-03 16:59:13: [ERROR] Erreur données BTCUSDT: name 'client' is not defined
2026-05-03 16:59:13: [ERROR] Erreur données BTCUSDT: name 'client' is not defined
2026-05-03 16:59:13: [ERROR] Erreur données BTCUSDT: name 'client' is not defined
2026-05-03 16:59:13: [ERROR] Erreur données BTCUSDT: name 'client' is not defined
2026-05-03 16:59:13: [ERROR] Erreur données BTCUSDT: name 'client' is not defined
2026-05-03 16:59:13: [ERROR] Erreur données BTCUSDT: name 'client' is not defined
2026-05-03 16:59:13: [ERROR] Erreur données BTCUSDT: name 'client' is not defined
2026-05-03 16:59:13: [ERROR] Erreur données BTCUSDT: name 'client' is not defined
2026-05-03 16:59:13: [ERROR] Erreur données BTCUSDT: name 'client' is not defined
2026-05-03 16:59:13: [ERROR] Erreur données BTCUSDT: name 'client' is not defined
2026-05-03 16:59:13: [ERROR] Erreur données BTCUSDT: name 'client' is not defined
2026-05-03 16:59:13: [ERROR] Erreur données BTCUSDT: name 'client' is not defined
2026-05-03 16:59:13: [ERROR] Erreur données BTCUSDT: name 'client' is not defined
2026-05-03 16:59:13: [ERROR] Erreur données BTCUSDT: name 'client' is not defined
2026-05-03 16:59:13: [ERROR] Erreur données BTCUSDT: name 'client' is not defined
2026-05-03 16:59:13: [ERROR] Erreur données BTCUSDT: name 'client' is not defined
2026-05-03 16:59:13: [ERROR] Erreur données BTCUSDT: name 'client' is not defined
2026-05-03 16:59:13: [ERROR] Erreur données BTCUSDT: name 'client' is not defined
2026-05-03 16:59:13: [ERROR] Erreur données BTCUSDT: name 'client' is not defined
2026-05-03 16:59:13: [ERROR] Erreur données BTCUSDT: name 'client' is not defined
2026-05-03 16:59:13: [ERROR] Erreur données BTCUSDT: name 'client' is not defined
2026-05-03 16:59:13: [ERROR] Erreur données BTCUSDT: name 'client' is not defined
2026-05-03 16:59:13: [ERROR] Erreur données BTCUSDT: name 'client' is not defined
2026-05-03 16:59:13: [ERROR] Erreur données BTCUSDT: name 'client' is not defined
2026-05-03 16:59:13: [ERROR] Erreur données BTCUSDT: name 'client' is not defined
2026-05-03 16:59:13: [ERROR] Erreur données BTCUSDT: name 'client' is not defined
2026-05-03 16:59:13: [ERROR] Erreur données BTCUSDT: name 'client' is not defined
2026-05-03 16:59:13: [ERROR] Erreur données BTCUSDT: name 'client' is not defined
2026-05-03 16:59:13: [ERROR] Erreur données BTCUSDT: name 'client' is not defined
2026-05-03 16:59:13: [ERROR] Erreur données BTCUSDT: name 'client' is not defined
2026-05-03 16:59:13: [ERROR] Erreur données BTCUSDT: name 'client' is not defined
2026-05-03 16:59:13: [ERROR] Erreur données ETHUSDT: name 'client' is not defined
2026-05-03 16:59:13: [ERROR] Erreur données ETHUSDT: name 'client' is not defined
2026-05-03 16:59:13: [ERROR] Erreur données BTCUSDT: name 'client' is not defined
2026-05-03 16:59:13: [ERROR] Erreur données BTCUSDT: name 'client' is not defined
2026-05-03 16:59:13: [ERROR] Erreur données BTCUSDT: name 'client' is not defined
2026-05-03 16:59:13: [ERROR] Erreur données BTCUSDT: name 'client' is not defined
2026-05-03 16:59:13: [ERROR] Erreur données BTCUSDT: name 'client' is not defined
2026-05-03 16:59:13: [ERROR] Erreur données BTCUSDT: name 'client' is not defined
2026-05-03 16:59:13: [ERROR] Erreur données BTCUSDT: name 'client' is not defined
2026-05-03 16:59:13: [ERROR] Erreur données BTCUSDT: name 'client' is not defined
2026-05-03 16:59:13: [ERROR] Erreur données BTCUSDT: name 'client' is not defined
2026-05-03 16:59:13: [ERROR] Erreur données ETHUSDT: name 'client' is not defined
2026-05-03 16:59:13: [ERROR] Erreur données ETHUSDT: name 'client' is not defined
2026-05-03 16:59:13: [ERROR] Erreur données SOLUSDT: name 'client' is not defined
2026-05-03 16:59:13: [ERROR] Erreur données BTCUSDT: name 'client' is not defined
2026-05-03 16:59:13: [ERROR] Erreur données SOLUSDT: name 'client' is not defined
2026-05-03 16:59:13: [ERROR] Erreur données SOLUSDT: name 'client' is not defined
2026-05-03 16:59:13: [ERROR] Erreur données SOLUSDT: name 'client' is not defined
2026-05-03 16:59:13: [ERROR] Erreur données BTCUSDT: name 'client' is not defined
2026-05-03 16:59:13: [ERROR] Erreur données BTCUSDT: name 'client' is not defined
2026-05-03 16:59:13: [ERROR] Erreur données BTCUSDT: name 'client' is not defined
2026-05-03 16:59:14: [ERROR] Erreur données SOLUSDT: name 'client' is not defined
2026-05-03 16:59:14: [ERROR] Erreur données ETHUSDT: name 'client' is not defined
2026-05-03 16:59:14: [ERROR] Erreur données SOLUSDT: name 'client' is not defined
2026-05-03 16:59:14: [ERROR] Erreur données BTCUSDT: name 'client' is not defined
2026-05-03 16:59:14: [ERROR] Erreur données BTCUSDT: name 'client' is not defined
2026-05-03 16:59:14: [ERROR] Erreur données SOLUSDT: name 'client' is not defined
2026-05-03 16:59:14: [ERROR] Erreur données ETHUSDT: name 'client' is not defined
2026-05-03 16:59:14: [ERROR] Erreur données BTCUSDT: name 'client' is not defined
2026-05-03 16:59:14: [ERROR] Erreur données BTCUSDT: name 'client' is not defined
2026-05-03 16:59:14: [ERROR] Erreur données BTCUSDT: name 'client' is not defined
2026-05-03 16:59:14: [ERROR] Erreur données ETHUSDT: name 'client' is not defined
2026-05-03 16:59:14: [ERROR] Erreur données BTCUSDT: name 'client' is not defined
2026-05-03 16:59:14: [ERROR] Erreur données ETHUSDT: name 'client' is not defined
2026-05-03 16:59:14: [ERROR] Erreur données BTCUSDT: name 'client' is not defined
2026-05-03 16:59:14: [ERROR] Erreur données ETHUSDT: name 'client' is not defined
2026-05-03 16:59:14: [ERROR] Erreur données BTCUSDT: name 'client' is not defined
2026-05-03 16:59:14: [ERROR] Erreur données ETHUSDT: name 'client' is not defined
2026-05-03 16:59:14: [ERROR] Erreur données BTCUSDT: name 'client' is not defined
2026-05-03 16:59:14: [ERROR] Erreur données ETHUSDT: name 'client' is not defined
2026-05-03 16:59:14: [ERROR] Erreur données BTCUSDT: name 'client' is not defined
2026-05-03 16:59:14: [ERROR] Erreur données BTCUSDT: name 'client' is not defined
2026-05-03 16:59:14: [ERROR] Erreur données BTCUSDT: name 'client' is not defined
2026-05-03 16:59:14: [ERROR] Erreur données BTCUSDT: name 'client' is not defined
2026-05-03 16:59:14: [ERROR] Erreur données BTCUSDT: name 'client' is not defined
2026-05-03 16:59:14: [ERROR] Erreur données BTCUSDT: name 'client' is not defined
2026-05-03 16:59:14: [ERROR] Erreur données BTCUSDT: name 'client' is not defined
2026-05-03 16:59:14: [ERROR] Erreur données BTCUSDT: name 'client' is not defined
2026-05-03 16:59:14: [ERROR] Erreur données BTCUSDT: name 'client' is not defined
2026-05-03 16:59:14: [ERROR] Erreur données BTCUSDT: name 'client' is not defined
2026-05-03 16:59:14: [ERROR] Erreur données BTCUSDT: name 'client' is not defined
2026-05-03 16:59:14: [ERROR] Erreur données BTCUSDT: name 'client' is not defined
2026-05-03 16:59:14: [ERROR] Erreur données BTCUSDT: name 'client' is not defined
2026-05-03 16:59:14: [ERROR] Erreur données BTCUSDT: name 'client' is not defined
2026-05-03 16:59:14: [ERROR] Erreur données BTCUSDT: name 'client' is not defined
2026-05-03 16:59:14: [ERROR] Erreur données BTCUSDT: name 'client' is not defined
2026-05-03 16:59:14: [ERROR] Erreur données BTCUSDT: name 'client' is not defined
2026-05-03 16:59:14: [ERROR] Erreur données BTCUSDT: name 'client' is not defined
2026-05-03 16:59:14: [ERROR] Erreur données BTCUSDT: name 'client' is not defined
2026-05-03 16:59:14: [ERROR] Erreur données BTCUSDT: name 'client' is not defined
2026-05-03 16:59:14: [ERROR] Erreur données BTCUSDT: name 'client' is not defined
2026-05-03 16:59:14: [ERROR] Erreur données BTCUSDT: name 'client' is not defined
2026-05-03 16:59:14: [ERROR] Erreur données BTCUSDT: name 'client' is not defined
2026-05-03 16:59:14: [ERROR] Erreur données BTCUSDT: name 'client' is not defined
2026-05-03 16:59:14: [ERROR] Erreur données BTCUSDT: name 'client' is not defined
2026-05-03 16:59:14: [ERROR] Erreur données BTCUSDT: name 'client' is not defined
2026-05-03 16:59:14: [ERROR] Erreur données BTCUSDT: name 'client' is not defined
2026-05-03 16:59:14: [ERROR] Erreur données BTCUSDT: name 'client' is not defined
2026-05-03 16:59:14: [ERROR] Erreur données BTCUSDT: name 'client' is not defined
2026-05-03 16:59:14: [ERROR] Erreur données BTCUSDT: name 'client' is not defined
2026-05-03 16:59:14: [ERROR] Erreur données BTCUSDT: name 'client' is not defined
2026-05-03 16:59:14: [ERROR] Erreur données BTCUSDT: name 'client' is not defined
2026-05-03 16:59:14: [ERROR] Erreur données BTCUSDT: name 'client' is not defined
2026-05-03 16:59:14: [ERROR] Erreur données BTCUSDT: name 'client' is not defined
2026-05-03 16:59:14: [ERROR] Erreur données BTCUSDT: name 'client' is not defined
2026-05-03 16:59:14: [ERROR] Erreur données BTCUSDT: name 'client' is not defined
2026-05-03 16:59:14: [ERROR] Erreur données BTCUSDT: name 'client' is not defined
2026-05-03 16:59:14: [ERROR] Erreur données BTCUSDT: name 'client' is not defined
2026-05-03 16:59:14: [ERROR] Erreur données BTCUSDT: name 'client' is not defined
2026-05-03 16:59:14: [ERROR] Erreur données BTCUSDT: name 'client' is not defined
2026-05-03 16:59:14: [ERROR] Erreur données BTCUSDT: name 'client' is not defined
2026-05-03 16:59:14: [ERROR] Erreur données BTCUSDT: name 'client' is not defined
2026-05-03 16:59:14: [ERROR] Erreur données BTCUSDT: name 'client' is not defined
2026-05-03 16:59:14: [ERROR] Erreur données BTCUSDT: name 'client' is not defined
2026-05-03 16:59:14: [ERROR] Erreur données BTCUSDT: name 'client' is not defined
2026-05-03 16:59:14: [ERROR] Erreur données BTCUSDT: name 'client' is not defined
2026-05-03 16:59:14: [ERROR] Erreur données BTCUSDT: name 'client' is not defined
2026-05-03 16:59:14: [ERROR] Erreur données BTCUSDT: name 'client' is not defined
2026-05-03 16:59:14: [ERROR] Erreur données BTCUSDT: name 'client' is not defined
2026-05-03 16:59:14: [ERROR] Erreur données BTCUSDT: name 'client' is not defined
2026-05-03 16:59:14: [ERROR] Erreur données BTCUSDT: name 'client' is not defined
2026-05-03 16:59:14: [ERROR] Erreur données BTCUSDT: name 'client' is not defined
2026-05-03 16:59:14: [ERROR] Erreur données BTCUSDT: name 'client' is not defined
2026-05-03 16:59:14: [ERROR] Erreur données BTCUSDT: name 'client' is not defined
2026-05-03 16:59:14: [ERROR] Erreur données BTCUSDT: name 'client' is not defined
2026-05-03 16:59:14: [ERROR] Erreur données BTCUSDT: name 'client' is not defined
2026-05-03 16:59:14: [ERROR] Erreur données BTCUSDT: name 'client' is not defined
2026-05-03 16:59:14: [ERROR] Erreur données BTCUSDT: name 'client' is not defined
2026-05-03 16:59:14: [ERROR] Erreur données BTCUSDT: name 'client' is not defined
2026-05-03 16:59:14: [ERROR] Erreur données BTCUSDT: name 'client' is not defined
2026-05-03 16:59:14: [ERROR] Erreur données BTCUSDT: name 'client' is not defined
2026-05-03 16:59:14: [ERROR] Erreur données BTCUSDT: name 'client' is not defined
2026-05-03 16:59:14: [ERROR] Erreur données BTCUSDT: name 'client' is not defined
2026-05-03 16:59:14: [ERROR] Erreur données BTCUSDT: name 'client' is not defined
2026-05-03 16:59:14: [ERROR] Erreur données BTCUSDT: name 'client' is not defined
2026-05-03 16:59:14: [ERROR] Erreur données BTCUSDT: name 'client' is not defined
2026-05-03 16:59:14: [ERROR] Erreur données BTCUSDT: name 'client' is not defined
2026-05-03 16:59:14: [ERROR] Erreur données BTCUSDT: name 'client' is not defined
2026-05-03 16:59:14: [ERROR] Erreur données BTCUSDT: name 'client' is not defined
2026-05-03 16:59:14: [ERROR] Erreur données BTCUSDT: name 'client' is not defined
2026-05-03 16:59:14: [ERROR] Erreur données BTCUSDT: name 'client' is not defined
2026-05-03 16:59:14: [ERROR] Erreur données BTCUSDT: name 'client' is not defined
2026-05-03 16:59:14: [ERROR] Erreur données BTCUSDT: name 'client' is not defined
2026-05-03 16:59:14: [ERROR] Erreur données BTCUSDT: name 'client' is not defined
2026-05-03 16:59:14: [ERROR] Erreur données BTCUSDT: name 'client' is not defined
2026-05-03 16:59:14: [ERROR] Erreur données BTCUSDT: name 'client' is not defined
2026-05-03 16:59:14: [ERROR] Erreur données BTCUSDT: name 'client' is not defined
2026-05-03 16:59:14: [ERROR] Erreur données BTCUSDT: name 'client' is not defined
2026-05-03 16:59:14: [ERROR] Erreur données BTCUSDT: name 'client' is not defined
2026-05-03 16:59:14: [ERROR] Erreur données BTCUSDT: name 'client' is not defined
2026-05-03 16:59:14: [ERROR] Erreur données BTCUSDT: name 'client' is not defined
2026-05-03 16:59:14: [ERROR] Erreur données BTCUSDT: name 'client' is not defined
2026-05-03 16:59:14: [ERROR] Erreur données BTCUSDT: name 'client' is not defined
2026-05-03 16:59:14: [ERROR] Erreur données BTCUSDT: name 'client' is not defined
2026-05-03 16:59:14: [ERROR] Erreur données BTCUSDT: name 'client' is not defined
2026-05-03 16:59:14: [ERROR] Erreur données BTCUSDT: name 'client' is not defined
2026-05-03 16:59:14: [ERROR] Erreur données BTCUSDT: name 'client' is not defined
2026-05-03 16:59:14: [ERROR] Erreur données BTCUSDT: name 'client' is not defined
2026-05-03 16:59:14: [ERROR] Erreur données BTCUSDT: name 'client' is not defined
2026-05-03 16:59:14: [ERROR] Erreur données BTCUSDT: name 'client' is not defined
2026-05-03 16:59:14: [ERROR] Erreur données BTCUSDT: name 'client' is not defined
2026-05-03 16:59:14: [ERROR] Erreur données BTCUSDT: name 'client' is not defined
2026-05-03 16:59:14: [ERROR] Erreur données BTCUSDT: name 'client' is not defined
2026-05-03 16:59:14: [ERROR] Erreur données BTCUSDT: name 'client' is not defined
2026-05-03 16:59:14: [ERROR] Erreur données BTCUSDT: name 'client' is not defined
2026-05-03 16:59:14: [ERROR] Erreur données BTCUSDT: name 'client' is not defined
2026-05-03 16:59:14: [ERROR] Erreur données BTCUSDT: name 'client' is not defined
2026-05-03 16:59:14: [ERROR] Erreur données BTCUSDT: name 'client' is not defined
2026-05-03 16:59:14: [ERROR] Erreur données BTCUSDT: name 'client' is not defined
2026-05-03 16:59:14: [ERROR] Erreur données BTCUSDT: name 'client' is not defined
2026-05-03 16:59:14: [ERROR] Erreur données BTCUSDT: name 'client' is not defined
2026-05-03 16:59:14: [ERROR] Erreur données BTCUSDT: name 'client' is not defined
2026-05-03 16:59:14: [ERROR] Erreur données BTCUSDT: name 'client' is not defined
2026-05-03 16:59:14: [ERROR] Erreur données BTCUSDT: name 'client' is not defined
2026-05-03 16:59:14: [ERROR] Erreur données BTCUSDT: name 'client' is not defined
2026-05-03 16:59:14: [ERROR] Erreur données BTCUSDT: name 'client' is not defined
2026-05-03 16:59:14: [ERROR] Erreur données BTCUSDT: name 'client' is not defined
2026-05-03 16:59:14: [ERROR] Erreur données BTCUSDT: name 'client' is not defined
2026-05-03 16:59:14: [ERROR] Erreur données BTCUSDT: name 'client' is not defined
2026-05-03 16:59:14: [ERROR] Erreur données BTCUSDT: name 'client' is not defined
2026-05-03 16:59:14: [ERROR] Erreur données BTCUSDT: name 'client' is not defined
2026-05-03 16:59:14: [ERROR] Erreur données BTCUSDT: name 'client' is not defined
2026-05-03 16:59:14: [ERROR] Erreur données BTCUSDT: name 'client' is not defined
2026-05-03 16:59:14: [ERROR] Erreur données BTCUSDT: name 'client' is not defined
2026-05-03 16:59:14: [ERROR] Erreur données BTCUSDT: name 'client' is not defined
2026-05-03 16:59:14: [ERROR] Erreur données BTCUSDT: name 'client' is not defined
2026-05-03 16:59:14: [ERROR] Erreur données BTCUSDT: name 'client' is not defined
2026-05-03 16:59:14: [ERROR] Erreur données BTCUSDT: name 'client' is not defined
2026-05-03 16:59:14: [ERROR] Erreur données BTCUSDT: name 'client' is not defined
2026-05-03 16:59:14: [ERROR] Erreur données BTCUSDT: name 'client' is not defined
2026-05-03 16:59:14: [ERROR] Erreur données BTCUSDT: name 'client' is not defined
2026-05-03 16:59:14: [ERROR] Erreur données BTCUSDT: name 'client' is not defined
2026-05-03 16:59:14: [ERROR] Erreur données SOLUSDT: name 'client' is not defined
2026-05-03 16:59:14: [ERROR] Erreur données BTCUSDT: name 'client' is not defined
2026-05-03 16:59:14: [ERROR] Erreur données SOLUSDT: name 'client' is not defined
2026-05-03 16:59:14: [ERROR] Erreur données BTCUSDT: name 'client' is not defined
2026-05-03 16:59:14: [ERROR] Erreur données BTCUSDT: name 'client' is not defined
2026-05-03 16:59:14: [ERROR] Erreur données BTCUSDT: name 'client' is not defined
2026-05-03 16:59:14: [ERROR] Erreur données SOLUSDT: name 'client' is not defined
2026-05-03 16:59:14: [ERROR] Erreur données ETHUSDT: name 'client' is not defined
2026-05-03 16:59:14: [ERROR] Erreur données BTCUSDT: name 'client' is not defined
2026-05-03 16:59:14: [ERROR] Erreur données ETHUSDT: name 'client' is not defined
2026-05-03 16:59:14: [ERROR] Erreur données BTCUSDT: name 'client' is not defined
2026-05-03 16:59:14: [ERROR] Erreur données SOLUSDT: name 'client' is not defined
2026-05-03 16:59:14: [ERROR] Erreur données ETHUSDT: name 'client' is not defined
2026-05-03 16:59:14: [ERROR] Erreur données BTCUSDT: name 'client' is not defined
2026-05-03 16:59:14: [ERROR] Erreur données ETHUSDT: name 'client' is not defined
2026-05-03 16:59:14: [ERROR] Erreur données BTCUSDT: name 'client' is not defined
2026-05-03 16:59:14: [ERROR] Erreur données SOLUSDT: name 'client' is not defined
2026-05-03 16:59:14: [ERROR] Erreur données BTCUSDT: name 'client' is not defined
2026-05-03 16:59:14: [ERROR] Erreur données ETHUSDT: name 'client' is not defined
2026-05-03 16:59:14: [ERROR] Erreur données BTCUSDT: name 'client' is not defined
2026-05-03 16:59:14: [ERROR] Erreur données ETHUSDT: name 'client' is not defined
2026-05-03 16:59:14: [ERROR] Erreur données BTCUSDT: name 'client' is not defined
2026-05-03 16:59:14: [ERROR] Erreur données ETHUSDT: name 'client' is not defined
2026-05-03 16:59:14: [ERROR] Erreur données BTCUSDT: name 'client' is not defined
2026-05-03 16:59:14: [ERROR] Erreur données ETHUSDT: name 'client' is not defined
2026-05-03 16:59:14: [ERROR] Erreur données BTCUSDT: name 'client' is not defined
2026-05-03 16:59:14: [ERROR] Erreur données ETHUSDT: name 'client' is not defined
2026-05-03 16:59:14: [ERROR] Erreur données BTCUSDT: name 'client' is not defined
2026-05-03 16:59:14: [ERROR] Erreur données ETHUSDT: name 'client' is not defined
2026-05-03 16:59:14: [ERROR] Erreur données BTCUSDT: name 'client' is not defined
2026-05-03 16:59:14: [ERROR] Erreur données ETHUSDT: name 'client' is not defined
2026-05-03 16:59:14: [ERROR] Erreur données BTCUSDT: name 'client' is not defined
2026-05-03 16:59:14: [ERROR] Erreur données ETHUSDT: name 'client' is not defined
2026-05-03 16:59:14: [ERROR] Erreur données BTCUSDT: name 'client' is not defined
2026-05-03 16:59:14: [ERROR] Erreur données ETHUSDT: name 'client' is not defined
2026-05-03 16:59:14: [ERROR] Erreur données BTCUSDT: name 'client' is not defined
2026-05-03 16:59:14: [ERROR] Erreur données ETHUSDT: name 'client' is not defined
2026-05-03 16:59:14: [ERROR] Erreur données BTCUSDT: name 'client' is not defined
2026-05-03 16:59:14: [ERROR] Erreur données ETHUSDT: name 'client' is not defined
2026-05-03 16:59:14: [ERROR] Erreur données BTCUSDT: name 'client' is not defined
2026-05-03 16:59:14: [ERROR] Erreur données ETHUSDT: name 'client' is not defined
2026-05-03 16:59:14: [ERROR] Erreur données BTCUSDT: name 'client' is not defined
2026-05-03 16:59:14: [ERROR] Erreur données BTCUSDT: name 'client' is not defined
2026-05-03 16:59:14: [ERROR] Erreur données SOLUSDT: name 'client' is not defined
2026-05-03 16:59:14: [ERROR] Erreur données BTCUSDT: name 'client' is not defined
2026-05-03 16:59:14: [ERROR] Erreur données BTCUSDT: name 'client' is not defined
2026-05-03 16:59:14: [ERROR] Erreur données BTCUSDT: name 'client' is not defined
2026-05-03 16:59:14: [ERROR] Erreur données BTCUSDT: name 'client' is not defined
2026-05-03 16:59:14: [ERROR] Erreur données BTCUSDT: name 'client' is not defined
2026-05-03 16:59:14: [ERROR] Erreur données BTCUSDT: name 'client' is not defined
2026-05-03 16:59:14: [ERROR] Erreur données BTCUSDT: name 'client' is not defined
2026-05-03 16:59:14: [ERROR] Erreur données BTCUSDT: name 'client' is not defined
2026-05-03 16:59:14: [ERROR] Erreur données BTCUSDT: name 'client' is not defined
2026-05-03 16:59:14: [ERROR] Erreur données BTCUSDT: name 'client' is not defined
2026-05-03 16:59:14: [ERROR] Erreur données BTCUSDT: name 'client' is not defined
2026-05-03 16:59:14: [ERROR] Erreur données BTCUSDT: name 'client' is not defined
2026-05-03 16:59:14: [ERROR] Erreur données BTCUSDT: name 'client' is not defined
2026-05-03 16:59:14: [ERROR] Erreur données BTCUSDT: name 'client' is not defined
2026-05-03 16:59:14: [ERROR] Erreur données BTCUSDT: name 'client' is not defined
2026-05-03 16:59:14: [ERROR] Erreur données SOLUSDT: name 'client' is not defined
2026-05-03 16:59:14: [ERROR] Erreur données BTCUSDT: name 'client' is not defined
2026-05-03 16:59:14: [ERROR] Erreur données SOLUSDT: name 'client' is not defined
2026-05-03 16:59:14: [ERROR] Erreur données BTCUSDT: name 'client' is not defined
2026-05-03 16:59:14: [ERROR] Erreur données BTCUSDT: name 'client' is not defined
2026-05-03 16:59:14: [ERROR] Erreur données BTCUSDT: name 'client' is not defined
2026-05-03 16:59:14: [ERROR] Erreur données BTCUSDT: name 'client' is not defined
2026-05-03 16:59:14: [ERROR] Erreur données BTCUSDT: name 'client' is not defined
2026-05-03 16:59:14: [ERROR] Erreur données BTCUSDT: name 'client' is not defined
2026-05-03 16:59:14: [ERROR] Erreur données BTCUSDT: name 'client' is not defined
2026-05-03 16:59:14: [ERROR] Erreur données BTCUSDT: name 'client' is not defined
2026-05-03 16:59:14: [ERROR] Erreur données BTCUSDT: name 'client' is not defined
2026-05-03 16:59:14: [ERROR] Erreur données BTCUSDT: name 'client' is not defined
2026-05-03 16:59:14: [ERROR] Erreur données SOLUSDT: name 'client' is not defined
2026-05-03 16:59:14: [ERROR] Erreur données BTCUSDT: name 'client' is not defined
2026-05-03 16:59:14: [ERROR] Erreur données SOLUSDT: name 'client' is not defined
2026-05-03 16:59:14: [ERROR] Erreur données BTCUSDT: name 'client' is not defined
2026-05-03 16:59:14: [ERROR] Erreur données SOLUSDT: name 'client' is not defined
2026-05-03 16:59:14: [ERROR] Erreur données BTCUSDT: name 'client' is not defined
2026-05-03 16:59:14: [ERROR] Erreur données BTCUSDT: name 'client' is not defined
2026-05-03 16:59:14: [ERROR] Erreur données BTCUSDT: name 'client' is not defined
2026-05-03 16:59:14: [ERROR] Erreur données BTCUSDT: name 'client' is not defined
2026-05-03 16:59:14: [ERROR] Erreur données BTCUSDT: name 'client' is not defined
2026-05-03 16:59:14: [ERROR] Erreur données BTCUSDT: name 'client' is not defined
2026-05-03 16:59:14: [ERROR] Erreur données BTCUSDT: name 'client' is not defined
2026-05-03 16:59:14: [ERROR] Erreur données BTCUSDT: name 'client' is not defined
2026-05-03 16:59:14: [ERROR] Erreur données BTCUSDT: name 'client' is not defined
2026-05-03 16:59:14: [ERROR] Erreur données BTCUSDT: name 'client' is not defined
2026-05-03 16:59:14: [ERROR] Erreur données BTCUSDT: name 'client' is not defined
2026-05-03 16:59:14: [ERROR] Erreur données BTCUSDT: name 'client' is not defined
2026-05-03 16:59:14: [ERROR] Erreur données BTCUSDT: name 'client' is not defined
2026-05-03 16:59:14: [ERROR] Erreur données BTCUSDT: name 'client' is not defined
2026-05-03 16:59:14: [ERROR] Erreur données BTCUSDT: name 'client' is not defined
2026-05-03 16:59:14: [ERROR] Erreur données BTCUSDT: name 'client' is not defined
2026-05-03 16:59:14: [ERROR] Erreur données BTCUSDT: name 'client' is not defined
2026-05-03 16:59:14: [ERROR] Erreur données BTCUSDT: name 'client' is not defined
2026-05-03 16:59:14: [ERROR] Erreur données BTCUSDT: name 'client' is not defined
2026-05-03 16:59:14: [ERROR] Erreur données BTCUSDT: name 'client' is not defined
2026-05-03 16:59:14: [ERROR] Erreur données BTCUSDT: name 'client' is not defined
2026-05-03 16:59:14: [ERROR] Erreur données BTCUSDT: name 'client' is not defined
2026-05-03 16:59:14: [ERROR] Erreur données BTCUSDT: name 'client' is not defined
2026-05-03 16:59:14: [ERROR] Erreur données BTCUSDT: name 'client' is not defined
2026-05-03 16:59:14: [ERROR] Erreur données BTCUSDT: name 'client' is not defined
2026-05-03 16:59:14: [ERROR] Erreur données BTCUSDT: name 'client' is not defined
2026-05-03 16:59:14: [ERROR] Erreur données BTCUSDT: name 'client' is not defined
2026-05-03 16:59:14: [ERROR] Erreur données BTCUSDT: name 'client' is not defined
2026-05-03 16:59:14: [ERROR] Erreur données BTCUSDT: name 'client' is not defined
2026-05-03 16:59:14: [ERROR] Erreur données BTCUSDT: name 'client' is not defined
2026-05-03 16:59:14: [ERROR] Erreur données BTCUSDT: name 'client' is not defined
2026-05-03 16:59:14: [ERROR] Erreur données BTCUSDT: name 'client' is not defined
2026-05-03 16:59:14: [ERROR] Erreur données BTCUSDT: name 'client' is not defined
2026-05-03 16:59:14: [ERROR] Erreur données BTCUSDT: name 'client' is not defined
2026-05-03 16:59:14: [ERROR] Erreur données BTCUSDT: name 'client' is not defined
2026-05-03 16:59:14: [ERROR] Erreur données ETHUSDT: name 'client' is not defined
2026-05-03 16:59:14: [ERROR] Erreur données BTCUSDT: name 'client' is not defined
2026-05-03 16:59:14: [ERROR] Erreur données ETHUSDT: name 'client' is not defined
2026-05-03 16:59:14: [ERROR] Erreur données BTCUSDT: name 'client' is not defined
2026-05-03 16:59:14: [ERROR] Erreur données ETHUSDT: name 'client' is not defined
2026-05-03 16:59:14: [ERROR] Erreur données BTCUSDT: name 'client' is not defined
2026-05-03 16:59:14: [ERROR] Erreur données ETHUSDT: name 'client' is not defined
2026-05-03 16:59:14: [ERROR] Erreur données BTCUSDT: name 'client' is not defined
2026-05-03 16:59:14: [ERROR] Erreur données ETHUSDT: name 'client' is not defined
2026-05-03 16:59:14: [ERROR] Erreur données BTCUSDT: name 'client' is not defined
2026-05-03 16:59:14: [ERROR] Erreur données ETHUSDT: name 'client' is not defined
2026-05-03 16:59:14: [ERROR] Erreur données BTCUSDT: name 'client' is not defined
2026-05-03 16:59:14: [ERROR] Erreur données BTCUSDT: name 'client' is not defined
2026-05-03 16:59:14: [ERROR] Erreur données ETHUSDT: name 'client' is not defined
2026-05-03 16:59:14: [ERROR] Erreur données BTCUSDT: name 'client' is not defined
2026-05-03 16:59:14: [ERROR] Erreur données ETHUSDT: name 'client' is not defined
2026-05-03 16:59:14: [ERROR] Erreur données BTCUSDT: name 'client' is not defined
2026-05-03 16:59:14: [ERROR] Erreur données BTCUSDT: name 'client' is not defined
2026-05-03 16:59:14: [ERROR] Erreur données BTCUSDT: name 'client' is not defined
2026-05-03 16:59:14: [ERROR] Erreur données BTCUSDT: name 'client' is not defined
2026-05-03 16:59:14: [ERROR] Erreur données ETHUSDT: name 'client' is not defined
2026-05-03 16:59:14: [ERROR] Erreur données BTCUSDT: name 'client' is not defined
2026-05-03 16:59:14: [ERROR] Erreur données ETHUSDT: name 'client' is not defined
2026-05-03 16:59:14: [ERROR] Erreur données BTCUSDT: name 'client' is not defined
2026-05-03 16:59:14: [ERROR] Erreur données BTCUSDT: name 'client' is not defined
2026-05-03 16:59:14: [ERROR] Erreur données ETHUSDT: name 'client' is not defined
2026-05-03 16:59:14: [ERROR] Erreur données BTCUSDT: name 'client' is not defined
2026-05-03 16:59:14: [ERROR] Erreur données BTCUSDT: name 'client' is not defined
2026-05-03 16:59:14: [ERROR] Erreur données BTCUSDT: name 'client' is not defined
2026-05-03 16:59:14: [ERROR] Erreur données BTCUSDT: name 'client' is not defined
2026-05-03 16:59:14: [ERROR] Erreur données BTCUSDT: name 'client' is not defined
2026-05-03 16:59:14: [ERROR] Erreur données BTCUSDT: name 'client' is not defined
2026-05-03 16:59:14: [ERROR] Erreur données BTCUSDT: name 'client' is not defined
2026-05-03 16:59:14: [ERROR] Erreur données BTCUSDT: name 'client' is not defined
2026-05-03 16:59:14: [ERROR] Erreur données BTCUSDT: name 'client' is not defined
2026-05-03 16:59:14: [ERROR] Erreur données BTCUSDT: name 'client' is not defined
2026-05-03 16:59:14: [ERROR] Erreur données BTCUSDT: name 'client' is not defined
2026-05-03 16:59:14: [ERROR] Erreur données BTCUSDT: name 'client' is not defined
2026-05-03 16:59:14: [ERROR] Erreur données BTCUSDT: name 'client' is not defined
2026-05-03 16:59:14: [ERROR] Erreur données BTCUSDT: name 'client' is not defined
2026-05-03 16:59:14: [ERROR] Erreur données BTCUSDT: name 'client' is not defined
2026-05-03 16:59:14: [ERROR] Erreur données BTCUSDT: name 'client' is not defined
2026-05-03 16:59:14: [ERROR] Erreur données BTCUSDT: name 'client' is not defined
2026-05-03 16:59:14: [ERROR] Erreur données BTCUSDT: name 'client' is not defined
2026-05-03 16:59:14: [ERROR] Erreur données BTCUSDT: name 'client' is not defined
2026-05-03 16:59:14: [ERROR] Erreur données BTCUSDT: name 'client' is not defined
2026-05-03 16:59:14: [ERROR] Erreur données BTCUSDT: name 'client' is not defined
2026-05-03 16:59:14: [ERROR] Erreur données BTCUSDT: name 'client' is not defined
2026-05-03 16:59:14: [ERROR] Erreur données BTCUSDT: name 'client' is not defined
2026-05-03 16:59:14: [ERROR] Erreur données BTCUSDT: name 'client' is not defined
2026-05-03 16:59:14: [ERROR] Erreur données BTCUSDT: name 'client' is not defined
2026-05-03 16:59:14: [ERROR] Erreur données BTCUSDT: name 'client' is not defined
2026-05-03 16:59:14: [ERROR] Erreur données BTCUSDT: name 'client' is not defined
2026-05-03 16:59:14: [ERROR] Erreur données BTCUSDT: name 'client' is not defined
2026-05-03 16:59:14: [ERROR] Erreur données BTCUSDT: name 'client' is not defined
2026-05-03 16:59:14: [ERROR] Erreur données BTCUSDT: name 'client' is not defined
2026-05-03 16:59:14: [ERROR] Erreur données BTCUSDT: name 'client' is not defined
2026-05-03 16:59:14: [ERROR] Erreur données BTCUSDT: name 'client' is not defined
2026-05-03 16:59:14: [ERROR] Erreur données BTCUSDT: name 'client' is not defined
2026-05-03 16:59:14: [ERROR] Erreur données BTCUSDT: name 'client' is not defined
2026-05-03 16:59:14: [ERROR] Erreur données BTCUSDT: name 'client' is not defined
2026-05-03 16:59:14: [ERROR] Erreur données BTCUSDT: name 'client' is not defined
2026-05-03 16:59:14: [ERROR] Erreur données BTCUSDT: name 'client' is not defined
2026-05-03 16:59:14: [ERROR] Erreur données BTCUSDT: name 'client' is not defined
2026-05-03 16:59:14: [ERROR] Erreur données BTCUSDT: name 'client' is not defined
2026-05-03 16:59:14: [ERROR] Erreur données BTCUSDT: name 'client' is not defined
2026-05-03 16:59:14: [ERROR] Erreur données BTCUSDT: name 'client' is not defined
2026-05-03 16:59:14: [ERROR] Erreur données BTCUSDT: name 'client' is not defined
2026-05-03 16:59:14: [ERROR] Erreur données BTCUSDT: name 'client' is not defined
2026-05-03 16:59:14: [ERROR] Erreur données BTCUSDT: name 'client' is not defined
2026-05-03 16:59:14: [ERROR] Erreur données BTCUSDT: name 'client' is not defined
2026-05-03 16:59:14: [ERROR] Erreur données BTCUSDT: name 'client' is not defined
2026-05-03 16:59:14: [ERROR] Erreur données BTCUSDT: name 'client' is not defined
2026-05-03 16:59:14: [ERROR] Erreur données BTCUSDT: name 'client' is not defined
2026-05-03 16:59:14: [ERROR] Erreur données BTCUSDT: name 'client' is not defined
2026-05-03 16:59:14: [ERROR] Erreur données BTCUSDT: name 'client' is not defined
2026-05-03 16:59:14: [ERROR] Erreur données BTCUSDT: name 'client' is not defined
2026-05-03 16:59:14: [ERROR] Erreur données BTCUSDT: name 'client' is not defined
2026-05-03 16:59:14: [ERROR] Erreur données BTCUSDT: name 'client' is not defined
2026-05-03 16:59:14: [ERROR] Erreur données BTCUSDT: name 'client' is not defined
2026-05-03 16:59:14: [ERROR] Erreur données BTCUSDT: name 'client' is not defined
2026-05-03 16:59:14: [ERROR] Erreur données BTCUSDT: name 'client' is not defined
2026-05-03 16:59:14: [ERROR] Erreur données BTCUSDT: name 'client' is not defined
2026-05-03 16:59:14: [ERROR] Erreur données BTCUSDT: name 'client' is not defined
2026-05-03 16:59:14: [ERROR] Erreur données BTCUSDT: name 'client' is not defined
2026-05-03 16:59:14: [ERROR] Erreur données BTCUSDT: name 'client' is not defined
2026-05-03 16:59:14: [ERROR] Erreur données BTCUSDT: name 'client' is not defined
2026-05-03 16:59:14: [ERROR] Erreur données BTCUSDT: name 'client' is not defined
2026-05-03 16:59:14: [ERROR] Erreur données BTCUSDT: name 'client' is not defined
2026-05-03 16:59:14: [ERROR] Erreur données BTCUSDT: name 'client' is not defined
2026-05-03 16:59:14: [ERROR] Erreur données BTCUSDT: name 'client' is not defined
2026-05-03 16:59:14: [ERROR] Erreur données BTCUSDT: name 'client' is not defined
2026-05-03 16:59:14: [ERROR] Erreur données BTCUSDT: name 'client' is not defined
2026-05-03 16:59:14: [ERROR] Erreur données BTCUSDT: name 'client' is not defined
2026-05-03 16:59:14: [ERROR] Erreur données BTCUSDT: name 'client' is not defined
2026-05-03 16:59:14: [ERROR] Erreur données BTCUSDT: name 'client' is not defined
2026-05-03 16:59:14: [ERROR] Erreur données BTCUSDT: name 'client' is not defined
2026-05-03 16:59:14: [ERROR] Erreur données BTCUSDT: name 'client' is not defined
2026-05-03 16:59:14: [ERROR] Erreur données BTCUSDT: name 'client' is not defined
2026-05-03 16:59:14: [ERROR] Erreur données BTCUSDT: name 'client' is not defined
2026-05-03 16:59:14: [ERROR] Erreur données BTCUSDT: name 'client' is not defined
2026-05-03 16:59:14: [ERROR] Erreur données BTCUSDT: name 'client' is not defined
2026-05-03 16:59:14: [ERROR] Erreur données BTCUSDT: name 'client' is not defined
2026-05-03 16:59:14: [ERROR] Erreur données BTCUSDT: name 'client' is not defined
2026-05-03 16:59:14: [ERROR] Erreur données BTCUSDT: name 'client' is not defined
2026-05-03 16:59:14: [ERROR] Erreur données BTCUSDT: name 'client' is not defined
2026-05-03 16:59:14: [ERROR] Erreur données BTCUSDT: name 'client' is not defined
2026-05-03 16:59:14: [ERROR] Erreur données BTCUSDT: name 'client' is not defined
2026-05-03 16:59:14: [ERROR] Erreur données BTCUSDT: name 'client' is not defined
2026-05-03 16:59:14: [ERROR] Erreur données BTCUSDT: name 'client' is not defined
2026-05-03 16:59:14: [ERROR] Erreur données BTCUSDT: name 'client' is not defined
2026-05-03 16:59:14: [ERROR] Erreur données BTCUSDT: name 'client' is not defined
2026-05-03 16:59:14: [ERROR] Erreur données BTCUSDT: name 'client' is not defined
2026-05-03 16:59:14: [ERROR] Erreur données BTCUSDT: name 'client' is not defined
2026-05-03 16:59:14: [ERROR] Erreur données BTCUSDT: name 'client' is not defined
2026-05-03 16:59:14: [ERROR] Erreur données BTCUSDT: name 'client' is not defined
2026-05-03 16:59:14: [ERROR] Erreur données BTCUSDT: name 'client' is not defined
2026-05-03 16:59:14: [ERROR] Erreur données BTCUSDT: name 'client' is not defined
2026-05-03 16:59:14: [ERROR] Erreur données BTCUSDT: name 'client' is not defined
2026-05-03 16:59:14: [ERROR] Erreur données BTCUSDT: name 'client' is not defined
2026-05-03 16:59:14: [ERROR] Erreur données BTCUSDT: name 'client' is not defined
2026-05-03 16:59:14: [ERROR] Erreur données BTCUSDT: name 'client' is not defined
2026-05-03 16:59:14: [ERROR] Erreur données BTCUSDT: name 'client' is not defined
2026-05-03 16:59:14: [ERROR] Erreur données BTCUSDT: name 'client' is not defined
2026-05-03 16:59:14: [ERROR] Erreur données BTCUSDT: name 'client' is not defined
2026-05-03 16:59:14: [ERROR] Erreur données BTCUSDT: name 'client' is not defined
2026-05-03 16:59:14: [ERROR] Erreur données BTCUSDT: name 'client' is not defined
2026-05-03 16:59:14: [ERROR] Erreur données BTCUSDT: name 'client' is not defined
2026-05-03 16:59:14: [ERROR] Erreur données BTCUSDT: name 'client' is not defined
2026-05-03 16:59:14: [ERROR] Erreur données BTCUSDT: name 'client' is not defined
2026-05-03 16:59:14: [ERROR] Erreur données BTCUSDT: name 'client' is not defined
2026-05-03 16:59:14: [ERROR] Erreur données BTCUSDT: name 'client' is not defined
2026-05-03 16:59:14: [ERROR] Erreur données BTCUSDT: name 'client' is not defined
2026-05-03 16:59:14: [ERROR] Erreur données BTCUSDT: name 'client' is not defined
2026-05-03 16:59:14: [ERROR] Erreur données BTCUSDT: name 'client' is not defined
2026-05-03 16:59:14: [ERROR] Erreur données BTCUSDT: name 'client' is not defined
2026-05-03 16:59:14: [ERROR] Erreur données BTCUSDT: name 'client' is not defined
2026-05-03 16:59:14: [ERROR] Erreur données BTCUSDT: name 'client' is not defined
2026-05-03 16:59:14: [ERROR] Erreur données BTCUSDT: name 'client' is not defined
2026-05-03 16:59:14: [ERROR] Erreur données BTCUSDT: name 'client' is not defined
2026-05-03 16:59:14: [ERROR] Erreur données BTCUSDT: name 'client' is not defined
2026-05-03 16:59:14: [ERROR] Erreur données BTCUSDT: name 'client' is not defined
2026-05-03 16:59:14: [ERROR] Erreur données ETHUSDT: name 'client' is not defined
2026-05-03 16:59:14: [ERROR] Erreur données BTCUSDT: name 'client' is not defined
2026-05-03 16:59:14: [ERROR] Erreur données BTCUSDT: name 'client' is not defined
2026-05-03 16:59:14: [ERROR] Erreur données ETHUSDT: name 'client' is not defined
2026-05-03 16:59:14: [ERROR] Erreur données BTCUSDT: name 'client' is not defined
2026-05-03 16:59:14: [ERROR] Erreur données BTCUSDT: name 'client' is not defined
2026-05-03 16:59:14: [ERROR] Erreur données ETHUSDT: name 'client' is not defined
2026-05-03 16:59:14: [ERROR] Erreur données BTCUSDT: name 'client' is not defined
2026-05-03 16:59:14: [ERROR] Erreur données BTCUSDT: name 'client' is not defined
2026-05-03 16:59:14: [ERROR] Erreur données BTCUSDT: name 'client' is not defined
2026-05-03 16:59:14: [ERROR] Erreur données BTCUSDT: name 'client' is not defined
2026-05-03 16:59:14: [ERROR] Erreur données BTCUSDT: name 'client' is not defined
2026-05-03 16:59:14: [ERROR] Erreur données BTCUSDT: name 'client' is not defined
2026-05-03 16:59:14: [ERROR] Erreur données BTCUSDT: name 'client' is not defined
2026-05-03 16:59:14: [ERROR] Erreur données BTCUSDT: name 'client' is not defined
2026-05-03 16:59:14: [ERROR] Erreur données BTCUSDT: name 'client' is not defined
2026-05-03 16:59:14: [ERROR] Erreur données BTCUSDT: name 'client' is not defined
2026-05-03 16:59:14: [ERROR] Erreur données BTCUSDT: name 'client' is not defined
2026-05-03 16:59:14: [ERROR] Erreur données BTCUSDT: name 'client' is not defined
2026-05-03 16:59:14: [ERROR] Erreur données BTCUSDT: name 'client' is not defined
2026-05-03 16:59:14: [ERROR] Erreur données BTCUSDT: name 'client' is not defined
2026-05-03 16:59:14: [ERROR] Erreur données BTCUSDT: name 'client' is not defined
2026-05-03 16:59:14: [ERROR] Erreur données BTCUSDT: name 'client' is not defined
2026-05-03 16:59:14: [ERROR] Erreur données BTCUSDT: name 'client' is not defined
2026-05-03 16:59:14: [ERROR] Erreur données BTCUSDT: name 'client' is not defined
2026-05-03 16:59:14: [ERROR] Erreur données BTCUSDT: name 'client' is not defined
2026-05-03 16:59:14: [ERROR] Erreur données BTCUSDT: name 'client' is not defined
2026-05-03 16:59:14: [ERROR] Erreur données BTCUSDT: name 'client' is not defined
2026-05-03 16:59:14: [ERROR] Erreur données BTCUSDT: name 'client' is not defined
2026-05-03 16:59:14: [ERROR] Erreur données BTCUSDT: name 'client' is not defined
2026-05-03 16:59:14: [ERROR] Erreur données BTCUSDT: name 'client' is not defined
2026-05-03 16:59:14: [ERROR] Erreur données BTCUSDT: name 'client' is not defined
2026-05-03 16:59:14: [ERROR] Erreur données BTCUSDT: name 'client' is not defined
2026-05-03 16:59:14: [ERROR] Erreur données BTCUSDT: name 'client' is not defined
2026-05-03 16:59:14: [ERROR] Erreur données BTCUSDT: name 'client' is not defined
2026-05-03 16:59:14: [ERROR] Erreur données BTCUSDT: name 'client' is not defined
2026-05-03 16:59:14: [ERROR] Erreur données BTCUSDT: name 'client' is not defined
2026-05-03 16:59:14: [ERROR] Erreur données BTCUSDT: name 'client' is not defined
2026-05-03 16:59:14: [ERROR] Erreur données BTCUSDT: name 'client' is not defined
2026-05-03 16:59:14: [ERROR] Erreur données BTCUSDT: name 'client' is not defined
2026-05-03 16:59:14: [ERROR] Erreur données BTCUSDT: name 'client' is not defined
2026-05-03 16:59:14: [ERROR] Erreur données BTCUSDT: name 'client' is not defined
2026-05-03 16:59:14: [ERROR] Erreur données BTCUSDT: name 'client' is not defined
2026-05-03 16:59:14: [ERROR] Erreur données BTCUSDT: name 'client' is not defined
2026-05-03 16:59:14: [ERROR] Erreur données BTCUSDT: name 'client' is not defined
2026-05-03 16:59:14: [ERROR] Erreur données BTCUSDT: name 'client' is not defined
2026-05-03 16:59:14: [ERROR] Erreur données BTCUSDT: name 'client' is not defined
2026-05-03 16:59:14: [ERROR] Erreur données BTCUSDT: name 'client' is not defined
2026-05-03 16:59:14: [ERROR] Erreur données BTCUSDT: name 'client' is not defined
2026-05-03 16:59:14: [ERROR] Erreur données BTCUSDT: name 'client' is not defined
2026-05-03 16:59:14: [ERROR] Erreur données BTCUSDT: name 'client' is not defined
2026-05-03 16:59:14: [ERROR] Erreur données BTCUSDT: name 'client' is not defined
2026-05-03 16:59:14: [ERROR] Erreur données BTCUSDT: name 'client' is not defined
2026-05-03 16:59:14: [ERROR] Erreur données BTCUSDT: name 'client' is not defined
2026-05-03 16:59:14: [ERROR] Erreur données BTCUSDT: name 'client' is not defined
2026-05-03 16:59:14: [ERROR] Erreur données BTCUSDT: name 'client' is not defined
2026-05-03 16:59:14: [ERROR] Erreur données BTCUSDT: name 'client' is not defined
2026-05-03 16:59:14: [ERROR] Erreur données ETHUSDT: name 'client' is not defined
2026-05-03 16:59:14: [ERROR] Erreur données BTCUSDT: name 'client' is not defined
2026-05-03 16:59:14: [ERROR] Erreur données BTCUSDT: name 'client' is not defined
2026-05-03 16:59:14: [ERROR] Erreur données BTCUSDT: name 'client' is not defined
2026-05-03 16:59:14: [ERROR] Erreur données BTCUSDT: name 'client' is not defined
2026-05-03 16:59:14: [ERROR] Erreur données BTCUSDT: name 'client' is not defined
2026-05-03 16:59:14: [ERROR] Erreur données BTCUSDT: name 'client' is not defined
2026-05-03 16:59:14: [ERROR] Erreur données BTCUSDT: name 'client' is not defined
2026-05-03 16:59:14: [ERROR] Erreur données BTCUSDT: name 'client' is not defined
2026-05-03 16:59:14: [ERROR] Erreur données BTCUSDT: name 'client' is not defined
2026-05-03 16:59:14: [ERROR] Erreur données BTCUSDT: name 'client' is not defined
2026-05-03 16:59:14: [ERROR] Erreur données BTCUSDT: name 'client' is not defined
2026-05-03 16:59:14: [ERROR] Erreur données BTCUSDT: name 'client' is not defined
2026-05-03 16:59:14: [ERROR] Erreur données BTCUSDT: name 'client' is not defined
2026-05-03 16:59:14: [ERROR] Erreur données BTCUSDT: name 'client' is not defined
2026-05-03 16:59:14: [ERROR] Erreur données BTCUSDT: name 'client' is not defined
2026-05-03 16:59:14: [ERROR] Erreur données BTCUSDT: name 'client' is not defined
2026-05-03 16:59:14: [ERROR] Erreur données BTCUSDT: name 'client' is not defined
2026-05-03 16:59:14: [ERROR] Erreur données BTCUSDT: name 'client' is not defined
2026-05-03 16:59:14: [ERROR] Erreur données BTCUSDT: name 'client' is not defined
2026-05-03 16:59:14: [ERROR] Erreur données BTCUSDT: name 'client' is not defined
2026-05-03 16:59:14: [ERROR] Erreur données BTCUSDT: name 'client' is not defined
2026-05-03 16:59:14: [ERROR] Erreur données BTCUSDT: name 'client' is not defined
2026-05-03 16:59:14: [ERROR] Erreur données BTCUSDT: name 'client' is not defined
2026-05-03 16:59:14: [ERROR] Erreur données BTCUSDT: name 'client' is not defined
2026-05-03 16:59:14: [ERROR] Erreur données BTCUSDT: name 'client' is not defined
2026-05-03 16:59:14: [ERROR] Erreur données BTCUSDT: name 'client' is not defined
2026-05-03 16:59:14: [ERROR] Erreur données BTCUSDT: name 'client' is not defined
2026-05-03 16:59:14: [ERROR] Erreur données BTCUSDT: name 'client' is not defined
2026-05-03 16:59:14: [ERROR] Erreur données BTCUSDT: name 'client' is not defined
2026-05-03 16:59:14: [ERROR] Erreur données BTCUSDT: name 'client' is not defined
2026-05-03 16:59:14: [ERROR] Erreur données BTCUSDT: name 'client' is not defined
2026-05-03 16:59:14: [ERROR] Erreur données BTCUSDT: name 'client' is not defined
2026-05-03 16:59:14: [ERROR] Erreur données BTCUSDT: name 'client' is not defined
2026-05-03 16:59:14: [ERROR] Erreur données BTCUSDT: name 'client' is not defined
2026-05-03 16:59:14: [ERROR] Erreur données BTCUSDT: name 'client' is not defined
2026-05-03 16:59:14: [ERROR] Erreur données BTCUSDT: name 'client' is not defined
2026-05-03 16:59:14: [ERROR] Erreur données BTCUSDT: name 'client' is not defined
2026-05-03 16:59:14: [ERROR] Erreur données BTCUSDT: name 'client' is not defined
2026-05-03 16:59:14: [ERROR] Erreur données BTCUSDT: name 'client' is not defined
2026-05-03 16:59:14: [ERROR] Erreur données BTCUSDT: name 'client' is not defined
2026-05-03 16:59:14: [ERROR] Erreur données BTCUSDT: name 'client' is not defined
2026-05-03 16:59:14: [ERROR] Erreur données BTCUSDT: name 'client' is not defined
2026-05-03 16:59:14: [ERROR] Erreur données BTCUSDT: name 'client' is not defined
2026-05-03 16:59:14: [ERROR] Erreur données BTCUSDT: name 'client' is not defined
2026-05-03 16:59:14: [ERROR] Erreur données BTCUSDT: name 'client' is not defined
2026-05-03 16:59:14: [ERROR] Erreur données BTCUSDT: name 'client' is not defined
2026-05-03 16:59:14: [ERROR] Erreur données BTCUSDT: name 'client' is not defined
2026-05-03 16:59:14: [ERROR] Erreur données BTCUSDT: name 'client' is not defined
2026-05-03 16:59:14: [ERROR] Erreur données BTCUSDT: name 'client' is not defined
2026-05-03 16:59:14: [ERROR] Erreur données BTCUSDT: name 'client' is not defined
2026-05-03 16:59:14: [ERROR] Erreur données BTCUSDT: name 'client' is not defined
2026-05-03 16:59:14: [ERROR] Erreur données BTCUSDT: name 'client' is not defined
2026-05-03 16:59:14: [ERROR] Erreur données BTCUSDT: name 'client' is not defined
2026-05-03 16:59:14: [ERROR] Erreur données BTCUSDT: name 'client' is not defined
2026-05-03 16:59:14: [ERROR] Erreur données BTCUSDT: name 'client' is not defined
2026-05-03 16:59:14: [ERROR] Erreur données BTCUSDT: name 'client' is not defined
2026-05-03 16:59:14: [ERROR] Erreur données BTCUSDT: name 'client' is not defined
2026-05-03 16:59:14: [ERROR] Erreur données BTCUSDT: name 'client' is not defined
2026-05-03 16:59:14: [ERROR] Erreur données BTCUSDT: name 'client' is not defined
2026-05-03 16:59:14: [ERROR] Erreur données BTCUSDT: name 'client' is not defined
2026-05-03 16:59:14: [ERROR] Erreur données BTCUSDT: name 'client' is not defined
2026-05-03 16:59:14: [ERROR] Erreur données BTCUSDT: name 'client' is not defined
2026-05-03 16:59:14: [ERROR] Erreur données BTCUSDT: name 'client' is not defined
2026-05-03 16:59:14: [ERROR] Erreur données BTCUSDT: name 'client' is not defined
2026-05-03 16:59:14: [ERROR] Erreur données BTCUSDT: name 'client' is not defined
2026-05-03 16:59:14: [ERROR] Erreur données BTCUSDT: name 'client' is not defined
2026-05-03 16:59:14: [ERROR] Erreur données BTCUSDT: name 'client' is not defined
2026-05-03 16:59:14: [ERROR] Erreur données BTCUSDT: name 'client' is not defined
2026-05-03 16:59:14: [ERROR] Erreur données BTCUSDT: name 'client' is not defined
2026-05-03 16:59:14: [ERROR] Erreur données BTCUSDT: name 'client' is not defined
2026-05-03 16:59:14: [ERROR] Erreur données BTCUSDT: name 'client' is not defined
2026-05-03 16:59:14: [ERROR] Erreur données BTCUSDT: name 'client' is not defined
2026-05-03 16:59:14: [ERROR] Erreur données BTCUSDT: name 'client' is not defined
2026-05-03 16:59:14: [ERROR] Erreur données BTCUSDT: name 'client' is not defined
2026-05-03 16:59:14: [ERROR] Erreur données BTCUSDT: name 'client' is not defined
2026-05-03 16:59:14: [ERROR] Erreur données BTCUSDT: name 'client' is not defined
2026-05-03 16:59:14: [ERROR] Erreur données BTCUSDT: name 'client' is not defined
2026-05-03 16:59:14: [ERROR] Erreur données BTCUSDT: name 'client' is not defined
2026-05-03 16:59:14: [ERROR] Erreur données BTCUSDT: name 'client' is not defined
2026-05-03 16:59:14: [ERROR] Erreur données BTCUSDT: name 'client' is not defined
2026-05-03 16:59:14: [ERROR] Erreur données BTCUSDT: name 'client' is not defined
2026-05-03 16:59:14: [ERROR] Erreur données SOLUSDT: name 'client' is not defined
2026-05-03 16:59:14: [ERROR] Erreur données BTCUSDT: name 'client' is not defined
2026-05-03 16:59:14: [ERROR] Erreur données BTCUSDT: name 'client' is not defined
2026-05-03 16:59:14: [ERROR] Erreur données BTCUSDT: name 'client' is not defined
2026-05-03 16:59:14: [ERROR] Erreur données BTCUSDT: name 'client' is not defined
2026-05-03 16:59:14: [ERROR] Erreur données BTCUSDT: name 'client' is not defined
2026-05-03 16:59:14: [ERROR] Erreur données BTCUSDT: name 'client' is not defined
2026-05-03 16:59:14: [ERROR] Erreur données BTCUSDT: name 'client' is not defined
2026-05-03 16:59:14: [ERROR] Erreur données BTCUSDT: name 'client' is not defined
2026-05-03 16:59:14: [ERROR] Erreur données BTCUSDT: name 'client' is not defined
2026-05-03 16:59:14: [ERROR] Erreur données BTCUSDT: name 'client' is not defined
2026-05-03 16:59:14: [ERROR] Erreur données BTCUSDT: name 'client' is not defined
2026-05-03 16:59:14: [ERROR] Erreur données BTCUSDT: name 'client' is not defined
2026-05-03 16:59:14: [ERROR] Erreur données BTCUSDT: name 'client' is not defined
2026-05-03 16:59:14: [ERROR] Erreur données BTCUSDT: name 'client' is not defined
2026-05-03 16:59:14: [ERROR] Erreur données BTCUSDT: name 'client' is not defined
2026-05-03 16:59:14: [ERROR] Erreur données BTCUSDT: name 'client' is not defined
2026-05-03 16:59:14: [ERROR] Erreur données BTCUSDT: name 'client' is not defined
2026-05-03 16:59:14: [ERROR] Erreur données BTCUSDT: name 'client' is not defined
2026-05-03 16:59:14: [ERROR] Erreur données BTCUSDT: name 'client' is not defined
2026-05-03 16:59:14: [ERROR] Erreur données BTCUSDT: name 'client' is not defined
2026-05-03 16:59:14: [ERROR] Erreur données BTCUSDT: name 'client' is not defined
2026-05-03 16:59:14: [ERROR] Erreur données BTCUSDT: name 'client' is not defined
2026-05-03 16:59:14: [ERROR] Erreur données BTCUSDT: name 'client' is not defined
2026-05-03 16:59:14: [ERROR] Erreur données BTCUSDT: name 'client' is not defined
2026-05-03 16:59:14: [ERROR] Erreur données BTCUSDT: name 'client' is not defined
2026-05-03 16:59:14: [ERROR] Erreur données BTCUSDT: name 'client' is not defined
2026-05-03 16:59:14: [ERROR] Erreur données BTCUSDT: name 'client' is not defined
2026-05-03 16:59:14: [ERROR] Erreur données BTCUSDT: name 'client' is not defined
2026-05-03 16:59:14: [ERROR] Erreur données BTCUSDT: name 'client' is not defined
2026-05-03 16:59:14: [ERROR] Erreur données BTCUSDT: name 'client' is not defined
2026-05-03 16:59:14: [ERROR] Erreur données BTCUSDT: name 'client' is not defined
2026-05-03 16:59:14: [ERROR] Erreur données BTCUSDT: name 'client' is not defined
2026-05-03 16:59:14: [ERROR] Erreur données ETHUSDT: name 'client' is not defined
2026-05-03 16:59:14: [ERROR] Erreur données BTCUSDT: name 'client' is not defined
2026-05-03 16:59:14: [ERROR] Erreur données BTCUSDT: name 'client' is not defined
2026-05-03 16:59:14: [ERROR] Erreur données BTCUSDT: name 'client' is not defined
2026-05-03 16:59:14: [ERROR] Erreur données BTCUSDT: name 'client' is not defined
2026-05-03 16:59:14: [ERROR] Erreur données BTCUSDT: name 'client' is not defined
2026-05-03 16:59:14: [ERROR] Erreur données BTCUSDT: name 'client' is not defined
2026-05-03 16:59:14: [ERROR] Erreur données BTCUSDT: name 'client' is not defined
2026-05-03 16:59:14: [ERROR] Erreur données BTCUSDT: name 'client' is not defined
2026-05-03 16:59:14: [ERROR] Erreur données BTCUSDT: name 'client' is not defined
2026-05-03 16:59:14: [ERROR] Erreur données BTCUSDT: name 'client' is not defined
2026-05-03 16:59:14: [ERROR] Erreur données BTCUSDT: name 'client' is not defined
2026-05-03 16:59:14: [ERROR] Erreur données BTCUSDT: name 'client' is not defined
2026-05-03 16:59:14: [ERROR] Erreur données BTCUSDT: name 'client' is not defined
2026-05-03 16:59:14: [ERROR] Erreur données BTCUSDT: name 'client' is not defined
2026-05-03 16:59:14: [ERROR] Erreur données BTCUSDT: name 'client' is not defined
2026-05-03 16:59:14: [ERROR] Erreur données BTCUSDT: name 'client' is not defined
2026-05-03 16:59:14: [ERROR] Erreur données BTCUSDT: name 'client' is not defined
2026-05-03 16:59:14: [ERROR] Erreur données BTCUSDT: name 'client' is not defined
2026-05-03 16:59:14: [ERROR] Erreur données BTCUSDT: name 'client' is not defined
2026-05-03 16:59:14: [ERROR] Erreur données BTCUSDT: name 'client' is not defined
2026-05-03 16:59:14: [ERROR] Erreur données BTCUSDT: name 'client' is not defined
2026-05-03 16:59:14: [ERROR] Erreur données BTCUSDT: name 'client' is not defined
2026-05-03 16:59:14: [ERROR] Erreur données BTCUSDT: name 'client' is not defined
2026-05-03 16:59:14: [ERROR] Erreur données BTCUSDT: name 'client' is not defined
2026-05-03 16:59:14: [ERROR] Erreur données BTCUSDT: name 'client' is not defined
2026-05-03 16:59:14: [ERROR] Erreur données BTCUSDT: name 'client' is not defined
2026-05-03 16:59:14: [ERROR] Erreur données ETHUSDT: name 'client' is not defined
2026-05-03 16:59:14: [ERROR] Erreur données BTCUSDT: name 'client' is not defined
2026-05-03 16:59:14: [ERROR] Erreur données ETHUSDT: name 'client' is not defined
2026-05-03 16:59:14: [ERROR] Erreur données BTCUSDT: name 'client' is not defined
2026-05-03 16:59:14: [ERROR] Erreur données ETHUSDT: name 'client' is not defined
2026-05-03 16:59:14: [ERROR] Erreur données BTCUSDT: name 'client' is not defined
2026-05-03 16:59:14: [ERROR] Erreur données ETHUSDT: name 'client' is not defined
2026-05-03 16:59:14: [ERROR] Erreur données ETHUSDT: name 'client' is not defined
2026-05-03 16:59:14: [ERROR] Erreur données BTCUSDT: name 'client' is not defined
2026-05-03 16:59:14: [ERROR] Erreur données BTCUSDT: name 'client' is not defined
2026-05-03 16:59:14: [ERROR] Erreur données ETHUSDT: name 'client' is not defined
2026-05-03 16:59:14: [ERROR] Erreur données BTCUSDT: name 'client' is not defined
2026-05-03 16:59:14: [ERROR] Erreur données ETHUSDT: name 'client' is not defined
2026-05-03 16:59:14: [ERROR] Erreur données BTCUSDT: name 'client' is not defined
2026-05-03 16:59:14: [ERROR] Erreur données ETHUSDT: name 'client' is not defined
2026-05-03 16:59:14: [ERROR] Erreur données BTCUSDT: name 'client' is not defined
2026-05-03 16:59:14: [ERROR] Erreur données ETHUSDT: name 'client' is not defined
2026-05-03 16:59:14: [ERROR] Erreur données BTCUSDT: name 'client' is not defined
2026-05-03 16:59:14: [ERROR] Erreur données ETHUSDT: name 'client' is not defined
2026-05-03 16:59:14: [ERROR] Erreur données BTCUSDT: name 'client' is not defined
2026-05-03 16:59:14: [ERROR] Erreur données ETHUSDT: name 'client' is not defined
2026-05-03 16:59:14: [ERROR] Erreur données BTCUSDT: name 'client' is not defined
2026-05-03 16:59:14: [ERROR] Erreur données ETHUSDT: name 'client' is not defined
2026-05-03 16:59:14: [ERROR] Erreur données BTCUSDT: name 'client' is not defined
2026-05-03 16:59:14: [ERROR] Erreur données ETHUSDT: name 'client' is not defined
2026-05-03 16:59:14: [ERROR] Erreur données BTCUSDT: name 'client' is not defined
2026-05-03 16:59:14: [ERROR] Erreur données SOLUSDT: name 'client' is not defined
2026-05-03 16:59:14: [ERROR] Erreur données ETHUSDT: name 'client' is not defined
2026-05-03 16:59:14: [ERROR] Erreur données BTCUSDT: name 'client' is not defined
2026-05-03 16:59:14: [ERROR] Erreur données ETHUSDT: name 'client' is not defined
2026-05-03 16:59:14: [ERROR] Erreur données BTCUSDT: name 'client' is not defined
2026-05-03 16:59:14: [ERROR] Erreur données ETHUSDT: name 'client' is not defined
2026-05-03 16:59:14: [ERROR] Erreur données BTCUSDT: name 'client' is not defined
2026-05-03 16:59:14: [ERROR] Erreur données BTCUSDT: name 'client' is not defined
2026-05-03 16:59:14: [ERROR] Erreur données BTCUSDT: name 'client' is not defined
2026-05-03 16:59:14: [ERROR] Erreur données BTCUSDT: name 'client' is not defined
2026-05-03 16:59:14: [ERROR] Erreur données BTCUSDT: name 'client' is not defined
2026-05-03 16:59:14: [ERROR] Erreur données BTCUSDT: name 'client' is not defined
2026-05-03 16:59:14: [ERROR] Erreur données BTCUSDT: name 'client' is not defined
2026-05-03 16:59:14: [ERROR] Erreur données BTCUSDT: name 'client' is not defined
2026-05-03 16:59:14: [ERROR] Erreur données BTCUSDT: name 'client' is not defined
2026-05-03 16:59:14: [ERROR] Erreur données BTCUSDT: name 'client' is not defined
2026-05-03 16:59:14: [ERROR] Erreur données BTCUSDT: name 'client' is not defined
2026-05-03 16:59:14: [ERROR] Erreur données BTCUSDT: name 'client' is not defined
2026-05-03 16:59:14: [ERROR] Erreur données BTCUSDT: name 'client' is not defined
2026-05-03 16:59:14: [ERROR] Erreur données BTCUSDT: name 'client' is not defined
2026-05-03 16:59:14: [ERROR] Erreur données BTCUSDT: name 'client' is not defined
2026-05-03 16:59:14: [ERROR] Erreur données BTCUSDT: name 'client' is not defined
2026-05-03 16:59:14: [ERROR] Erreur données BTCUSDT: name 'client' is not defined
2026-05-03 16:59:14: [ERROR] Erreur données BTCUSDT: name 'client' is not defined
2026-05-03 16:59:14: [ERROR] Erreur données BTCUSDT: name 'client' is not defined
2026-05-03 16:59:14: [ERROR] Erreur données BTCUSDT: name 'client' is not defined
2026-05-03 16:59:14: [ERROR] Erreur données BTCUSDT: name 'client' is not defined
2026-05-03 16:59:14: [ERROR] Erreur données BTCUSDT: name 'client' is not defined
2026-05-03 16:59:14: [ERROR] Erreur données ETHUSDT: name 'client' is not defined
2026-05-03 16:59:14: [ERROR] Erreur données BTCUSDT: name 'client' is not defined
2026-05-03 16:59:14: [ERROR] Erreur données BTCUSDT: name 'client' is not defined
2026-05-03 16:59:14: [ERROR] Erreur données BTCUSDT: name 'client' is not defined
2026-05-03 16:59:14: [ERROR] Erreur données ETHUSDT: name 'client' is not defined
2026-05-03 16:59:14: [ERROR] Erreur données BTCUSDT: name 'client' is not defined
2026-05-03 16:59:14: [ERROR] Erreur données ETHUSDT: name 'client' is not defined
2026-05-03 16:59:14: [ERROR] Erreur données BTCUSDT: name 'client' is not defined
2026-05-03 16:59:14: [ERROR] Erreur données ETHUSDT: name 'client' is not defined
2026-05-03 16:59:14: [ERROR] Erreur données BTCUSDT: name 'client' is not defined
2026-05-03 16:59:14: [ERROR] Erreur données ETHUSDT: name 'client' is not defined
2026-05-03 16:59:14: [ERROR] Erreur données BTCUSDT: name 'client' is not defined
2026-05-03 16:59:14: [ERROR] Erreur données ETHUSDT: name 'client' is not defined
2026-05-03 16:59:14: [ERROR] Erreur données BTCUSDT: name 'client' is not defined
2026-05-03 16:59:14: [ERROR] Erreur données ETHUSDT: name 'client' is not defined
2026-05-03 16:59:14: [ERROR] Erreur données BTCUSDT: name 'client' is not defined
2026-05-03 16:59:14: [ERROR] Erreur données ETHUSDT: name 'client' is not defined
2026-05-03 16:59:14: [ERROR] Erreur données BTCUSDT: name 'client' is not defined
2026-05-03 16:59:14: [ERROR] Erreur données ETHUSDT: name 'client' is not defined
2026-05-03 16:59:14: [ERROR] Erreur données ETHUSDT: name 'client' is not defined
2026-05-03 16:59:14: [ERROR] Erreur données ETHUSDT: name 'client' is not defined
2026-05-03 16:59:14: [ERROR] Erreur données ETHUSDT: name 'client' is not defined
2026-05-03 16:59:14: [ERROR] Erreur données ETHUSDT: name 'client' is not defined
2026-05-03 16:59:14: [ERROR] Erreur données ETHUSDT: name 'client' is not defined
2026-05-03 16:59:14: [ERROR] Erreur données ETHUSDT: name 'client' is not defined
2026-05-03 16:59:14: [ERROR] Erreur données ETHUSDT: name 'client' is not defined
2026-05-03 16:59:14: [ERROR] Erreur données ETHUSDT: name 'client' is not defined
2026-05-03 16:59:14: [ERROR] Erreur données ETHUSDT: name 'client' is not defined
2026-05-03 16:59:14: [ERROR] Erreur données ETHUSDT: name 'client' is not defined
2026-05-03 16:59:14: [ERROR] Erreur données ETHUSDT: name 'client' is not defined
2026-05-03 16:59:14: [ERROR] Erreur données ETHUSDT: name 'client' is not defined
2026-05-03 16:59:14: [ERROR] Erreur données ETHUSDT: name 'client' is not defined
2026-05-03 16:59:14: [ERROR] Erreur données ETHUSDT: name 'client' is not defined
2026-05-03 16:59:14: [ERROR] Erreur données ETHUSDT: name 'client' is not defined
2026-05-03 16:59:14: [ERROR] Erreur données ETHUSDT: name 'client' is not defined
2026-05-03 16:59:14: [ERROR] Erreur données ETHUSDT: name 'client' is not defined
2026-05-03 16:59:14: [ERROR] Erreur données ETHUSDT: name 'client' is not defined
2026-05-03 16:59:14: [ERROR] Erreur données ETHUSDT: name 'client' is not defined
2026-05-03 16:59:14: [ERROR] Erreur données ETHUSDT: name 'client' is not defined
2026-05-03 16:59:14: [ERROR] Erreur données ETHUSDT: name 'client' is not defined
2026-05-03 16:59:14: [ERROR] Erreur données ETHUSDT: name 'client' is not defined
2026-05-03 16:59:14: [ERROR] Erreur données ETHUSDT: name 'client' is not defined
2026-05-03 16:59:14: [ERROR] Erreur données ETHUSDT: name 'client' is not defined
2026-05-03 16:59:14: [ERROR] Erreur données ETHUSDT: name 'client' is not defined
2026-05-03 16:59:14: [ERROR] Erreur données SOLUSDT: name 'client' is not defined
2026-05-03 16:59:14: [ERROR] Erreur données BTCUSDT: name 'client' is not defined
2026-05-03 16:59:14: [ERROR] Erreur données BTCUSDT: name 'client' is not defined
2026-05-03 16:59:14: [ERROR] Erreur données BTCUSDT: name 'client' is not defined
2026-05-03 16:59:14: [ERROR] Erreur données BTCUSDT: name 'client' is not defined
2026-05-03 16:59:14: [ERROR] Erreur données BTCUSDT: name 'client' is not defined
2026-05-03 16:59:14: [ERROR] Erreur données BTCUSDT: name 'client' is not defined
2026-05-03 16:59:14: [ERROR] Erreur données BTCUSDT: name 'client' is not defined
2026-05-03 16:59:14: [ERROR] Erreur données BTCUSDT: name 'client' is not defined
2026-05-03 16:59:14: [ERROR] Erreur données BTCUSDT: name 'client' is not defined
2026-05-03 16:59:14: [ERROR] Erreur données BTCUSDT: name 'client' is not defined
2026-05-03 16:59:14: [ERROR] Erreur données BTCUSDT: name 'client' is not defined
2026-05-03 16:59:14: [ERROR] Erreur données BTCUSDT: name 'client' is not defined
2026-05-03 16:59:14: [ERROR] Erreur données BTCUSDT: name 'client' is not defined
2026-05-03 16:59:14: [ERROR] Erreur données BTCUSDT: name 'client' is not defined
2026-05-03 16:59:14: [ERROR] Erreur données BTCUSDT: name 'client' is not defined
2026-05-03 16:59:14: [ERROR] Erreur données BTCUSDT: name 'client' is not defined
2026-05-03 16:59:14: [ERROR] Erreur données BTCUSDT: name 'client' is not defined
2026-05-03 16:59:14: [ERROR] Erreur données BTCUSDT: name 'client' is not defined
2026-05-03 16:59:14: [ERROR] Erreur données BTCUSDT: name 'client' is not defined
2026-05-03 16:59:15: [ERROR] Erreur données BTCUSDT: name 'client' is not defined
2026-05-03 16:59:15: [ERROR] Erreur données BTCUSDT: name 'client' is not defined
2026-05-03 16:59:15: [ERROR] Erreur données BTCUSDT: name 'client' is not defined
2026-05-03 16:59:15: [ERROR] Erreur données BTCUSDT: name 'client' is not defined
2026-05-03 16:59:15: [ERROR] Erreur données BTCUSDT: name 'client' is not defined
2026-05-03 16:59:15: [ERROR] Erreur données BTCUSDT: name 'client' is not defined
2026-05-03 16:59:15: [ERROR] Erreur données BTCUSDT: name 'client' is not defined
2026-05-03 16:59:15: [ERROR] Erreur données BTCUSDT: name 'client' is not defined
2026-05-03 16:59:15: [ERROR] Erreur données BTCUSDT: name 'client' is not defined
2026-05-03 16:59:15: [ERROR] Erreur données BTCUSDT: name 'client' is not defined
2026-05-03 16:59:15: [ERROR] Erreur données BTCUSDT: name 'client' is not defined
2026-05-03 16:59:15: [ERROR] Erreur données BTCUSDT: name 'client' is not defined
2026-05-03 16:59:15: [ERROR] Erreur données BTCUSDT: name 'client' is not defined
2026-05-03 16:59:15: [ERROR] Erreur données BTCUSDT: name 'client' is not defined
2026-05-03 16:59:15: [ERROR] Erreur données BTCUSDT: name 'client' is not defined
2026-05-03 16:59:15: [ERROR] Erreur données BTCUSDT: name 'client' is not defined
2026-05-03 16:59:15: [ERROR] Erreur données BTCUSDT: name 'client' is not defined
2026-05-03 16:59:15: [ERROR] Erreur données BTCUSDT: name 'client' is not defined
2026-05-03 16:59:15: [ERROR] Erreur données BTCUSDT: name 'client' is not defined
2026-05-03 16:59:15: [ERROR] Erreur données BTCUSDT: name 'client' is not defined
2026-05-03 16:59:15: [ERROR] Erreur données BTCUSDT: name 'client' is not defined
2026-05-03 16:59:15: [ERROR] Erreur données BTCUSDT: name 'client' is not defined
2026-05-03 16:59:15: [ERROR] Erreur données BTCUSDT: name 'client' is not defined
2026-05-03 16:59:15: [ERROR] Erreur données BTCUSDT: name 'client' is not defined
2026-05-03 16:59:15: [ERROR] Erreur données BTCUSDT: name 'client' is not defined
2026-05-03 16:59:15: [ERROR] Erreur données BTCUSDT: name 'client' is not defined
2026-05-03 16:59:15: [ERROR] Erreur données BTCUSDT: name 'client' is not defined
2026-05-03 16:59:15: [ERROR] Erreur données BTCUSDT: name 'client' is not defined
2026-05-03 16:59:15: [ERROR] Erreur données BTCUSDT: name 'client' is not defined
2026-05-03 16:59:15: [ERROR] Erreur données BTCUSDT: name 'client' is not defined
2026-05-03 16:59:15: [ERROR] Erreur données BTCUSDT: name 'client' is not defined
2026-05-03 16:59:15: [ERROR] Erreur données BTCUSDT: name 'client' is not defined
2026-05-03 16:59:15: [ERROR] Erreur données BTCUSDT: name 'client' is not defined
2026-05-03 16:59:15: [ERROR] Erreur données BTCUSDT: name 'client' is not defined
2026-05-03 16:59:15: [ERROR] Erreur données BTCUSDT: name 'client' is not defined
2026-05-03 16:59:15: [ERROR] Erreur données BTCUSDT: name 'client' is not defined
2026-05-03 16:59:15: [ERROR] Erreur données BTCUSDT: name 'client' is not defined
2026-05-03 16:59:15: [ERROR] Erreur données BTCUSDT: name 'client' is not defined
2026-05-03 16:59:15: [ERROR] Erreur données BTCUSDT: name 'client' is not defined
2026-05-03 16:59:15: [ERROR] Erreur données BTCUSDT: name 'client' is not defined
2026-05-03 16:59:15: [ERROR] Erreur données BTCUSDT: name 'client' is not defined
2026-05-03 16:59:15: [ERROR] Erreur données BTCUSDT: name 'client' is not defined
2026-05-03 16:59:15: [ERROR] Erreur données BTCUSDT: name 'client' is not defined
2026-05-03 16:59:15: [ERROR] Erreur données BTCUSDT: name 'client' is not defined
2026-05-03 16:59:15: [ERROR] Erreur données BTCUSDT: name 'client' is not defined
2026-05-03 16:59:15: [ERROR] Erreur données BTCUSDT: name 'client' is not defined
2026-05-03 16:59:15: [ERROR] Erreur données BTCUSDT: name 'client' is not defined
2026-05-03 16:59:15: [ERROR] Erreur données BTCUSDT: name 'client' is not defined
2026-05-03 16:59:15: [ERROR] Erreur données BTCUSDT: name 'client' is not defined
2026-05-03 16:59:15: [ERROR] Erreur données BTCUSDT: name 'client' is not defined
2026-05-03 16:59:15: [ERROR] Erreur données BTCUSDT: name 'client' is not defined
2026-05-03 16:59:15: [ERROR] Erreur données BTCUSDT: name 'client' is not defined
2026-05-03 16:59:15: [ERROR] Erreur données BTCUSDT: name 'client' is not defined
2026-05-03 16:59:15: [ERROR] Erreur données BTCUSDT: name 'client' is not defined
2026-05-03 16:59:15: [ERROR] Erreur données BTCUSDT: name 'client' is not defined
2026-05-03 16:59:15: [ERROR] Erreur données BTCUSDT: name 'client' is not defined
2026-05-03 16:59:15: [ERROR] Erreur données BTCUSDT: name 'client' is not defined
2026-05-03 16:59:15: [ERROR] Erreur données BTCUSDT: name 'client' is not defined
2026-05-03 16:59:15: [ERROR] Erreur données BTCUSDT: name 'client' is not defined
2026-05-03 16:59:15: [ERROR] Erreur données BTCUSDT: name 'client' is not defined
2026-05-03 16:59:15: [ERROR] Erreur données BTCUSDT: name 'client' is not defined
2026-05-03 16:59:15: [ERROR] Erreur données BTCUSDT: name 'client' is not defined
2026-05-03 16:59:15: [ERROR] Erreur données BTCUSDT: name 'client' is not defined
2026-05-03 16:59:15: [ERROR] Erreur données BTCUSDT: name 'client' is not defined
2026-05-03 16:59:15: [ERROR] Erreur données BTCUSDT: name 'client' is not defined
2026-05-03 16:59:15: [ERROR] Erreur données BTCUSDT: name 'client' is not defined
2026-05-03 16:59:15: [ERROR] Erreur données BTCUSDT: name 'client' is not defined
2026-05-03 16:59:15: [ERROR] Erreur données BTCUSDT: name 'client' is not defined
2026-05-03 16:59:15: [ERROR] Erreur données BTCUSDT: name 'client' is not defined
2026-05-03 16:59:15: [ERROR] Erreur données BTCUSDT: name 'client' is not defined
2026-05-03 16:59:15: [ERROR] Erreur données BTCUSDT: name 'client' is not defined
2026-05-03 16:59:15: [ERROR] Erreur données BTCUSDT: name 'client' is not defined
2026-05-03 16:59:15: [ERROR] Erreur données BTCUSDT: name 'client' is not defined
2026-05-03 16:59:15: [ERROR] Erreur données BTCUSDT: name 'client' is not defined
2026-05-03 16:59:15: [ERROR] Erreur données BTCUSDT: name 'client' is not defined
2026-05-03 16:59:15: [ERROR] Erreur données BTCUSDT: name 'client' is not defined
2026-05-03 16:59:15: [ERROR] Erreur données BTCUSDT: name 'client' is not defined
2026-05-03 16:59:15: [ERROR] Erreur données BTCUSDT: name 'client' is not defined
2026-05-03 16:59:15: [ERROR] Erreur données BTCUSDT: name 'client' is not defined
2026-05-03 16:59:15: [ERROR] Erreur données BTCUSDT: name 'client' is not defined
2026-05-03 16:59:15: [ERROR] Erreur données BTCUSDT: name 'client' is not defined
2026-05-03 16:59:15: [ERROR] Erreur données BTCUSDT: name 'client' is not defined
2026-05-03 16:59:15: [ERROR] Erreur données BTCUSDT: name 'client' is not defined
2026-05-03 16:59:15: [ERROR] Erreur données BTCUSDT: name 'client' is not defined
2026-05-03 16:59:15: [ERROR] Erreur données BTCUSDT: name 'client' is not defined
2026-05-03 16:59:15: [ERROR] Erreur données BTCUSDT: name 'client' is not defined
2026-05-03 16:59:15: [ERROR] Erreur données BTCUSDT: name 'client' is not defined
2026-05-03 16:59:15: [ERROR] Erreur données BTCUSDT: name 'client' is not defined
2026-05-03 16:59:15: [ERROR] Erreur données BTCUSDT: name 'client' is not defined
2026-05-03 16:59:15: [ERROR] Erreur données BTCUSDT: name 'client' is not defined
2026-05-03 16:59:15: [ERROR] Erreur données BTCUSDT: name 'client' is not defined
2026-05-03 16:59:15: [ERROR] Erreur données BTCUSDT: name 'client' is not defined
2026-05-03 16:59:15: [ERROR] Erreur données BTCUSDT: name 'client' is not defined
2026-05-03 16:59:15: [ERROR] Erreur données BTCUSDT: name 'client' is not defined
2026-05-03 16:59:15: [ERROR] Erreur données BTCUSDT: name 'client' is not defined
2026-05-03 16:59:15: [ERROR] Erreur données BTCUSDT: name 'client' is not defined
2026-05-03 16:59:15: [ERROR] Erreur données BTCUSDT: name 'client' is not defined
2026-05-03 16:59:15: [ERROR] Erreur données BTCUSDT: name 'client' is not defined
2026-05-03 16:59:15: [ERROR] Erreur données ETHUSDT: name 'client' is not defined
2026-05-03 16:59:15: [ERROR] Erreur données BTCUSDT: name 'client' is not defined
2026-05-03 16:59:15: [ERROR] Erreur données BTCUSDT: name 'client' is not defined
2026-05-03 16:59:15: [ERROR] Erreur données ETHUSDT: name 'client' is not defined
2026-05-03 16:59:15: [ERROR] Erreur données BTCUSDT: name 'client' is not defined
2026-05-03 16:59:15: [ERROR] Erreur données ETHUSDT: name 'client' is not defined
2026-05-03 16:59:15: [ERROR] Erreur données BTCUSDT: name 'client' is not defined
2026-05-03 16:59:15: [ERROR] Erreur données ETHUSDT: name 'client' is not defined
2026-05-03 16:59:15: [ERROR] Erreur données BTCUSDT: name 'client' is not defined
2026-05-03 16:59:15: [ERROR] Erreur données ETHUSDT: name 'client' is not defined
2026-05-03 16:59:15: [ERROR] Erreur données BTCUSDT: name 'client' is not defined
2026-05-03 16:59:15: [ERROR] Erreur données ETHUSDT: name 'client' is not defined
2026-05-03 16:59:15: [ERROR] Erreur données BTCUSDT: name 'client' is not defined
2026-05-03 16:59:15: [ERROR] Erreur données ETHUSDT: name 'client' is not defined
2026-05-03 16:59:15: [ERROR] Erreur données BTCUSDT: name 'client' is not defined
2026-05-03 16:59:15: [ERROR] Erreur données ETHUSDT: name 'client' is not defined
2026-05-03 16:59:15: [ERROR] Erreur données BTCUSDT: name 'client' is not defined
2026-05-03 16:59:15: [ERROR] Erreur données ETHUSDT: name 'client' is not defined
2026-05-03 16:59:15: [ERROR] Erreur données BTCUSDT: name 'client' is not defined
2026-05-03 16:59:15: [ERROR] Erreur données ETHUSDT: name 'client' is not defined
2026-05-03 16:59:15: [ERROR] Erreur données ETHUSDT: name 'client' is not defined
2026-05-03 16:59:15: [ERROR] Erreur données BTCUSDT: name 'client' is not defined
2026-05-03 16:59:15: [ERROR] Erreur données ETHUSDT: name 'client' is not defined
2026-05-03 16:59:15: [ERROR] Erreur données BTCUSDT: name 'client' is not defined
2026-05-03 16:59:15: [ERROR] Erreur données ETHUSDT: name 'client' is not defined
2026-05-03 16:59:15: [ERROR] Erreur données BTCUSDT: name 'client' is not defined
2026-05-03 16:59:15: [ERROR] Erreur données ETHUSDT: name 'client' is not defined
2026-05-03 16:59:15: [ERROR] Erreur données BTCUSDT: name 'client' is not defined
2026-05-03 16:59:15: [ERROR] Erreur données BTCUSDT: name 'client' is not defined
2026-05-03 16:59:15: [ERROR] Erreur données ETHUSDT: name 'client' is not defined
2026-05-03 16:59:15: [ERROR] Erreur données BTCUSDT: name 'client' is not defined
2026-05-03 16:59:15: [ERROR] Erreur données ETHUSDT: name 'client' is not defined
2026-05-03 16:59:15: [ERROR] Erreur données BTCUSDT: name 'client' is not defined
2026-05-03 16:59:15: [ERROR] Erreur données ETHUSDT: name 'client' is not defined
2026-05-03 16:59:15: [ERROR] Erreur données BTCUSDT: name 'client' is not defined
2026-05-03 16:59:15: [ERROR] Erreur données ETHUSDT: name 'client' is not defined
2026-05-03 16:59:15: [ERROR] Erreur données BTCUSDT: name 'client' is not defined
2026-05-03 16:59:15: [ERROR] Erreur données ETHUSDT: name 'client' is not defined
2026-05-03 16:59:15: [ERROR] Erreur données BTCUSDT: name 'client' is not defined
2026-05-03 16:59:15: [ERROR] Erreur données ETHUSDT: name 'client' is not defined
2026-05-03 16:59:15: [ERROR] Erreur données BTCUSDT: name 'client' is not defined
2026-05-03 16:59:15: [ERROR] Erreur données ETHUSDT: name 'client' is not defined
2026-05-03 16:59:15: [ERROR] Erreur données BTCUSDT: name 'client' is not defined
2026-05-03 16:59:15: [ERROR] Erreur données ETHUSDT: name 'client' is not defined
2026-05-03 16:59:15: [ERROR] Erreur données BTCUSDT: name 'client' is not defined
2026-05-03 16:59:15: [ERROR] Erreur données ETHUSDT: name 'client' is not defined
2026-05-03 16:59:15: [ERROR] Erreur données BTCUSDT: name 'client' is not defined
2026-05-03 16:59:15: [ERROR] Erreur données ETHUSDT: name 'client' is not defined
2026-05-03 16:59:15: [ERROR] Erreur données BTCUSDT: name 'client' is not defined
2026-05-03 16:59:15: [ERROR] Erreur données ETHUSDT: name 'client' is not defined
2026-05-03 16:59:15: [ERROR] Erreur données BTCUSDT: name 'client' is not defined
2026-05-03 16:59:15: [ERROR] Erreur données ETHUSDT: name 'client' is not defined
2026-05-03 16:59:15: [ERROR] Erreur données BTCUSDT: name 'client' is not defined
2026-05-03 16:59:15: [ERROR] Erreur données ETHUSDT: name 'client' is not defined
2026-05-03 16:59:15: [ERROR] Erreur données ETHUSDT: name 'client' is not defined
2026-05-03 16:59:15: [ERROR] Erreur données ETHUSDT: name 'client' is not defined
2026-05-03 16:59:15: [ERROR] Erreur données ETHUSDT: name 'client' is not defined
2026-05-03 16:59:15: [ERROR] Erreur données ETHUSDT: name 'client' is not defined
2026-05-03 16:59:15: [ERROR] Erreur données ETHUSDT: name 'client' is not defined
2026-05-03 16:59:15: [ERROR] Erreur données ETHUSDT: name 'client' is not defined
2026-05-03 16:59:15: [ERROR] Erreur données ETHUSDT: name 'client' is not defined
2026-05-03 16:59:15: [ERROR] Erreur données ETHUSDT: name 'client' is not defined
2026-05-03 16:59:15: [ERROR] Erreur données ETHUSDT: name 'client' is not defined
2026-05-03 16:59:15: [ERROR] Erreur données ETHUSDT: name 'client' is not defined
2026-05-03 16:59:15: [ERROR] Erreur données ETHUSDT: name 'client' is not defined
2026-05-03 16:59:15: [ERROR] Erreur données ETHUSDT: name 'client' is not defined
2026-05-03 16:59:15: [ERROR] Erreur données ETHUSDT: name 'client' is not defined
2026-05-03 16:59:15: [ERROR] Erreur données BTCUSDT: name 'client' is not defined
2026-05-03 16:59:15: [ERROR] Erreur données ETHUSDT: name 'client' is not defined
2026-05-03 16:59:15: [ERROR] Erreur données ETHUSDT: name 'client' is not defined
2026-05-03 16:59:15: [ERROR] Erreur données ETHUSDT: name 'client' is not defined
2026-05-03 16:59:15: [ERROR] Erreur données ETHUSDT: name 'client' is not defined
2026-05-03 16:59:15: [ERROR] Erreur données BTCUSDT: name 'client' is not defined
2026-05-03 16:59:15: [ERROR] Erreur données ETHUSDT: name 'client' is not defined
2026-05-03 16:59:15: [ERROR] Erreur données BTCUSDT: name 'client' is not defined
2026-05-03 16:59:15: [ERROR] Erreur données ETHUSDT: name 'client' is not defined
2026-05-03 16:59:15: [ERROR] Erreur données ETHUSDT: name 'client' is not defined
2026-05-03 16:59:15: [ERROR] Erreur données ETHUSDT: name 'client' is not defined
2026-05-03 16:59:15: [ERROR] Erreur données ETHUSDT: name 'client' is not defined
2026-05-03 16:59:15: [ERROR] Erreur données SOLUSDT: name 'client' is not defined
2026-05-03 16:59:15: [ERROR] Erreur données ETHUSDT: name 'client' is not defined
2026-05-03 16:59:15: [ERROR] Erreur données SOLUSDT: name 'client' is not defined
2026-05-03 16:59:15: [ERROR] Erreur données BTCUSDT: name 'client' is not defined
2026-05-03 16:59:15: [ERROR] Erreur données ETHUSDT: name 'client' is not defined
2026-05-03 16:59:15: [ERROR] Erreur données SOLUSDT: name 'client' is not defined
2026-05-03 16:59:15: [ERROR] Erreur données BTCUSDT: name 'client' is not defined
2026-05-03 16:59:15: [ERROR] Erreur données ETHUSDT: name 'client' is not defined
2026-05-03 16:59:15: [ERROR] Erreur données SOLUSDT: name 'client' is not defined
2026-05-03 16:59:15: [ERROR] Erreur données ETHUSDT: name 'client' is not defined
2026-05-03 16:59:15: [ERROR] Erreur données SOLUSDT: name 'client' is not defined
2026-05-03 16:59:15: [ERROR] Erreur données BTCUSDT: name 'client' is not defined
2026-05-03 16:59:15: [ERROR] Erreur données ETHUSDT: name 'client' is not defined
2026-05-03 16:59:15: [ERROR] Erreur données SOLUSDT: name 'client' is not defined
2026-05-03 16:59:15: [ERROR] Erreur données BTCUSDT: name 'client' is not defined
2026-05-03 16:59:15: [ERROR] Erreur données ETHUSDT: name 'client' is not defined
2026-05-03 16:59:15: [ERROR] Erreur données SOLUSDT: name 'client' is not defined
2026-05-03 16:59:15: [ERROR] Erreur données BTCUSDT: name 'client' is not defined
2026-05-03 16:59:15: [ERROR] Erreur données ETHUSDT: name 'client' is not defined
2026-05-03 16:59:15: [ERROR] Erreur données SOLUSDT: name 'client' is not defined
2026-05-03 16:59:15: [ERROR] Erreur données BTCUSDT: name 'client' is not defined
2026-05-03 16:59:15: [ERROR] Erreur données ETHUSDT: name 'client' is not defined
2026-05-03 16:59:15: [ERROR] Erreur données BTCUSDT: name 'client' is not defined
2026-05-03 16:59:15: [ERROR] Erreur données SOLUSDT: name 'client' is not defined
2026-05-03 16:59:15: [ERROR] Erreur données ETHUSDT: name 'client' is not defined
2026-05-03 16:59:15: [ERROR] Erreur données SOLUSDT: name 'client' is not defined
2026-05-03 16:59:15: [ERROR] Erreur données BTCUSDT: name 'client' is not defined
2026-05-03 16:59:15: [ERROR] Erreur données ETHUSDT: name 'client' is not defined
2026-05-03 16:59:15: [ERROR] Erreur données SOLUSDT: name 'client' is not defined
2026-05-03 16:59:15: [ERROR] Erreur données BTCUSDT: name 'client' is not defined
2026-05-03 16:59:15: [ERROR] Erreur données ETHUSDT: name 'client' is not defined
2026-05-03 16:59:15: [ERROR] Erreur données SOLUSDT: name 'client' is not defined
2026-05-03 16:59:15: [ERROR] Erreur données BTCUSDT: name 'client' is not defined
2026-05-03 16:59:15: [ERROR] Erreur données ETHUSDT: name 'client' is not defined
2026-05-03 16:59:15: [ERROR] Erreur données BTCUSDT: name 'client' is not defined
2026-05-03 16:59:15: [ERROR] Erreur données SOLUSDT: name 'client' is not defined
2026-05-03 16:59:15: [ERROR] Erreur données ETHUSDT: name 'client' is not defined
2026-05-03 16:59:15: [ERROR] Erreur données BTCUSDT: name 'client' is not defined
2026-05-03 16:59:15: [ERROR] Erreur données SOLUSDT: name 'client' is not defined
2026-05-03 16:59:15: [ERROR] Erreur données ETHUSDT: name 'client' is not defined
2026-05-03 16:59:15: [ERROR] Erreur données BTCUSDT: name 'client' is not defined
2026-05-03 16:59:15: [ERROR] Erreur données SOLUSDT: name 'client' is not defined
2026-05-03 16:59:15: [ERROR] Erreur données ETHUSDT: name 'client' is not defined
2026-05-03 16:59:15: [ERROR] Erreur données BTCUSDT: name 'client' is not defined
2026-05-03 16:59:15: [ERROR] Erreur données SOLUSDT: name 'client' is not defined
2026-05-03 16:59:15: [ERROR] Erreur données ETHUSDT: name 'client' is not defined
2026-05-03 16:59:15: [ERROR] Erreur données BTCUSDT: name 'client' is not defined
2026-05-03 16:59:15: [ERROR] Erreur données SOLUSDT: name 'client' is not defined
2026-05-03 16:59:15: [ERROR] Erreur données ETHUSDT: name 'client' is not defined
2026-05-03 16:59:15: [ERROR] Erreur données BTCUSDT: name 'client' is not defined
2026-05-03 16:59:15: [ERROR] Erreur données ETHUSDT: name 'client' is not defined
2026-05-03 16:59:15: [ERROR] Erreur données SOLUSDT: name 'client' is not defined
2026-05-03 16:59:15: [ERROR] Erreur données BTCUSDT: name 'client' is not defined
2026-05-03 16:59:15: [ERROR] Erreur données ETHUSDT: name 'client' is not defined
2026-05-03 16:59:15: [ERROR] Erreur données SOLUSDT: name 'client' is not defined
2026-05-03 16:59:15: [ERROR] Erreur données SOLUSDT: name 'client' is not defined
2026-05-03 16:59:15: [ERROR] Erreur données ETHUSDT: name 'client' is not defined
2026-05-03 16:59:15: [ERROR] Erreur données SOLUSDT: name 'client' is not defined
2026-05-03 16:59:15: [ERROR] Erreur données ETHUSDT: name 'client' is not defined
2026-05-03 16:59:15: [ERROR] Erreur données SOLUSDT: name 'client' is not defined
2026-05-03 16:59:15: [ERROR] Erreur données ETHUSDT: name 'client' is not defined
2026-05-03 16:59:15: [ERROR] Erreur données SOLUSDT: name 'client' is not defined
2026-05-03 16:59:15: [ERROR] Erreur données ETHUSDT: name 'client' is not defined
2026-05-03 16:59:15: [ERROR] Erreur données SOLUSDT: name 'client' is not defined
2026-05-03 16:59:15: [ERROR] Erreur données ETHUSDT: name 'client' is not defined
2026-05-03 16:59:15: [ERROR] Erreur données SOLUSDT: name 'client' is not defined
2026-05-03 16:59:15: [ERROR] Erreur données ETHUSDT: name 'client' is not defined
2026-05-03 16:59:15: [ERROR] Erreur données SOLUSDT: name 'client' is not defined
2026-05-03 16:59:15: [ERROR] Erreur données ETHUSDT: name 'client' is not defined
2026-05-03 16:59:15: [ERROR] Erreur données SOLUSDT: name 'client' is not defined
2026-05-03 16:59:15: [ERROR] Erreur données ETHUSDT: name 'client' is not defined
2026-05-03 16:59:15: [ERROR] Erreur données SOLUSDT: name 'client' is not defined
2026-05-03 16:59:15: [ERROR] Erreur données ETHUSDT: name 'client' is not defined
2026-05-03 16:59:15: [ERROR] Erreur données SOLUSDT: name 'client' is not defined
2026-05-03 16:59:15: [ERROR] Erreur données ETHUSDT: name 'client' is not defined
2026-05-03 16:59:15: [ERROR] Erreur données SOLUSDT: name 'client' is not defined
2026-05-03 16:59:15: [ERROR] Erreur données SOLUSDT: name 'client' is not defined
2026-05-03 16:59:15: [ERROR] Erreur données BTCUSDT: name 'client' is not defined
2026-05-03 16:59:15: [ERROR] Erreur données ETHUSDT: name 'client' is not defined
2026-05-03 16:59:15: [ERROR] Erreur données SOLUSDT: name 'client' is not defined
2026-05-03 16:59:15: [ERROR] Erreur données ETHUSDT: name 'client' is not defined
2026-05-03 16:59:15: [ERROR] Erreur données SOLUSDT: name 'client' is not defined
2026-05-03 16:59:15: [ERROR] Erreur données ETHUSDT: name 'client' is not defined
2026-05-03 16:59:15: [ERROR] Erreur données BTCUSDT: name 'client' is not defined
2026-05-03 16:59:15: [ERROR] Erreur données ETHUSDT: name 'client' is not defined
2026-05-03 16:59:15: [ERROR] Erreur données SOLUSDT: name 'client' is not defined
2026-05-03 16:59:15: [ERROR] Erreur données ETHUSDT: name 'client' is not defined
2026-05-03 16:59:15: [ERROR] Erreur données SOLUSDT: name 'client' is not defined
2026-05-03 16:59:15: [ERROR] Erreur données ETHUSDT: name 'client' is not defined
2026-05-03 16:59:15: [ERROR] Erreur données SOLUSDT: name 'client' is not defined
2026-05-03 16:59:15: [ERROR] Erreur données ETHUSDT: name 'client' is not defined
2026-05-03 16:59:15: [ERROR] Erreur données SOLUSDT: name 'client' is not defined
2026-05-03 16:59:15: [ERROR] Erreur données ETHUSDT: name 'client' is not defined
2026-05-03 16:59:15: [ERROR] Erreur données SOLUSDT: name 'client' is not defined
2026-05-03 16:59:15: [ERROR] Erreur données ETHUSDT: name 'client' is not defined
2026-05-03 16:59:15: [ERROR] Erreur données SOLUSDT: name 'client' is not defined
2026-05-03 16:59:15: [ERROR] Erreur données ETHUSDT: name 'client' is not defined
2026-05-03 16:59:15: [ERROR] Erreur données SOLUSDT: name 'client' is not defined
2026-05-03 16:59:15: [ERROR] Erreur données ETHUSDT: name 'client' is not defined
2026-05-03 16:59:15: [ERROR] Erreur données SOLUSDT: name 'client' is not defined
2026-05-03 16:59:15: [ERROR] Erreur données ETHUSDT: name 'client' is not defined
2026-05-03 16:59:15: [ERROR] Erreur données SOLUSDT: name 'client' is not defined
2026-05-03 16:59:15: [ERROR] Erreur données ETHUSDT: name 'client' is not defined
2026-05-03 16:59:15: [ERROR] Erreur données BTCUSDT: name 'client' is not defined
2026-05-03 16:59:15: [ERROR] Erreur données SOLUSDT: name 'client' is not defined
2026-05-03 16:59:15: [ERROR] Erreur données ETHUSDT: name 'client' is not defined
2026-05-03 16:59:15: [ERROR] Erreur données BTCUSDT: name 'client' is not defined
2026-05-03 16:59:15: [ERROR] Erreur données SOLUSDT: name 'client' is not defined
2026-05-03 16:59:15: [ERROR] Erreur données ETHUSDT: name 'client' is not defined
2026-05-03 16:59:15: [ERROR] Erreur données SOLUSDT: name 'client' is not defined
2026-05-03 16:59:15: [ERROR] Erreur données ETHUSDT: name 'client' is not defined
2026-05-03 16:59:15: [ERROR] Erreur données SOLUSDT: name 'client' is not defined
2026-05-03 16:59:15: [ERROR] Erreur données ETHUSDT: name 'client' is not defined
2026-05-03 16:59:15: [ERROR] Erreur données SOLUSDT: name 'client' is not defined
2026-05-03 16:59:15: [ERROR] Erreur données ETHUSDT: name 'client' is not defined
2026-05-03 16:59:15: [ERROR] Erreur données SOLUSDT: name 'client' is not defined
2026-05-03 16:59:15: [ERROR] Erreur données ETHUSDT: name 'client' is not defined
2026-05-03 16:59:15: [ERROR] Erreur données SOLUSDT: name 'client' is not defined
2026-05-03 16:59:15: [ERROR] Erreur données ETHUSDT: name 'client' is not defined
2026-05-03 16:59:15: [ERROR] Erreur données SOLUSDT: name 'client' is not defined
2026-05-03 16:59:15: [ERROR] Erreur données ETHUSDT: name 'client' is not defined
2026-05-03 16:59:15: [ERROR] Erreur données SOLUSDT: name 'client' is not defined
2026-05-03 16:59:15: [ERROR] Erreur données ETHUSDT: name 'client' is not defined
2026-05-03 16:59:15: [ERROR] Erreur données SOLUSDT: name 'client' is not defined
2026-05-03 16:59:15: [ERROR] Erreur données ETHUSDT: name 'client' is not defined
2026-05-03 16:59:15: [ERROR] Erreur données BTCUSDT: name 'client' is not defined
2026-05-03 16:59:15: [ERROR] Erreur données SOLUSDT: name 'client' is not defined
2026-05-03 16:59:15: [ERROR] Erreur données ETHUSDT: name 'client' is not defined
2026-05-03 16:59:15: [ERROR] Erreur données BTCUSDT: name 'client' is not defined
2026-05-03 16:59:15: [ERROR] Erreur données SOLUSDT: name 'client' is not defined
2026-05-03 16:59:15: [ERROR] Erreur données ETHUSDT: name 'client' is not defined
2026-05-03 16:59:15: [ERROR] Erreur données BTCUSDT: name 'client' is not defined
2026-05-03 16:59:15: [ERROR] Erreur données SOLUSDT: name 'client' is not defined
2026-05-03 16:59:15: [ERROR] Erreur données ETHUSDT: name 'client' is not defined
2026-05-03 16:59:15: [ERROR] Erreur données BTCUSDT: name 'client' is not defined
2026-05-03 16:59:15: [ERROR] Erreur données SOLUSDT: name 'client' is not defined
2026-05-03 16:59:15: [ERROR] Erreur données ETHUSDT: name 'client' is not defined
2026-05-03 16:59:15: [ERROR] Erreur données BTCUSDT: name 'client' is not defined
2026-05-03 16:59:15: [ERROR] Erreur données SOLUSDT: name 'client' is not defined
2026-05-03 16:59:15: [ERROR] Erreur données ETHUSDT: name 'client' is not defined
2026-05-03 16:59:15: [ERROR] Erreur données BTCUSDT: name 'client' is not defined
2026-05-03 16:59:15: [ERROR] Erreur données SOLUSDT: name 'client' is not defined
2026-05-03 16:59:15: [ERROR] Erreur données ETHUSDT: name 'client' is not defined
2026-05-03 16:59:15: [ERROR] Erreur données BTCUSDT: name 'client' is not defined
2026-05-03 16:59:15: [ERROR] Erreur données SOLUSDT: name 'client' is not defined
2026-05-03 16:59:15: [ERROR] Erreur données ETHUSDT: name 'client' is not defined
2026-05-03 16:59:15: [ERROR] Erreur données BTCUSDT: name 'client' is not defined
2026-05-03 16:59:15: [ERROR] Erreur données SOLUSDT: name 'client' is not defined
2026-05-03 16:59:15: [ERROR] Erreur données ETHUSDT: name 'client' is not defined
2026-05-03 16:59:15: [ERROR] Erreur données BTCUSDT: name 'client' is not defined
2026-05-03 16:59:15: [ERROR] Erreur données ETHUSDT: name 'client' is not defined
2026-05-03 16:59:15: [ERROR] Erreur données BTCUSDT: name 'client' is not defined
2026-05-03 16:59:15: [ERROR] Erreur données SOLUSDT: name 'client' is not defined
2026-05-03 16:59:15: [ERROR] Erreur données BTCUSDT: name 'client' is not defined
2026-05-03 16:59:15: [ERROR] Erreur données SOLUSDT: name 'client' is not defined
2026-05-03 16:59:15: [ERROR] Erreur données ETHUSDT: name 'client' is not defined
2026-05-03 16:59:15: [ERROR] Erreur données BTCUSDT: name 'client' is not defined
2026-05-03 16:59:15: [ERROR] Erreur données SOLUSDT: name 'client' is not defined
2026-05-03 16:59:15: [ERROR] Erreur données ETHUSDT: name 'client' is not defined
2026-05-03 16:59:15: [ERROR] Erreur données BTCUSDT: name 'client' is not defined
2026-05-03 16:59:15: [ERROR] Erreur données SOLUSDT: name 'client' is not defined
2026-05-03 16:59:15: [ERROR] Erreur données ETHUSDT: name 'client' is not defined
2026-05-03 16:59:15: [ERROR] Erreur données ETHUSDT: name 'client' is not defined
2026-05-03 16:59:15: [ERROR] Erreur données ETHUSDT: name 'client' is not defined
2026-05-03 16:59:15: [ERROR] Erreur données SOLUSDT: name 'client' is not defined
2026-05-03 16:59:15: [ERROR] Erreur données BTCUSDT: name 'client' is not defined
2026-05-03 16:59:15: [ERROR] Erreur données ETHUSDT: name 'client' is not defined
2026-05-03 16:59:15: [ERROR] Erreur données SOLUSDT: name 'client' is not defined
2026-05-03 16:59:15: [ERROR] Erreur données BTCUSDT: name 'client' is not defined
2026-05-03 16:59:15: [ERROR] Erreur données ETHUSDT: name 'client' is not defined
2026-05-03 16:59:15: [ERROR] Erreur données SOLUSDT: name 'client' is not defined
2026-05-03 16:59:15: [ERROR] Erreur données BTCUSDT: name 'client' is not defined
2026-05-03 16:59:15: [ERROR] Erreur données ETHUSDT: name 'client' is not defined
2026-05-03 16:59:15: [ERROR] Erreur données SOLUSDT: name 'client' is not defined
2026-05-03 16:59:15: [ERROR] Erreur données BTCUSDT: name 'client' is not defined
2026-05-03 16:59:15: [ERROR] Erreur données ETHUSDT: name 'client' is not defined
2026-05-03 16:59:15: [ERROR] Erreur données SOLUSDT: name 'client' is not defined
2026-05-03 16:59:15: [ERROR] Erreur données BTCUSDT: name 'client' is not defined
2026-05-03 16:59:15: [ERROR] Erreur données ETHUSDT: name 'client' is not defined
2026-05-03 16:59:15: [ERROR] Erreur données SOLUSDT: name 'client' is not defined
2026-05-03 16:59:15: [ERROR] Erreur données BTCUSDT: name 'client' is not defined
2026-05-03 16:59:15: [ERROR] Erreur données ETHUSDT: name 'client' is not defined
2026-05-03 16:59:15: [ERROR] Erreur données SOLUSDT: name 'client' is not defined
2026-05-03 16:59:15: [ERROR] Erreur données BTCUSDT: name 'client' is not defined
2026-05-03 16:59:15: [ERROR] Erreur données ETHUSDT: name 'client' is not defined
2026-05-03 16:59:15: [ERROR] Erreur données SOLUSDT: name 'client' is not defined
2026-05-03 16:59:15: [ERROR] Erreur données BTCUSDT: name 'client' is not defined
2026-05-03 16:59:15: [ERROR] Erreur données ETHUSDT: name 'client' is not defined
2026-05-03 16:59:15: [ERROR] Erreur données SOLUSDT: name 'client' is not defined
2026-05-03 16:59:15: [ERROR] Erreur données BTCUSDT: name 'client' is not defined
2026-05-03 16:59:15: [ERROR] Erreur données ETHUSDT: name 'client' is not defined
2026-05-03 16:59:15: [ERROR] Erreur données SOLUSDT: name 'client' is not defined
2026-05-03 16:59:15: [ERROR] Erreur données BTCUSDT: name 'client' is not defined
2026-05-03 16:59:15: [ERROR] Erreur données ETHUSDT: name 'client' is not defined
2026-05-03 16:59:15: [ERROR] Erreur données SOLUSDT: name 'client' is not defined
2026-05-03 16:59:15: [ERROR] Erreur données BTCUSDT: name 'client' is not defined
2026-05-03 16:59:15: [ERROR] Erreur données SOLUSDT: name 'client' is not defined
2026-05-03 16:59:15: [ERROR] Erreur données ETHUSDT: name 'client' is not defined
2026-05-03 16:59:15: [ERROR] Erreur données BTCUSDT: name 'client' is not defined
2026-05-03 16:59:15: [ERROR] Erreur données SOLUSDT: name 'client' is not defined
2026-05-03 16:59:15: [ERROR] Erreur données ETHUSDT: name 'client' is not defined
2026-05-03 16:59:15: [ERROR] Erreur données BTCUSDT: name 'client' is not defined
2026-05-03 16:59:15: [ERROR] Erreur données ETHUSDT: name 'client' is not defined
2026-05-03 16:59:15: [ERROR] Erreur données SOLUSDT: name 'client' is not defined
2026-05-03 16:59:15: [ERROR] Erreur données BTCUSDT: name 'client' is not defined
2026-05-03 16:59:15: [ERROR] Erreur données SOLUSDT: name 'client' is not defined
2026-05-03 16:59:15: [ERROR] Erreur données ETHUSDT: name 'client' is not defined
2026-05-03 16:59:15: [ERROR] Erreur données BTCUSDT: name 'client' is not defined
2026-05-03 16:59:15: [ERROR] Erreur données ETHUSDT: name 'client' is not defined
2026-05-03 16:59:15: [ERROR] Erreur données SOLUSDT: name 'client' is not defined
2026-05-03 16:59:15: [ERROR] Erreur données BTCUSDT: name 'client' is not defined
2026-05-03 16:59:15: [ERROR] Erreur données ETHUSDT: name 'client' is not defined
2026-05-03 16:59:15: [ERROR] Erreur données SOLUSDT: name 'client' is not defined
2026-05-03 16:59:15: [ERROR] Erreur données BTCUSDT: name 'client' is not defined
2026-05-03 16:59:15: [ERROR] Erreur données ETHUSDT: name 'client' is not defined
2026-05-03 16:59:15: [ERROR] Erreur données SOLUSDT: name 'client' is not defined
2026-05-03 16:59:15: [ERROR] Erreur données BTCUSDT: name 'client' is not defined
2026-05-03 16:59:15: [ERROR] Erreur données ETHUSDT: name 'client' is not defined
2026-05-03 16:59:15: [ERROR] Erreur données SOLUSDT: name 'client' is not defined
2026-05-03 16:59:15: [ERROR] Erreur données BTCUSDT: name 'client' is not defined
2026-05-03 16:59:15: [ERROR] Erreur données ETHUSDT: name 'client' is not defined
2026-05-03 16:59:15: [ERROR] Erreur données SOLUSDT: name 'client' is not defined
2026-05-03 16:59:15: [ERROR] Erreur données BTCUSDT: name 'client' is not defined
2026-05-03 16:59:15: [ERROR] Erreur données ETHUSDT: name 'client' is not defined
2026-05-03 16:59:15: [ERROR] Erreur données SOLUSDT: name 'client' is not defined
2026-05-03 16:59:15: [ERROR] Erreur données BTCUSDT: name 'client' is not defined
2026-05-03 16:59:15: [ERROR] Erreur données ETHUSDT: name 'client' is not defined
2026-05-03 16:59:15: [ERROR] Erreur données SOLUSDT: name 'client' is not defined
2026-05-03 16:59:15: [ERROR] Erreur données BTCUSDT: name 'client' is not defined
2026-05-03 16:59:15: [ERROR] Erreur données ETHUSDT: name 'client' is not defined
2026-05-03 16:59:15: [ERROR] Erreur données SOLUSDT: name 'client' is not defined
2026-05-03 16:59:15: [ERROR] Erreur données BTCUSDT: name 'client' is not defined
2026-05-03 16:59:15: [ERROR] Erreur données ETHUSDT: name 'client' is not defined
2026-05-03 16:59:15: [ERROR] Erreur données SOLUSDT: name 'client' is not defined
2026-05-03 16:59:15: [ERROR] Erreur données BTCUSDT: name 'client' is not defined
2026-05-03 16:59:15: [ERROR] Erreur données ETHUSDT: name 'client' is not defined
2026-05-03 16:59:15: [ERROR] Erreur données SOLUSDT: name 'client' is not defined
2026-05-03 16:59:15: [ERROR] Erreur données BTCUSDT: name 'client' is not defined
2026-05-03 16:59:15: [ERROR] Erreur données ETHUSDT: name 'client' is not defined
2026-05-03 16:59:15: [ERROR] Erreur données SOLUSDT: name 'client' is not defined
2026-05-03 16:59:15: [ERROR] Erreur données BTCUSDT: name 'client' is not defined
2026-05-03 16:59:15: [ERROR] Erreur données ETHUSDT: name 'client' is not defined
2026-05-03 16:59:15: [ERROR] Erreur données SOLUSDT: name 'client' is not defined
2026-05-03 16:59:15: [ERROR] Erreur données BTCUSDT: name 'client' is not defined
2026-05-03 16:59:15: [ERROR] Erreur données ETHUSDT: name 'client' is not defined
2026-05-03 16:59:15: [ERROR] Erreur données SOLUSDT: name 'client' is not defined
2026-05-03 16:59:15: [ERROR] Erreur données BTCUSDT: name 'client' is not defined
2026-05-03 16:59:15: [ERROR] Erreur données SOLUSDT: name 'client' is not defined
2026-05-03 16:59:15: [ERROR] Erreur données BTCUSDT: name 'client' is not defined
2026-05-03 16:59:15: [ERROR] Erreur données SOLUSDT: name 'client' is not defined
2026-05-03 16:59:15: [ERROR] Erreur données ETHUSDT: name 'client' is not defined
2026-05-03 16:59:15: [ERROR] Erreur données BTCUSDT: name 'client' is not defined
2026-05-03 16:59:15: [ERROR] Erreur données SOLUSDT: name 'client' is not defined
2026-05-03 16:59:15: [ERROR] Erreur données ETHUSDT: name 'client' is not defined
2026-05-03 16:59:15: [ERROR] Erreur données BTCUSDT: name 'client' is not defined
2026-05-03 16:59:15: [ERROR] Erreur données SOLUSDT: name 'client' is not defined
2026-05-03 16:59:15: [ERROR] Erreur données ETHUSDT: name 'client' is not defined
2026-05-03 16:59:15: [ERROR] Erreur données BTCUSDT: name 'client' is not defined
2026-05-03 16:59:15: [ERROR] Erreur données SOLUSDT: name 'client' is not defined
2026-05-03 16:59:15: [ERROR] Erreur données ETHUSDT: name 'client' is not defined
2026-05-03 16:59:15: [ERROR] Erreur données ETHUSDT: name 'client' is not defined
2026-05-03 16:59:15: [ERROR] Erreur données SOLUSDT: name 'client' is not defined
2026-05-03 16:59:15: [ERROR] Erreur données BTCUSDT: name 'client' is not defined
2026-05-03 16:59:15: [ERROR] Erreur données ETHUSDT: name 'client' is not defined
2026-05-03 16:59:15: [ERROR] Erreur données BTCUSDT: name 'client' is not defined
2026-05-03 16:59:15: [ERROR] Erreur données ETHUSDT: name 'client' is not defined
2026-05-03 16:59:15: [ERROR] Erreur données BTCUSDT: name 'client' is not defined
2026-05-03 16:59:15: [ERROR] Erreur données ETHUSDT: name 'client' is not defined
2026-05-03 16:59:15: [ERROR] Erreur données BTCUSDT: name 'client' is not defined
2026-05-03 16:59:15: [ERROR] Erreur données ETHUSDT: name 'client' is not defined
2026-05-03 16:59:15: [ERROR] Erreur données BTCUSDT: name 'client' is not defined
2026-05-03 16:59:15: [ERROR] Erreur données ETHUSDT: name 'client' is not defined
2026-05-03 16:59:15: [ERROR] Erreur données BTCUSDT: name 'client' is not defined
2026-05-03 16:59:15: [ERROR] Erreur données ETHUSDT: name 'client' is not defined
2026-05-03 16:59:15: [ERROR] Erreur données BTCUSDT: name 'client' is not defined
2026-05-03 16:59:15: [ERROR] Erreur données ETHUSDT: name 'client' is not defined
2026-05-03 16:59:15: [ERROR] Erreur données BTCUSDT: name 'client' is not defined
2026-05-03 16:59:15: [ERROR] Erreur données ETHUSDT: name 'client' is not defined
2026-05-03 16:59:15: [ERROR] Erreur données BTCUSDT: name 'client' is not defined
2026-05-03 16:59:15: [ERROR] Erreur données ETHUSDT: name 'client' is not defined
2026-05-03 16:59:15: [ERROR] Erreur données BTCUSDT: name 'client' is not defined
2026-05-03 16:59:15: [ERROR] Erreur données ETHUSDT: name 'client' is not defined
2026-05-03 16:59:15: [ERROR] Erreur données BTCUSDT: name 'client' is not defined
2026-05-03 16:59:15: [ERROR] Erreur données ETHUSDT: name 'client' is not defined
2026-05-03 16:59:15: [ERROR] Erreur données BTCUSDT: name 'client' is not defined
2026-05-03 16:59:15: [ERROR] Erreur données ETHUSDT: name 'client' is not defined
2026-05-03 16:59:15: [ERROR] Erreur données BTCUSDT: name 'client' is not defined
2026-05-03 16:59:15: [ERROR] Erreur données ETHUSDT: name 'client' is not defined
2026-05-03 16:59:15: [ERROR] Erreur données BTCUSDT: name 'client' is not defined
2026-05-03 16:59:15: [ERROR] Erreur données ETHUSDT: name 'client' is not defined
2026-05-03 16:59:15: [ERROR] Erreur données BTCUSDT: name 'client' is not defined
2026-05-03 16:59:15: [ERROR] Erreur données ETHUSDT: name 'client' is not defined
2026-05-03 16:59:15: [ERROR] Erreur données BTCUSDT: name 'client' is not defined
2026-05-03 16:59:15: [ERROR] Erreur données ETHUSDT: name 'client' is not defined
2026-05-03 16:59:15: [ERROR] Erreur données BTCUSDT: name 'client' is not defined
2026-05-03 16:59:15: [ERROR] Erreur données SOLUSDT: name 'client' is not defined
2026-05-03 16:59:15: [ERROR] Erreur données ETHUSDT: name 'client' is not defined
2026-05-03 16:59:15: [ERROR] Erreur données BTCUSDT: name 'client' is not defined
2026-05-03 16:59:15: [ERROR] Erreur données SOLUSDT: name 'client' is not defined
2026-05-03 16:59:15: [ERROR] Erreur données ETHUSDT: name 'client' is not defined
2026-05-03 16:59:15: [ERROR] Erreur données BTCUSDT: name 'client' is not defined
2026-05-03 16:59:15: [ERROR] Erreur données SOLUSDT: name 'client' is not defined
2026-05-03 16:59:15: [ERROR] Erreur données ETHUSDT: name 'client' is not defined
2026-05-03 16:59:15: [ERROR] Erreur données SOLUSDT: name 'client' is not defined
2026-05-03 16:59:15: [ERROR] Erreur données BTCUSDT: name 'client' is not defined
2026-05-03 16:59:15: [ERROR] Erreur données ETHUSDT: name 'client' is not defined
2026-05-03 16:59:15: [ERROR] Erreur données BTCUSDT: name 'client' is not defined
2026-05-03 16:59:15: [ERROR] Erreur données ETHUSDT: name 'client' is not defined
2026-05-03 16:59:15: [ERROR] Erreur données BTCUSDT: name 'client' is not defined
2026-05-03 16:59:15: [ERROR] Erreur données ETHUSDT: name 'client' is not defined
2026-05-03 16:59:15: [ERROR] Erreur données SOLUSDT: name 'client' is not defined
2026-05-03 16:59:15: [ERROR] Erreur données BTCUSDT: name 'client' is not defined
2026-05-03 16:59:15: [ERROR] Erreur données ETHUSDT: name 'client' is not defined
2026-05-03 16:59:15: [ERROR] Erreur données BTCUSDT: name 'client' is not defined
2026-05-03 16:59:15: [ERROR] Erreur données ETHUSDT: name 'client' is not defined
2026-05-03 16:59:15: [ERROR] Erreur données BTCUSDT: name 'client' is not defined
2026-05-03 16:59:15: [ERROR] Erreur données ETHUSDT: name 'client' is not defined
2026-05-03 16:59:15: [ERROR] Erreur données BTCUSDT: name 'client' is not defined
2026-05-03 16:59:15: [ERROR] Erreur données ETHUSDT: name 'client' is not defined
2026-05-03 16:59:15: [ERROR] Erreur données BTCUSDT: name 'client' is not defined
2026-05-03 16:59:15: [ERROR] Erreur données ETHUSDT: name 'client' is not defined
2026-05-03 16:59:15: [ERROR] Erreur données BTCUSDT: name 'client' is not defined
2026-05-03 16:59:15: [ERROR] Erreur données BTCUSDT: name 'client' is not defined
2026-05-03 16:59:15: [ERROR] Erreur données ETHUSDT: name 'client' is not defined
2026-05-03 16:59:15: [ERROR] Erreur données BTCUSDT: name 'client' is not defined
2026-05-03 16:59:15: [ERROR] Erreur données ETHUSDT: name 'client' is not defined
2026-05-03 16:59:15: [ERROR] Erreur données BTCUSDT: name 'client' is not defined
2026-05-03 16:59:15: [ERROR] Erreur données ETHUSDT: name 'client' is not defined
2026-05-03 16:59:15: [ERROR] Erreur données BTCUSDT: name 'client' is not defined
2026-05-03 16:59:15: [ERROR] Erreur données ETHUSDT: name 'client' is not defined
2026-05-03 16:59:15: [ERROR] Erreur données ETHUSDT: name 'client' is not defined
2026-05-03 16:59:15: [ERROR] Erreur données BTCUSDT: name 'client' is not defined
2026-05-03 16:59:15: [ERROR] Erreur données ETHUSDT: name 'client' is not defined
2026-05-03 16:59:15: [ERROR] Erreur données BTCUSDT: name 'client' is not defined
2026-05-03 16:59:15: [ERROR] Erreur données ETHUSDT: name 'client' is not defined
2026-05-03 16:59:15: [ERROR] Erreur données BTCUSDT: name 'client' is not defined
2026-05-03 16:59:15: [ERROR] Erreur données ETHUSDT: name 'client' is not defined
2026-05-03 16:59:15: [ERROR] Erreur données BTCUSDT: name 'client' is not defined
2026-05-03 16:59:15: [ERROR] Erreur données ETHUSDT: name 'client' is not defined
2026-05-03 16:59:15: [ERROR] Erreur données BTCUSDT: name 'client' is not defined
2026-05-03 16:59:15: [ERROR] Erreur données ETHUSDT: name 'client' is not defined
2026-05-03 16:59:15: [ERROR] Erreur données BTCUSDT: name 'client' is not defined
2026-05-03 16:59:15: [ERROR] Erreur données ETHUSDT: name 'client' is not defined
2026-05-03 16:59:15: [ERROR] Erreur données BTCUSDT: name 'client' is not defined
2026-05-03 16:59:15: [ERROR] Erreur données ETHUSDT: name 'client' is not defined
2026-05-03 16:59:15: [ERROR] Erreur données BTCUSDT: name 'client' is not defined
2026-05-03 16:59:15: [ERROR] Erreur données ETHUSDT: name 'client' is not defined
2026-05-03 16:59:15: [ERROR] Erreur données BTCUSDT: name 'client' is not defined
2026-05-03 16:59:15: [ERROR] Erreur données ETHUSDT: name 'client' is not defined
2026-05-03 16:59:15: [ERROR] Erreur données BTCUSDT: name 'client' is not defined
2026-05-03 16:59:15: [ERROR] Erreur données ETHUSDT: name 'client' is not defined
2026-05-03 16:59:15: [ERROR] Erreur données BTCUSDT: name 'client' is not defined
2026-05-03 16:59:15: [ERROR] Erreur données ETHUSDT: name 'client' is not defined
2026-05-03 16:59:15: [ERROR] Erreur données BTCUSDT: name 'client' is not defined
2026-05-03 16:59:15: [ERROR] Erreur données ETHUSDT: name 'client' is not defined
2026-05-03 16:59:15: [ERROR] Erreur données BTCUSDT: name 'client' is not defined
2026-05-03 16:59:15: [ERROR] Erreur données ETHUSDT: name 'client' is not defined
2026-05-03 16:59:15: [ERROR] Erreur données BTCUSDT: name 'client' is not defined
2026-05-03 16:59:15: [ERROR] Erreur données ETHUSDT: name 'client' is not defined
2026-05-03 16:59:15: [ERROR] Erreur données BTCUSDT: name 'client' is not defined
2026-05-03 16:59:15: [ERROR] Erreur données ETHUSDT: name 'client' is not defined
2026-05-03 16:59:15: [ERROR] Erreur données BTCUSDT: name 'client' is not defined
2026-05-03 16:59:15: [ERROR] Erreur données ETHUSDT: name 'client' is not defined
2026-05-03 16:59:15: [ERROR] Erreur données BTCUSDT: name 'client' is not defined
2026-05-03 16:59:15: [ERROR] Erreur données ETHUSDT: name 'client' is not defined
2026-05-03 16:59:15: [ERROR] Erreur données BTCUSDT: name 'client' is not defined
2026-05-03 16:59:15: [ERROR] Erreur données ETHUSDT: name 'client' is not defined
2026-05-03 16:59:15: [ERROR] Erreur données BTCUSDT: name 'client' is not defined
2026-05-03 16:59:15: [ERROR] Erreur données ETHUSDT: name 'client' is not defined
2026-05-03 16:59:15: [ERROR] Erreur données BTCUSDT: name 'client' is not defined
2026-05-03 16:59:15: [ERROR] Erreur données ETHUSDT: name 'client' is not defined
2026-05-03 16:59:15: [ERROR] Erreur données BTCUSDT: name 'client' is not defined
2026-05-03 16:59:15: [ERROR] Erreur données ETHUSDT: name 'client' is not defined
2026-05-03 16:59:15: [ERROR] Erreur données BTCUSDT: name 'client' is not defined
2026-05-03 16:59:15: [ERROR] Erreur données ETHUSDT: name 'client' is not defined
2026-05-03 16:59:15: [ERROR] Erreur données BTCUSDT: name 'client' is not defined
2026-05-03 16:59:15: [ERROR] Erreur données ETHUSDT: name 'client' is not defined
2026-05-03 16:59:15: [ERROR] Erreur données BTCUSDT: name 'client' is not defined
2026-05-03 16:59:15: [ERROR] Erreur données ETHUSDT: name 'client' is not defined
2026-05-03 16:59:15: [ERROR] Erreur données BTCUSDT: name 'client' is not defined
2026-05-03 16:59:15: [ERROR] Erreur données ETHUSDT: name 'client' is not defined
2026-05-03 16:59:15: [ERROR] Erreur données BTCUSDT: name 'client' is not defined
2026-05-03 16:59:15: [ERROR] Erreur données BTCUSDT: name 'client' is not defined
2026-05-03 16:59:15: [ERROR] Erreur données BTCUSDT: name 'client' is not defined
2026-05-03 16:59:15: [ERROR] Erreur données BTCUSDT: name 'client' is not defined
2026-05-03 16:59:15: [ERROR] Erreur données BTCUSDT: name 'client' is not defined
2026-05-03 16:59:15: [ERROR] Erreur données BTCUSDT: name 'client' is not defined
2026-05-03 16:59:15: [ERROR] Erreur données BTCUSDT: name 'client' is not defined
2026-05-03 16:59:15: [ERROR] Erreur données BTCUSDT: name 'client' is not defined
2026-05-03 16:59:15: [ERROR] Erreur données ETHUSDT: name 'client' is not defined
2026-05-03 16:59:15: [ERROR] Erreur données ETHUSDT: name 'client' is not defined
2026-05-03 16:59:15: [ERROR] Erreur données ETHUSDT: name 'client' is not defined
2026-05-03 16:59:15: [ERROR] Erreur données ETHUSDT: name 'client' is not defined
2026-05-03 16:59:15: [ERROR] Erreur données ETHUSDT: name 'client' is not defined
2026-05-03 16:59:15: [ERROR] Erreur données ETHUSDT: name 'client' is not defined
2026-05-03 16:59:15: [ERROR] Erreur données BTCUSDT: name 'client' is not defined
2026-05-03 16:59:15: [ERROR] Erreur données ETHUSDT: name 'client' is not defined
2026-05-03 16:59:15: [ERROR] Erreur données BTCUSDT: name 'client' is not defined
2026-05-03 16:59:15: [ERROR] Erreur données BTCUSDT: name 'client' is not defined
2026-05-03 16:59:15: [ERROR] Erreur données BTCUSDT: name 'client' is not defined
2026-05-03 16:59:15: [ERROR] Erreur données BTCUSDT: name 'client' is not defined
2026-05-03 16:59:15: [ERROR] Erreur données ETHUSDT: name 'client' is not defined
2026-05-03 16:59:15: [ERROR] Erreur données BTCUSDT: name 'client' is not defined
2026-05-03 16:59:15: [ERROR] Erreur données BTCUSDT: name 'client' is not defined
2026-05-03 16:59:15: [ERROR] Erreur données BTCUSDT: name 'client' is not defined
2026-05-03 16:59:15: [ERROR] Erreur données SOLUSDT: name 'client' is not defined
2026-05-03 16:59:15: [ERROR] Erreur données BTCUSDT: name 'client' is not defined
2026-05-03 16:59:15: [ERROR] Erreur données BTCUSDT: name 'client' is not defined
2026-05-03 16:59:15: [ERROR] Erreur données BTCUSDT: name 'client' is not defined
2026-05-03 16:59:15: [ERROR] Erreur données BTCUSDT: name 'client' is not defined
2026-05-03 16:59:15: [ERROR] Erreur données BTCUSDT: name 'client' is not defined
2026-05-03 16:59:15: [ERROR] Erreur données BTCUSDT: name 'client' is not defined
2026-05-03 16:59:15: [ERROR] Erreur données ETHUSDT: name 'client' is not defined
2026-05-03 16:59:15: [ERROR] Erreur données ETHUSDT: name 'client' is not defined
2026-05-03 16:59:15: [ERROR] Erreur données BTCUSDT: name 'client' is not defined
2026-05-03 16:59:16: [ERROR] Erreur données BTCUSDT: name 'client' is not defined
2026-05-03 16:59:16: [ERROR] Erreur données ETHUSDT: name 'client' is not defined
2026-05-03 16:59:16: [ERROR] Erreur données BTCUSDT: name 'client' is not defined
2026-05-03 16:59:16: [ERROR] Erreur données BTCUSDT: name 'client' is not defined
2026-05-03 16:59:16: [ERROR] Erreur données BTCUSDT: name 'client' is not defined
2026-05-03 16:59:16: [ERROR] Erreur données ETHUSDT: name 'client' is not defined
2026-05-03 16:59:16: [ERROR] Erreur données BTCUSDT: name 'client' is not defined
2026-05-03 16:59:16: [ERROR] Erreur données SOLUSDT: name 'client' is not defined
2026-05-03 16:59:16: [ERROR] Erreur données SOLUSDT: name 'client' is not defined
2026-05-03 16:59:16: [ERROR] Erreur données BTCUSDT: name 'client' is not defined
2026-05-03 16:59:16: [ERROR] Erreur données SOLUSDT: name 'client' is not defined
2026-05-03 16:59:16: [ERROR] Erreur données BTCUSDT: name 'client' is not defined
2026-05-03 16:59:16: [ERROR] Erreur données SOLUSDT: name 'client' is not defined
2026-05-03 16:59:16: [ERROR] Erreur données BTCUSDT: name 'client' is not defined
2026-05-03 16:59:16: [ERROR] Erreur données BTCUSDT: name 'client' is not defined
2026-05-03 16:59:16: [ERROR] Erreur données BTCUSDT: name 'client' is not defined
2026-05-03 16:59:16: [ERROR] Erreur données BTCUSDT: name 'client' is not defined
2026-05-03 16:59:16: [ERROR] Erreur données BTCUSDT: name 'client' is not defined
2026-05-03 16:59:16: [ERROR] Erreur données BTCUSDT: name 'client' is not defined
2026-05-03 16:59:16: [ERROR] Erreur données BTCUSDT: name 'client' is not defined
2026-05-03 16:59:16: [ERROR] Erreur données BTCUSDT: name 'client' is not defined
2026-05-03 16:59:16: [ERROR] Erreur données BTCUSDT: name 'client' is not defined
2026-05-03 16:59:16: [ERROR] Erreur données BTCUSDT: name 'client' is not defined
2026-05-03 16:59:16: [ERROR] Erreur données BTCUSDT: name 'client' is not defined
2026-05-03 16:59:16: [ERROR] Erreur données BTCUSDT: name 'client' is not defined
2026-05-03 16:59:16: [ERROR] Erreur données BTCUSDT: name 'client' is not defined
2026-05-03 16:59:16: [ERROR] Erreur données BTCUSDT: name 'client' is not defined
2026-05-03 16:59:16: [ERROR] Erreur données BTCUSDT: name 'client' is not defined
2026-05-03 16:59:16: [ERROR] Erreur données BTCUSDT: name 'client' is not defined
2026-05-03 16:59:16: [ERROR] Erreur données SOLUSDT: name 'client' is not defined
2026-05-03 16:59:16: [ERROR] Erreur données BTCUSDT: name 'client' is not defined
2026-05-03 16:59:16: [ERROR] Erreur données BTCUSDT: name 'client' is not defined
2026-05-03 16:59:16: [ERROR] Erreur données BTCUSDT: name 'client' is not defined
2026-05-03 16:59:16: [ERROR] Erreur données BTCUSDT: name 'client' is not defined
2026-05-03 16:59:16: [ERROR] Erreur données ETHUSDT: name 'client' is not defined
2026-05-03 16:59:16: [ERROR] Erreur données ETHUSDT: name 'client' is not defined
2026-05-03 16:59:16: [ERROR] Erreur données BTCUSDT: name 'client' is not defined
2026-05-03 16:59:16: [ERROR] Erreur données ETHUSDT: name 'client' is not defined
2026-05-03 16:59:16: [ERROR] Erreur données ETHUSDT: name 'client' is not defined
2026-05-03 16:59:16: [ERROR] Erreur données ETHUSDT: name 'client' is not defined
2026-05-03 16:59:16: [ERROR] Erreur données ETHUSDT: name 'client' is not defined
2026-05-03 16:59:16: [ERROR] Erreur données ETHUSDT: name 'client' is not defined
2026-05-03 16:59:16: [ERROR] Erreur données ETHUSDT: name 'client' is not defined
2026-05-03 16:59:16: [ERROR] Erreur données ETHUSDT: name 'client' is not defined
2026-05-03 16:59:16: [ERROR] Erreur données ETHUSDT: name 'client' is not defined
2026-05-03 16:59:16: [ERROR] Erreur données ETHUSDT: name 'client' is not defined
2026-05-03 16:59:16: [ERROR] Erreur données ETHUSDT: name 'client' is not defined
2026-05-03 16:59:16: [ERROR] Erreur données ETHUSDT: name 'client' is not defined
2026-05-03 16:59:16: [ERROR] Erreur données ETHUSDT: name 'client' is not defined
2026-05-03 16:59:16: [ERROR] Erreur données ETHUSDT: name 'client' is not defined
2026-05-03 16:59:16: [ERROR] Erreur données ETHUSDT: name 'client' is not defined
2026-05-03 16:59:16: [ERROR] Erreur données ETHUSDT: name 'client' is not defined
2026-05-03 16:59:16: [ERROR] Erreur données ETHUSDT: name 'client' is not defined
2026-05-03 16:59:16: [ERROR] Erreur données ETHUSDT: name 'client' is not defined
2026-05-03 16:59:16: [ERROR] Erreur données ETHUSDT: name 'client' is not defined
2026-05-03 16:59:16: [ERROR] Erreur données ETHUSDT: name 'client' is not defined
2026-05-03 16:59:16: [ERROR] Erreur données ETHUSDT: name 'client' is not defined
2026-05-03 16:59:16: [ERROR] Erreur données ETHUSDT: name 'client' is not defined
2026-05-03 16:59:16: [ERROR] Erreur données ETHUSDT: name 'client' is not defined
2026-05-03 16:59:16: [ERROR] Erreur données ETHUSDT: name 'client' is not defined
2026-05-03 16:59:16: [ERROR] Erreur données ETHUSDT: name 'client' is not defined
2026-05-03 16:59:16: [ERROR] Erreur données ETHUSDT: name 'client' is not defined
2026-05-03 16:59:16: [ERROR] Erreur données ETHUSDT: name 'client' is not defined
2026-05-03 16:59:16: [ERROR] Erreur données ETHUSDT: name 'client' is not defined
2026-05-03 16:59:16: [ERROR] Erreur données ETHUSDT: name 'client' is not defined
2026-05-03 16:59:16: [ERROR] Erreur données ETHUSDT: name 'client' is not defined
2026-05-03 16:59:16: [ERROR] Erreur données ETHUSDT: name 'client' is not defined
2026-05-03 16:59:16: [ERROR] Erreur données ETHUSDT: name 'client' is not defined
2026-05-03 16:59:16: [ERROR] Erreur données ETHUSDT: name 'client' is not defined
2026-05-03 16:59:16: [ERROR] Erreur données ETHUSDT: name 'client' is not defined
2026-05-03 16:59:16: [ERROR] Erreur données ETHUSDT: name 'client' is not defined
2026-05-03 16:59:16: [ERROR] Erreur données ETHUSDT: name 'client' is not defined
2026-05-03 16:59:16: [ERROR] Erreur données ETHUSDT: name 'client' is not defined
2026-05-03 16:59:16: [ERROR] Erreur données ETHUSDT: name 'client' is not defined
2026-05-03 16:59:16: [ERROR] Erreur données ETHUSDT: name 'client' is not defined
2026-05-03 16:59:16: [ERROR] Erreur données ETHUSDT: name 'client' is not defined
2026-05-03 16:59:16: [ERROR] Erreur données ETHUSDT: name 'client' is not defined
2026-05-03 16:59:16: [ERROR] Erreur données ETHUSDT: name 'client' is not defined
2026-05-03 16:59:16: [ERROR] Erreur données ETHUSDT: name 'client' is not defined
2026-05-03 16:59:16: [ERROR] Erreur données ETHUSDT: name 'client' is not defined
2026-05-03 16:59:16: [ERROR] Erreur données ETHUSDT: name 'client' is not defined
2026-05-03 16:59:16: [ERROR] Erreur données ETHUSDT: name 'client' is not defined
2026-05-03 16:59:16: [ERROR] Erreur données ETHUSDT: name 'client' is not defined
2026-05-03 16:59:16: [ERROR] Erreur données ETHUSDT: name 'client' is not defined
2026-05-03 16:59:16: [ERROR] Erreur données ETHUSDT: name 'client' is not defined
2026-05-03 16:59:16: [ERROR] Erreur données ETHUSDT: name 'client' is not defined
2026-05-03 16:59:16: [ERROR] Erreur données ETHUSDT: name 'client' is not defined
2026-05-03 16:59:16: [ERROR] Erreur données ETHUSDT: name 'client' is not defined
2026-05-03 16:59:16: [ERROR] Erreur données ETHUSDT: name 'client' is not defined
2026-05-03 16:59:16: [ERROR] Erreur données ETHUSDT: name 'client' is not defined
2026-05-03 16:59:16: [ERROR] Erreur données ETHUSDT: name 'client' is not defined
2026-05-03 16:59:16: [ERROR] Erreur données BTCUSDT: name 'client' is not defined
2026-05-03 16:59:16: [ERROR] Erreur données ETHUSDT: name 'client' is not defined
2026-05-03 16:59:16: [ERROR] Erreur données BTCUSDT: name 'client' is not defined
2026-05-03 16:59:16: [ERROR] Erreur données BTCUSDT: name 'client' is not defined
2026-05-03 16:59:16: [ERROR] Erreur données ETHUSDT: name 'client' is not defined
2026-05-03 16:59:16: [ERROR] Erreur données ETHUSDT: name 'client' is not defined
2026-05-03 16:59:16: [ERROR] Erreur données ETHUSDT: name 'client' is not defined
2026-05-03 16:59:16: [ERROR] Erreur données ETHUSDT: name 'client' is not defined
2026-05-03 16:59:16: [ERROR] Erreur données ETHUSDT: name 'client' is not defined
2026-05-03 16:59:16: [ERROR] Erreur données ETHUSDT: name 'client' is not defined
2026-05-03 16:59:16: [ERROR] Erreur données ETHUSDT: name 'client' is not defined
2026-05-03 16:59:16: [ERROR] Erreur données ETHUSDT: name 'client' is not defined
2026-05-03 16:59:16: [ERROR] Erreur données SOLUSDT: name 'client' is not defined
2026-05-03 16:59:16: [ERROR] Erreur données ETHUSDT: name 'client' is not defined
2026-05-03 16:59:16: [ERROR] Erreur données ETHUSDT: name 'client' is not defined
2026-05-03 16:59:16: [ERROR] Erreur données ETHUSDT: name 'client' is not defined
2026-05-03 16:59:16: [ERROR] Erreur données ETHUSDT: name 'client' is not defined
2026-05-03 16:59:16: [ERROR] Erreur données ETHUSDT: name 'client' is not defined
2026-05-03 16:59:16: [ERROR] Erreur données ETHUSDT: name 'client' is not defined
2026-05-03 16:59:16: [ERROR] Erreur données ETHUSDT: name 'client' is not defined
2026-05-03 16:59:16: [ERROR] Erreur données ETHUSDT: name 'client' is not defined
2026-05-03 16:59:16: [ERROR] Erreur données ETHUSDT: name 'client' is not defined
2026-05-03 16:59:16: [ERROR] Erreur données ETHUSDT: name 'client' is not defined
2026-05-03 16:59:16: [ERROR] Erreur données ETHUSDT: name 'client' is not defined
2026-05-03 16:59:16: [ERROR] Erreur données SOLUSDT: name 'client' is not defined
2026-05-03 16:59:16: [ERROR] Erreur données ETHUSDT: name 'client' is not defined
2026-05-03 16:59:16: [ERROR] Erreur données ETHUSDT: name 'client' is not defined
2026-05-03 16:59:16: [ERROR] Erreur données ETHUSDT: name 'client' is not defined
2026-05-03 16:59:16: [ERROR] Erreur données SOLUSDT: name 'client' is not defined
2026-05-03 16:59:16: [ERROR] Erreur données ETHUSDT: name 'client' is not defined
2026-05-03 16:59:16: [ERROR] Erreur données ETHUSDT: name 'client' is not defined
2026-05-03 16:59:16: [ERROR] Erreur données ETHUSDT: name 'client' is not defined
2026-05-03 16:59:16: [ERROR] Erreur données ETHUSDT: name 'client' is not defined
2026-05-03 16:59:16: [ERROR] Erreur données ETHUSDT: name 'client' is not defined
2026-05-03 16:59:16: [ERROR] Erreur données ETHUSDT: name 'client' is not defined
2026-05-03 16:59:16: [ERROR] Erreur données ETHUSDT: name 'client' is not defined
2026-05-03 16:59:16: [ERROR] Erreur données ETHUSDT: name 'client' is not defined
2026-05-03 16:59:16: [ERROR] Erreur données ETHUSDT: name 'client' is not defined
2026-05-03 16:59:16: [ERROR] Erreur données ETHUSDT: name 'client' is not defined
2026-05-03 16:59:16: [ERROR] Erreur données ETHUSDT: name 'client' is not defined
2026-05-03 16:59:16: [ERROR] Erreur données ETHUSDT: name 'client' is not defined
2026-05-03 16:59:16: [ERROR] Erreur données ETHUSDT: name 'client' is not defined
2026-05-03 16:59:16: [ERROR] Erreur données ETHUSDT: name 'client' is not defined
2026-05-03 16:59:16: [ERROR] Erreur données ETHUSDT: name 'client' is not defined
2026-05-03 16:59:16: [ERROR] Erreur données ETHUSDT: name 'client' is not defined
2026-05-03 16:59:16: [ERROR] Erreur données ETHUSDT: name 'client' is not defined
2026-05-03 16:59:16: [ERROR] Erreur données ETHUSDT: name 'client' is not defined
2026-05-03 16:59:16: [ERROR] Erreur données ETHUSDT: name 'client' is not defined
2026-05-03 16:59:16: [ERROR] Erreur données ETHUSDT: name 'client' is not defined
2026-05-03 16:59:16: [ERROR] Erreur données ETHUSDT: name 'client' is not defined
2026-05-03 16:59:16: [ERROR] Erreur données ETHUSDT: name 'client' is not defined
2026-05-03 16:59:16: [ERROR] Erreur données ETHUSDT: name 'client' is not defined
2026-05-03 16:59:16: [ERROR] Erreur données ETHUSDT: name 'client' is not defined
2026-05-03 16:59:16: [ERROR] Erreur données ETHUSDT: name 'client' is not defined
2026-05-03 16:59:16: [ERROR] Erreur données ETHUSDT: name 'client' is not defined
2026-05-03 16:59:16: [ERROR] Erreur données BTCUSDT: name 'client' is not defined
2026-05-03 16:59:16: [ERROR] Erreur données ETHUSDT: name 'client' is not defined
2026-05-03 16:59:16: [ERROR] Erreur données ETHUSDT: name 'client' is not defined
2026-05-03 16:59:16: [ERROR] Erreur données ETHUSDT: name 'client' is not defined
2026-05-03 16:59:16: [ERROR] Erreur données ETHUSDT: name 'client' is not defined
2026-05-03 16:59:16: [ERROR] Erreur données ETHUSDT: name 'client' is not defined
2026-05-03 16:59:16: [ERROR] Erreur données ETHUSDT: name 'client' is not defined
2026-05-03 16:59:16: [ERROR] Erreur données ETHUSDT: name 'client' is not defined
2026-05-03 16:59:16: [ERROR] Erreur données ETHUSDT: name 'client' is not defined
2026-05-03 16:59:16: [ERROR] Erreur données ETHUSDT: name 'client' is not defined
2026-05-03 16:59:16: [ERROR] Erreur données ETHUSDT: name 'client' is not defined
2026-05-03 16:59:16: [ERROR] Erreur données ETHUSDT: name 'client' is not defined
2026-05-03 16:59:16: [ERROR] Erreur données ETHUSDT: name 'client' is not defined
2026-05-03 16:59:16: [ERROR] Erreur données ETHUSDT: name 'client' is not defined
2026-05-03 16:59:16: [ERROR] Erreur données ETHUSDT: name 'client' is not defined
2026-05-03 16:59:16: [ERROR] Erreur données ETHUSDT: name 'client' is not defined
2026-05-03 16:59:16: [ERROR] Erreur données ETHUSDT: name 'client' is not defined
2026-05-03 16:59:16: [ERROR] Erreur données ETHUSDT: name 'client' is not defined
2026-05-03 16:59:16: [ERROR] Erreur données ETHUSDT: name 'client' is not defined
2026-05-03 16:59:16: [ERROR] Erreur données ETHUSDT: name 'client' is not defined
2026-05-03 16:59:16: [ERROR] Erreur données ETHUSDT: name 'client' is not defined
2026-05-03 16:59:16: [ERROR] Erreur données ETHUSDT: name 'client' is not defined
2026-05-03 16:59:16: [ERROR] Erreur données ETHUSDT: name 'client' is not defined
2026-05-03 16:59:16: [ERROR] Erreur données ETHUSDT: name 'client' is not defined
2026-05-03 16:59:16: [ERROR] Erreur données ETHUSDT: name 'client' is not defined
2026-05-03 16:59:16: [ERROR] Erreur données BTCUSDT: name 'client' is not defined
2026-05-03 16:59:17: [ERROR] Erreur données ETHUSDT: name 'client' is not defined
2026-05-03 16:59:17: [ERROR] Erreur données ETHUSDT: name 'client' is not defined
2026-05-03 16:59:17: [ERROR] Erreur données BTCUSDT: name 'client' is not defined
2026-05-03 16:59:17: [ERROR] Erreur données BTCUSDT: name 'client' is not defined
2026-05-03 16:59:17: [ERROR] Erreur données ETHUSDT: name 'client' is not defined
2026-05-03 16:59:17: [ERROR] Erreur données ETHUSDT: name 'client' is not defined
2026-05-03 16:59:17: [ERROR] Erreur données ETHUSDT: name 'client' is not defined
2026-05-03 16:59:17: [ERROR] Erreur données ETHUSDT: name 'client' is not defined
2026-05-03 16:59:17: [ERROR] Erreur données ETHUSDT: name 'client' is not defined
2026-05-03 16:59:17: [ERROR] Erreur données ETHUSDT: name 'client' is not defined
2026-05-03 16:59:17: [ERROR] Erreur données ETHUSDT: name 'client' is not defined
2026-05-03 16:59:17: [ERROR] Erreur données ETHUSDT: name 'client' is not defined
2026-05-03 16:59:17: [ERROR] Erreur données ETHUSDT: name 'client' is not defined
2026-05-03 16:59:17: [ERROR] Erreur données ETHUSDT: name 'client' is not defined
2026-05-03 16:59:17: [ERROR] Erreur données ETHUSDT: name 'client' is not defined
2026-05-03 16:59:17: [ERROR] Erreur données ETHUSDT: name 'client' is not defined
2026-05-03 16:59:17: [ERROR] Erreur données ETHUSDT: name 'client' is not defined
2026-05-03 16:59:17: [ERROR] Erreur données ETHUSDT: name 'client' is not defined
2026-05-03 16:59:17: [ERROR] Erreur données ETHUSDT: name 'client' is not defined
2026-05-03 16:59:17: [ERROR] Erreur données ETHUSDT: name 'client' is not defined
2026-05-03 16:59:17: [ERROR] Erreur données ETHUSDT: name 'client' is not defined
2026-05-03 16:59:17: [ERROR] Erreur données ETHUSDT: name 'client' is not defined
2026-05-03 16:59:17: [ERROR] Erreur données ETHUSDT: name 'client' is not defined
2026-05-03 16:59:17: [ERROR] Erreur données ETHUSDT: name 'client' is not defined
2026-05-03 16:59:17: [ERROR] Erreur données ETHUSDT: name 'client' is not defined
2026-05-03 16:59:17: [ERROR] Erreur données ETHUSDT: name 'client' is not defined
2026-05-03 16:59:17: [ERROR] Erreur données BTCUSDT: name 'client' is not defined
2026-05-03 16:59:17: [ERROR] Erreur données BTCUSDT: name 'client' is not defined
2026-05-03 16:59:17: [ERROR] Erreur données BTCUSDT: name 'client' is not defined
2026-05-03 16:59:17: [ERROR] Erreur données BTCUSDT: name 'client' is not defined
2026-05-03 16:59:17: [ERROR] Erreur données ETHUSDT: name 'client' is not defined
2026-05-03 16:59:17: [ERROR] Erreur données BTCUSDT: name 'client' is not defined
2026-05-03 16:59:17: [ERROR] Erreur données ETHUSDT: name 'client' is not defined
2026-05-03 16:59:17: [ERROR] Erreur données ETHUSDT: name 'client' is not defined
2026-05-03 16:59:17: [ERROR] Erreur données BTCUSDT: name 'client' is not defined
2026-05-03 16:59:17: [ERROR] Erreur données BTCUSDT: name 'client' is not defined
2026-05-03 16:59:17: [ERROR] Erreur données SOLUSDT: name 'client' is not defined
2026-05-03 16:59:17: [ERROR] Erreur données BTCUSDT: name 'client' is not defined
2026-05-03 16:59:17: [ERROR] Erreur données BTCUSDT: name 'client' is not defined
2026-05-03 16:59:17: [ERROR] Erreur données BTCUSDT: name 'client' is not defined
2026-05-03 16:59:17: [ERROR] Erreur données SOLUSDT: name 'client' is not defined
2026-05-03 16:59:17: [ERROR] Erreur données SOLUSDT: name 'client' is not defined
2026-05-03 16:59:17: [ERROR] Erreur données SOLUSDT: name 'client' is not defined
2026-05-03 16:59:17: [ERROR] Erreur données SOLUSDT: name 'client' is not defined
2026-05-03 16:59:17: [ERROR] Erreur données SOLUSDT: name 'client' is not defined
2026-05-03 16:59:17: [ERROR] Erreur données SOLUSDT: name 'client' is not defined
2026-05-03 16:59:17: [ERROR] Erreur données SOLUSDT: name 'client' is not defined
2026-05-03 16:59:17: [ERROR] Erreur données SOLUSDT: name 'client' is not defined
2026-05-03 16:59:17: [ERROR] Erreur données SOLUSDT: name 'client' is not defined
2026-05-03 16:59:17: [ERROR] Erreur données SOLUSDT: name 'client' is not defined
2026-05-03 16:59:17: [ERROR] Erreur données SOLUSDT: name 'client' is not defined
2026-05-03 16:59:17: [ERROR] Erreur données SOLUSDT: name 'client' is not defined
2026-05-03 16:59:17: [ERROR] Erreur données SOLUSDT: name 'client' is not defined
2026-05-03 16:59:17: [ERROR] Erreur données SOLUSDT: name 'client' is not defined
2026-05-03 16:59:17: [ERROR] Erreur données SOLUSDT: name 'client' is not defined
2026-05-03 16:59:17: [ERROR] Erreur données SOLUSDT: name 'client' is not defined
2026-05-03 16:59:17: [ERROR] Erreur données SOLUSDT: name 'client' is not defined
2026-05-03 16:59:17: [ERROR] Erreur données SOLUSDT: name 'client' is not defined
2026-05-03 16:59:17: [ERROR] Erreur données SOLUSDT: name 'client' is not defined
2026-05-03 16:59:17: [ERROR] Erreur données SOLUSDT: name 'client' is not defined
2026-05-03 16:59:17: [ERROR] Erreur données SOLUSDT: name 'client' is not defined
2026-05-03 16:59:17: [ERROR] Erreur données SOLUSDT: name 'client' is not defined
2026-05-03 16:59:17: [ERROR] Erreur données SOLUSDT: name 'client' is not defined
2026-05-03 16:59:17: [ERROR] Erreur données SOLUSDT: name 'client' is not defined
2026-05-03 16:59:17: [ERROR] Erreur données SOLUSDT: name 'client' is not defined
2026-05-03 16:59:17: [ERROR] Erreur données SOLUSDT: name 'client' is not defined
2026-05-03 16:59:17: [ERROR] Erreur données SOLUSDT: name 'client' is not defined
2026-05-03 16:59:17: [ERROR] Erreur données SOLUSDT: name 'client' is not defined
2026-05-03 16:59:17: [ERROR] Erreur données SOLUSDT: name 'client' is not defined
2026-05-03 16:59:17: [ERROR] Erreur données SOLUSDT: name 'client' is not defined
2026-05-03 16:59:17: [ERROR] Erreur données BTCUSDT: name 'client' is not defined
2026-05-03 16:59:17: [ERROR] Erreur données SOLUSDT: name 'client' is not defined
2026-05-03 16:59:17: [ERROR] Erreur données SOLUSDT: name 'client' is not defined
2026-05-03 16:59:17: [ERROR] Erreur données SOLUSDT: name 'client' is not defined
2026-05-03 16:59:17: [ERROR] Erreur données SOLUSDT: name 'client' is not defined
2026-05-03 16:59:17: [ERROR] Erreur données SOLUSDT: name 'client' is not defined
2026-05-03 16:59:17: [ERROR] Erreur données SOLUSDT: name 'client' is not defined
2026-05-03 16:59:17: [ERROR] Erreur données SOLUSDT: name 'client' is not defined
2026-05-03 16:59:17: [ERROR] Erreur données SOLUSDT: name 'client' is not defined
2026-05-03 16:59:17: [ERROR] Erreur données SOLUSDT: name 'client' is not defined
2026-05-03 16:59:17: [ERROR] Erreur données SOLUSDT: name 'client' is not defined
2026-05-03 16:59:17: [ERROR] Erreur données SOLUSDT: name 'client' is not defined
2026-05-03 16:59:17: [ERROR] Erreur données SOLUSDT: name 'client' is not defined
2026-05-03 16:59:17: [ERROR] Erreur données SOLUSDT: name 'client' is not defined
2026-05-03 16:59:17: [ERROR] Erreur données SOLUSDT: name 'client' is not defined
2026-05-03 16:59:17: [ERROR] Erreur données SOLUSDT: name 'client' is not defined
2026-05-03 16:59:17: [ERROR] Erreur données SOLUSDT: name 'client' is not defined
2026-05-03 16:59:17: [ERROR] Erreur données SOLUSDT: name 'client' is not defined
2026-05-03 16:59:17: [ERROR] Erreur données SOLUSDT: name 'client' is not defined
2026-05-03 16:59:17: [ERROR] Erreur données SOLUSDT: name 'client' is not defined
2026-05-03 16:59:17: [ERROR] Erreur données SOLUSDT: name 'client' is not defined
2026-05-03 16:59:17: [ERROR] Erreur données SOLUSDT: name 'client' is not defined
2026-05-03 16:59:17: [ERROR] Erreur données SOLUSDT: name 'client' is not defined
2026-05-03 16:59:17: [ERROR] Erreur données SOLUSDT: name 'client' is not defined
2026-05-03 16:59:17: [ERROR] Erreur données SOLUSDT: name 'client' is not defined
2026-05-03 16:59:17: [ERROR] Erreur données SOLUSDT: name 'client' is not defined
2026-05-03 16:59:17: [ERROR] Erreur données SOLUSDT: name 'client' is not defined
2026-05-03 16:59:17: [ERROR] Erreur données SOLUSDT: name 'client' is not defined
2026-05-03 16:59:17: [ERROR] Erreur données SOLUSDT: name 'client' is not defined
2026-05-03 16:59:17: [ERROR] Erreur données SOLUSDT: name 'client' is not defined
2026-05-03 16:59:17: [ERROR] Erreur données SOLUSDT: name 'client' is not defined
2026-05-03 16:59:17: [ERROR] Erreur données SOLUSDT: name 'client' is not defined
2026-05-03 16:59:17: [ERROR] Erreur données BTCUSDT: name 'client' is not defined
2026-05-03 16:59:17: [ERROR] Erreur données SOLUSDT: name 'client' is not defined
2026-05-03 16:59:17: [ERROR] Erreur données SOLUSDT: name 'client' is not defined
2026-05-03 16:59:17: [ERROR] Erreur données SOLUSDT: name 'client' is not defined
2026-05-03 16:59:17: [ERROR] Erreur données SOLUSDT: name 'client' is not defined
2026-05-03 16:59:17: [ERROR] Erreur données SOLUSDT: name 'client' is not defined
2026-05-03 16:59:17: [ERROR] Erreur données SOLUSDT: name 'client' is not defined
2026-05-03 16:59:17: [ERROR] Erreur données SOLUSDT: name 'client' is not defined
2026-05-03 16:59:17: [ERROR] Erreur données SOLUSDT: name 'client' is not defined
2026-05-03 16:59:17: [ERROR] Erreur données SOLUSDT: name 'client' is not defined
2026-05-03 16:59:17: [ERROR] Erreur données SOLUSDT: name 'client' is not defined
2026-05-03 16:59:17: [ERROR] Erreur données SOLUSDT: name 'client' is not defined
2026-05-03 16:59:17: [ERROR] Erreur données SOLUSDT: name 'client' is not defined
2026-05-03 16:59:17: [ERROR] Erreur données SOLUSDT: name 'client' is not defined
2026-05-03 16:59:17: [ERROR] Erreur données SOLUSDT: name 'client' is not defined
2026-05-03 16:59:17: [ERROR] Erreur données SOLUSDT: name 'client' is not defined
2026-05-03 16:59:17: [ERROR] Erreur données SOLUSDT: name 'client' is not defined
2026-05-03 16:59:17: [ERROR] Erreur données SOLUSDT: name 'client' is not defined
2026-05-03 16:59:17: [ERROR] Erreur données SOLUSDT: name 'client' is not defined
2026-05-03 16:59:17: [ERROR] Erreur données SOLUSDT: name 'client' is not defined
2026-05-03 16:59:17: [ERROR] Erreur données SOLUSDT: name 'client' is not defined
2026-05-03 16:59:17: [ERROR] Erreur données SOLUSDT: name 'client' is not defined
2026-05-03 16:59:17: [ERROR] Erreur données SOLUSDT: name 'client' is not defined
2026-05-03 16:59:17: [ERROR] Erreur données SOLUSDT: name 'client' is not defined
2026-05-03 16:59:17: [ERROR] Erreur données SOLUSDT: name 'client' is not defined
2026-05-03 16:59:17: [ERROR] Erreur données SOLUSDT: name 'client' is not defined
2026-05-03 16:59:17: [ERROR] Erreur données SOLUSDT: name 'client' is not defined
2026-05-03 16:59:17: [ERROR] Erreur données SOLUSDT: name 'client' is not defined
2026-05-03 16:59:17: [ERROR] Erreur données SOLUSDT: name 'client' is not defined
2026-05-03 16:59:17: [ERROR] Erreur données SOLUSDT: name 'client' is not defined
2026-05-03 16:59:17: [ERROR] Erreur données SOLUSDT: name 'client' is not defined
2026-05-03 16:59:17: [ERROR] Erreur données SOLUSDT: name 'client' is not defined
2026-05-03 16:59:17: [ERROR] Erreur données SOLUSDT: name 'client' is not defined
2026-05-03 16:59:17: [ERROR] Erreur données SOLUSDT: name 'client' is not defined
2026-05-03 16:59:17: [ERROR] Erreur données SOLUSDT: name 'client' is not defined
2026-05-03 16:59:17: [ERROR] Erreur données SOLUSDT: name 'client' is not defined
2026-05-03 16:59:17: [ERROR] Erreur données SOLUSDT: name 'client' is not defined
2026-05-03 16:59:17: [ERROR] Erreur données SOLUSDT: name 'client' is not defined
2026-05-03 16:59:17: [ERROR] Erreur données SOLUSDT: name 'client' is not defined
2026-05-03 16:59:17: [ERROR] Erreur données SOLUSDT: name 'client' is not defined
2026-05-03 16:59:17: [ERROR] Erreur données SOLUSDT: name 'client' is not defined
2026-05-03 16:59:17: [ERROR] Erreur données SOLUSDT: name 'client' is not defined
2026-05-03 16:59:17: [ERROR] Erreur données SOLUSDT: name 'client' is not defined
2026-05-03 16:59:17: [ERROR] Erreur données SOLUSDT: name 'client' is not defined
2026-05-03 16:59:17: [ERROR] Erreur données SOLUSDT: name 'client' is not defined
2026-05-03 16:59:17: [ERROR] Erreur données SOLUSDT: name 'client' is not defined
2026-05-03 16:59:17: [ERROR] Erreur données SOLUSDT: name 'client' is not defined
2026-05-03 16:59:17: [ERROR] Erreur données SOLUSDT: name 'client' is not defined
2026-05-03 16:59:17: [ERROR] Erreur données SOLUSDT: name 'client' is not defined
2026-05-03 16:59:17: [ERROR] Erreur données SOLUSDT: name 'client' is not defined
2026-05-03 16:59:17: [ERROR] Erreur données SOLUSDT: name 'client' is not defined
2026-05-03 16:59:17: [ERROR] Erreur données SOLUSDT: name 'client' is not defined
2026-05-03 16:59:17: [ERROR] Erreur données SOLUSDT: name 'client' is not defined
2026-05-03 16:59:17: [ERROR] Erreur données SOLUSDT: name 'client' is not defined
2026-05-03 16:59:17: [ERROR] Erreur données SOLUSDT: name 'client' is not defined
2026-05-03 16:59:17: [ERROR] Erreur données SOLUSDT: name 'client' is not defined
2026-05-03 16:59:17: [ERROR] Erreur données SOLUSDT: name 'client' is not defined
2026-05-03 16:59:17: [ERROR] Erreur données SOLUSDT: name 'client' is not defined
2026-05-03 16:59:17: [ERROR] Erreur données SOLUSDT: name 'client' is not defined
2026-05-03 16:59:17: [ERROR] Erreur données SOLUSDT: name 'client' is not defined
2026-05-03 16:59:17: [ERROR] Erreur données SOLUSDT: name 'client' is not defined
2026-05-03 16:59:17: [ERROR] Erreur données SOLUSDT: name 'client' is not defined
2026-05-03 16:59:17: [ERROR] Erreur données SOLUSDT: name 'client' is not defined
2026-05-03 16:59:17: [ERROR] Erreur données SOLUSDT: name 'client' is not defined
2026-05-03 16:59:17: [ERROR] Erreur données SOLUSDT: name 'client' is not defined
2026-05-03 16:59:17: [ERROR] Erreur données SOLUSDT: name 'client' is not defined
2026-05-03 16:59:17: [ERROR] Erreur données SOLUSDT: name 'client' is not defined
2026-05-03 16:59:17: [ERROR] Erreur données SOLUSDT: name 'client' is not defined
2026-05-03 16:59:17: [ERROR] Erreur données SOLUSDT: name 'client' is not defined
2026-05-03 16:59:17: [ERROR] Erreur données SOLUSDT: name 'client' is not defined
2026-05-03 16:59:17: [ERROR] Erreur données SOLUSDT: name 'client' is not defined
2026-05-03 16:59:17: [ERROR] Erreur données SOLUSDT: name 'client' is not defined
2026-05-03 16:59:17: [ERROR] Erreur données BTCUSDT: name 'client' is not defined
2026-05-03 16:59:17: [ERROR] Erreur données SOLUSDT: name 'client' is not defined
2026-05-03 16:59:17: [ERROR] Erreur données BTCUSDT: name 'client' is not defined
2026-05-03 16:59:17: [ERROR] Erreur données SOLUSDT: name 'client' is not defined
2026-05-03 16:59:17: [ERROR] Erreur données SOLUSDT: name 'client' is not defined
2026-05-03 16:59:17: [ERROR] Erreur données SOLUSDT: name 'client' is not defined
2026-05-03 16:59:17: [ERROR] Erreur données BTCUSDT: name 'client' is not defined
2026-05-03 16:59:17: [ERROR] Erreur données SOLUSDT: name 'client' is not defined
2026-05-03 16:59:17: [ERROR] Erreur données SOLUSDT: name 'client' is not defined
2026-05-03 16:59:17: [ERROR] Erreur données BTCUSDT: name 'client' is not defined
2026-05-03 16:59:18: [ERROR] Erreur données BTCUSDT: name 'client' is not defined
2026-05-03 16:59:18: [ERROR] Erreur données BTCUSDT: name 'client' is not defined
2026-05-03 16:59:18: [ERROR] Erreur données BTCUSDT: name 'client' is not defined
2026-05-03 16:59:18: [ERROR] Erreur données BTCUSDT: name 'client' is not defined
2026-05-03 16:59:18: [ERROR] Erreur données BTCUSDT: name 'client' is not defined
2026-05-03 16:59:18: [ERROR] Erreur données SOLUSDT: name 'client' is not defined
2026-05-03 16:59:18: [ERROR] Erreur données ETHUSDT: name 'client' is not defined
2026-05-03 16:59:18: [ERROR] Erreur données BTCUSDT: name 'client' is not defined
2026-05-03 16:59:18: [ERROR] Erreur données BTCUSDT: name 'client' is not defined
2026-05-03 16:59:18: [ERROR] Erreur données SOLUSDT: name 'client' is not defined
2026-05-03 16:59:18: [ERROR] Erreur données BTCUSDT: name 'client' is not defined
2026-05-03 16:59:18: [ERROR] Erreur données BTCUSDT: name 'client' is not defined
2026-05-03 16:59:18: [ERROR] Erreur données SOLUSDT: name 'client' is not defined
2026-05-03 16:59:18: [ERROR] Erreur données ETHUSDT: name 'client' is not defined
2026-05-03 16:59:18: [ERROR] Erreur données BTCUSDT: name 'client' is not defined
2026-05-03 16:59:18: [ERROR] Erreur données ETHUSDT: name 'client' is not defined
2026-05-03 16:59:18: [ERROR] Erreur données BTCUSDT: name 'client' is not defined
2026-05-03 16:59:18: [ERROR] Erreur données BTCUSDT: name 'client' is not defined
2026-05-03 16:59:18: [ERROR] Erreur données ETHUSDT: name 'client' is not defined
2026-05-03 16:59:18: [ERROR] Erreur données ETHUSDT: name 'client' is not defined
2026-05-03 16:59:18: [ERROR] Erreur données ETHUSDT: name 'client' is not defined
2026-05-03 16:59:18: [ERROR] Erreur données BTCUSDT: name 'client' is not defined
2026-05-03 16:59:18: [ERROR] Erreur données BTCUSDT: name 'client' is not defined
2026-05-03 16:59:18: [ERROR] Erreur données BTCUSDT: name 'client' is not defined
2026-05-03 16:59:18: [ERROR] Erreur données SOLUSDT: name 'client' is not defined
2026-05-03 16:59:18: [ERROR] Erreur données BTCUSDT: name 'client' is not defined
2026-05-03 16:59:18: [ERROR] Erreur données ETHUSDT: name 'client' is not defined
2026-05-03 16:59:18: [ERROR] Erreur données BTCUSDT: name 'client' is not defined
2026-05-03 16:59:18: [ERROR] Erreur données ETHUSDT: name 'client' is not defined
2026-05-03 16:59:18: [ERROR] Erreur données BTCUSDT: name 'client' is not defined
2026-05-03 16:59:18: [ERROR] Erreur données ETHUSDT: name 'client' is not defined
2026-05-03 16:59:18: [ERROR] Erreur données BTCUSDT: name 'client' is not defined
2026-05-03 16:59:18: [ERROR] Erreur données ETHUSDT: name 'client' is not defined
2026-05-03 16:59:18: [ERROR] Erreur données BTCUSDT: name 'client' is not defined
2026-05-03 16:59:18: [ERROR] Erreur données SOLUSDT: name 'client' is not defined
2026-05-03 16:59:18: [ERROR] Erreur données ETHUSDT: name 'client' is not defined
2026-05-03 16:59:18: [ERROR] Erreur données BTCUSDT: name 'client' is not defined
2026-05-03 16:59:18: [ERROR] Erreur données SOLUSDT: name 'client' is not defined
2026-05-03 16:59:18: [ERROR] Erreur données BTCUSDT: name 'client' is not defined
2026-05-03 16:59:18: [ERROR] Erreur données ETHUSDT: name 'client' is not defined
2026-05-03 16:59:18: [ERROR] Erreur données BTCUSDT: name 'client' is not defined
2026-05-03 16:59:18: [ERROR] Erreur données SOLUSDT: name 'client' is not defined
2026-05-03 16:59:18: [ERROR] Erreur données ETHUSDT: name 'client' is not defined
2026-05-03 16:59:18: [ERROR] Erreur données ETHUSDT: name 'client' is not defined
2026-05-03 16:59:18: [ERROR] Erreur données SOLUSDT: name 'client' is not defined
2026-05-03 16:59:18: [ERROR] Erreur données BTCUSDT: name 'client' is not defined
2026-05-03 16:59:18: [ERROR] Erreur données ETHUSDT: name 'client' is not defined
2026-05-03 16:59:18: [ERROR] Erreur données BTCUSDT: name 'client' is not defined
2026-05-03 16:59:18: [ERROR] Erreur données ETHUSDT: name 'client' is not defined
2026-05-03 16:59:18: [ERROR] Erreur données BTCUSDT: name 'client' is not defined
2026-05-03 16:59:18: [ERROR] Erreur données ETHUSDT: name 'client' is not defined
2026-05-03 16:59:18: [ERROR] Erreur données BTCUSDT: name 'client' is not defined
2026-05-03 16:59:18: [ERROR] Erreur données ETHUSDT: name 'client' is not defined
2026-05-03 16:59:18: [ERROR] Erreur données BTCUSDT: name 'client' is not defined
2026-05-03 16:59:18: [ERROR] Erreur données ETHUSDT: name 'client' is not defined
2026-05-03 16:59:18: [ERROR] Erreur données BTCUSDT: name 'client' is not defined
2026-05-03 16:59:18: [ERROR] Erreur données ETHUSDT: name 'client' is not defined
2026-05-03 16:59:18: [ERROR] Erreur données BTCUSDT: name 'client' is not defined
2026-05-03 16:59:18: [ERROR] Erreur données ETHUSDT: name 'client' is not defined
2026-05-03 16:59:18: [ERROR] Erreur données BTCUSDT: name 'client' is not defined
2026-05-03 16:59:18: [ERROR] Erreur données ETHUSDT: name 'client' is not defined
2026-05-03 16:59:18: [ERROR] Erreur données BTCUSDT: name 'client' is not defined
2026-05-03 16:59:18: [ERROR] Erreur données ETHUSDT: name 'client' is not defined
2026-05-03 16:59:18: [ERROR] Erreur données BTCUSDT: name 'client' is not defined
2026-05-03 16:59:18: [ERROR] Erreur données ETHUSDT: name 'client' is not defined
2026-05-03 16:59:18: [ERROR] Erreur données BTCUSDT: name 'client' is not defined
2026-05-03 16:59:18: [ERROR] Erreur données ETHUSDT: name 'client' is not defined
2026-05-03 16:59:18: [ERROR] Erreur données BTCUSDT: name 'client' is not defined
2026-05-03 16:59:18: [ERROR] Erreur données ETHUSDT: name 'client' is not defined
2026-05-03 16:59:18: [ERROR] Erreur données BTCUSDT: name 'client' is not defined
2026-05-03 16:59:18: [ERROR] Erreur données ETHUSDT: name 'client' is not defined
2026-05-03 16:59:18: [ERROR] Erreur données BTCUSDT: name 'client' is not defined
2026-05-03 16:59:18: [ERROR] Erreur données ETHUSDT: name 'client' is not defined
2026-05-03 16:59:18: [ERROR] Erreur données BTCUSDT: name 'client' is not defined
2026-05-03 16:59:18: [ERROR] Erreur données ETHUSDT: name 'client' is not defined
2026-05-03 16:59:18: [ERROR] Erreur données BTCUSDT: name 'client' is not defined
2026-05-03 16:59:18: [ERROR] Erreur données ETHUSDT: name 'client' is not defined
2026-05-03 16:59:18: [ERROR] Erreur données BTCUSDT: name 'client' is not defined
2026-05-03 16:59:18: [ERROR] Erreur données ETHUSDT: name 'client' is not defined
2026-05-03 16:59:18: [ERROR] Erreur données BTCUSDT: name 'client' is not defined
2026-05-03 16:59:18: [ERROR] Erreur données ETHUSDT: name 'client' is not defined
2026-05-03 16:59:18: [ERROR] Erreur données ETHUSDT: name 'client' is not defined
2026-05-03 16:59:18: [ERROR] Erreur données ETHUSDT: name 'client' is not defined
2026-05-03 16:59:18: [ERROR] Erreur données ETHUSDT: name 'client' is not defined
2026-05-03 16:59:18: [ERROR] Erreur données ETHUSDT: name 'client' is not defined
2026-05-03 16:59:18: [ERROR] Erreur données ETHUSDT: name 'client' is not defined
2026-05-03 16:59:18: [ERROR] Erreur données SOLUSDT: name 'client' is not defined
2026-05-03 16:59:18: [ERROR] Erreur données SOLUSDT: name 'client' is not defined
2026-05-03 16:59:18: [ERROR] Erreur données ETHUSDT: name 'client' is not defined
2026-05-03 16:59:18: [ERROR] Erreur données BTCUSDT: name 'client' is not defined
2026-05-03 16:59:18: [ERROR] Erreur données ETHUSDT: name 'client' is not defined
2026-05-03 16:59:18: [ERROR] Erreur données BTCUSDT: name 'client' is not defined
2026-05-03 16:59:18: [ERROR] Erreur données ETHUSDT: name 'client' is not defined
2026-05-03 16:59:18: [ERROR] Erreur données BTCUSDT: name 'client' is not defined
2026-05-03 16:59:18: [ERROR] Erreur données ETHUSDT: name 'client' is not defined
2026-05-03 16:59:18: [ERROR] Erreur données BTCUSDT: name 'client' is not defined
2026-05-03 16:59:18: [ERROR] Erreur données ETHUSDT: name 'client' is not defined
2026-05-03 16:59:18: [ERROR] Erreur données BTCUSDT: name 'client' is not defined
2026-05-03 16:59:18: [ERROR] Erreur données SOLUSDT: name 'client' is not defined
2026-05-03 16:59:18: [ERROR] Erreur données BTCUSDT: name 'client' is not defined
2026-05-03 16:59:18: [ERROR] Erreur données ETHUSDT: name 'client' is not defined
2026-05-03 16:59:18: [ERROR] Erreur données BTCUSDT: name 'client' is not defined
2026-05-03 16:59:18: [ERROR] Erreur données ETHUSDT: name 'client' is not defined
2026-05-03 16:59:18: [ERROR] Erreur données ETHUSDT: name 'client' is not defined
2026-05-03 16:59:18: [ERROR] Erreur données ETHUSDT: name 'client' is not defined
2026-05-03 16:59:18: [ERROR] Erreur données ETHUSDT: name 'client' is not defined
2026-05-03 16:59:18: [ERROR] Erreur données SOLUSDT: name 'client' is not defined
2026-05-03 16:59:18: [ERROR] Erreur données BTCUSDT: name 'client' is not defined
2026-05-03 16:59:18: [ERROR] Erreur données ETHUSDT: name 'client' is not defined
2026-05-03 16:59:18: [ERROR] Erreur données SOLUSDT: name 'client' is not defined
2026-05-03 16:59:18: [ERROR] Erreur données BTCUSDT: name 'client' is not defined
2026-05-03 16:59:18: [ERROR] Erreur données ETHUSDT: name 'client' is not defined
2026-05-03 16:59:18: [ERROR] Erreur données SOLUSDT: name 'client' is not defined
2026-05-03 16:59:18: [ERROR] Erreur données BTCUSDT: name 'client' is not defined
2026-05-03 16:59:18: [ERROR] Erreur données ETHUSDT: name 'client' is not defined
2026-05-03 16:59:18: [ERROR] Erreur données BTCUSDT: name 'client' is not defined
2026-05-03 16:59:18: [ERROR] Erreur données ETHUSDT: name 'client' is not defined
2026-05-03 16:59:18: [ERROR] Erreur données BTCUSDT: name 'client' is not defined
2026-05-03 16:59:18: [ERROR] Erreur données ETHUSDT: name 'client' is not defined
2026-05-03 16:59:18: [ERROR] Erreur données SOLUSDT: name 'client' is not defined
2026-05-03 16:59:18: [ERROR] Erreur données ETHUSDT: name 'client' is not defined
2026-05-03 16:59:18: [ERROR] Erreur données BTCUSDT: name 'client' is not defined
2026-05-03 16:59:18: [ERROR] Erreur données BTCUSDT: name 'client' is not defined
2026-05-03 16:59:18: [ERROR] Erreur données ETHUSDT: name 'client' is not defined
2026-05-03 16:59:18: [ERROR] Erreur données SOLUSDT: name 'client' is not defined
2026-05-03 16:59:18: [ERROR] Erreur données BTCUSDT: name 'client' is not defined
2026-05-03 16:59:18: [ERROR] Erreur données ETHUSDT: name 'client' is not defined
2026-05-03 16:59:18: [ERROR] Erreur données BTCUSDT: name 'client' is not defined
2026-05-03 16:59:18: [ERROR] Erreur données ETHUSDT: name 'client' is not defined
2026-05-03 16:59:18: [ERROR] Erreur données BTCUSDT: name 'client' is not defined
2026-05-03 16:59:18: [ERROR] Erreur données ETHUSDT: name 'client' is not defined
2026-05-03 16:59:18: [ERROR] Erreur données BTCUSDT: name 'client' is not defined
2026-05-03 16:59:18: [ERROR] Erreur données ETHUSDT: name 'client' is not defined
2026-05-03 16:59:18: [ERROR] Erreur données BTCUSDT: name 'client' is not defined
2026-05-03 16:59:18: [ERROR] Erreur données ETHUSDT: name 'client' is not defined
2026-05-03 16:59:18: [ERROR] Erreur données BTCUSDT: name 'client' is not defined
2026-05-03 16:59:18: [ERROR] Erreur données ETHUSDT: name 'client' is not defined
2026-05-03 16:59:18: [ERROR] Erreur données BTCUSDT: name 'client' is not defined
2026-05-03 16:59:18: [ERROR] Erreur données ETHUSDT: name 'client' is not defined
2026-05-03 16:59:18: [ERROR] Erreur données BTCUSDT: name 'client' is not defined
2026-05-03 16:59:18: [ERROR] Erreur données ETHUSDT: name 'client' is not defined
2026-05-03 16:59:18: [ERROR] Erreur données BTCUSDT: name 'client' is not defined
2026-05-03 16:59:18: [ERROR] Erreur données ETHUSDT: name 'client' is not defined
2026-05-03 16:59:18: [ERROR] Erreur données BTCUSDT: name 'client' is not defined
2026-05-03 16:59:18: [ERROR] Erreur données ETHUSDT: name 'client' is not defined
2026-05-03 16:59:18: [ERROR] Erreur données BTCUSDT: name 'client' is not defined
2026-05-03 16:59:18: [ERROR] Erreur données ETHUSDT: name 'client' is not defined
2026-05-03 16:59:18: [ERROR] Erreur données BTCUSDT: name 'client' is not defined
2026-05-03 16:59:18: [ERROR] Erreur données ETHUSDT: name 'client' is not defined
2026-05-03 16:59:18: [ERROR] Erreur données BTCUSDT: name 'client' is not defined
2026-05-03 16:59:18: [ERROR] Erreur données ETHUSDT: name 'client' is not defined
2026-05-03 16:59:18: [ERROR] Erreur données BTCUSDT: name 'client' is not defined
2026-05-03 16:59:18: [ERROR] Erreur données ETHUSDT: name 'client' is not defined
2026-05-03 16:59:18: [ERROR] Erreur données BTCUSDT: name 'client' is not defined
2026-05-03 16:59:18: [ERROR] Erreur données ETHUSDT: name 'client' is not defined
2026-05-03 16:59:18: [ERROR] Erreur données BTCUSDT: name 'client' is not defined
2026-05-03 16:59:18: [ERROR] Erreur données ETHUSDT: name 'client' is not defined
2026-05-03 16:59:18: [ERROR] Erreur données BTCUSDT: name 'client' is not defined
2026-05-03 16:59:18: [ERROR] Erreur données ETHUSDT: name 'client' is not defined
2026-05-03 16:59:18: [ERROR] Erreur données BTCUSDT: name 'client' is not defined
2026-05-03 16:59:18: [ERROR] Erreur données ETHUSDT: name 'client' is not defined
2026-05-03 16:59:18: [ERROR] Erreur données BTCUSDT: name 'client' is not defined
2026-05-03 16:59:18: [ERROR] Erreur données ETHUSDT: name 'client' is not defined
2026-05-03 16:59:18: [ERROR] Erreur données BTCUSDT: name 'client' is not defined
2026-05-03 16:59:18: [ERROR] Erreur données ETHUSDT: name 'client' is not defined
2026-05-03 16:59:18: [ERROR] Erreur données BTCUSDT: name 'client' is not defined
2026-05-03 16:59:18: [ERROR] Erreur données ETHUSDT: name 'client' is not defined
2026-05-03 16:59:18: [ERROR] Erreur données BTCUSDT: name 'client' is not defined
2026-05-03 16:59:18: [ERROR] Erreur données ETHUSDT: name 'client' is not defined
2026-05-03 16:59:18: [ERROR] Erreur données BTCUSDT: name 'client' is not defined
2026-05-03 16:59:18: [ERROR] Erreur données BTCUSDT: name 'client' is not defined
2026-05-03 16:59:18: [ERROR] Erreur données ETHUSDT: name 'client' is not defined
2026-05-03 16:59:18: [ERROR] Erreur données BTCUSDT: name 'client' is not defined
2026-05-03 16:59:18: [ERROR] Erreur données ETHUSDT: name 'client' is not defined
2026-05-03 16:59:18: [ERROR] Erreur données BTCUSDT: name 'client' is not defined
2026-05-03 16:59:18: [ERROR] Erreur données ETHUSDT: name 'client' is not defined
2026-05-03 16:59:18: [ERROR] Erreur données BTCUSDT: name 'client' is not defined
2026-05-03 16:59:18: [ERROR] Erreur données ETHUSDT: name 'client' is not defined
2026-05-03 16:59:18: [ERROR] Erreur données BTCUSDT: name 'client' is not defined
2026-05-03 16:59:18: [ERROR] Erreur données BTCUSDT: name 'client' is not defined
2026-05-03 16:59:18: [ERROR] Erreur données BTCUSDT: name 'client' is not defined
2026-05-03 16:59:18: [ERROR] Erreur données BTCUSDT: name 'client' is not defined
2026-05-03 16:59:18: [ERROR] Erreur données BTCUSDT: name 'client' is not defined
2026-05-03 16:59:18: [ERROR] Erreur données BTCUSDT: name 'client' is not defined
2026-05-03 16:59:18: [ERROR] Erreur données BTCUSDT: name 'client' is not defined
2026-05-03 16:59:18: [ERROR] Erreur données BTCUSDT: name 'client' is not defined
2026-05-03 16:59:18: [ERROR] Erreur données BTCUSDT: name 'client' is not defined
2026-05-03 16:59:18: [ERROR] Erreur données BTCUSDT: name 'client' is not defined
2026-05-03 16:59:18: [ERROR] Erreur données BTCUSDT: name 'client' is not defined
2026-05-03 16:59:18: [ERROR] Erreur données BTCUSDT: name 'client' is not defined
2026-05-03 16:59:18: [ERROR] Erreur données ETHUSDT: name 'client' is not defined
2026-05-03 16:59:18: [ERROR] Erreur données ETHUSDT: name 'client' is not defined
2026-05-03 16:59:18: [ERROR] Erreur données BTCUSDT: name 'client' is not defined
2026-05-03 16:59:18: [ERROR] Erreur données ETHUSDT: name 'client' is not defined
2026-05-03 16:59:18: [ERROR] Erreur données BTCUSDT: name 'client' is not defined
2026-05-03 16:59:18: [ERROR] Erreur données BTCUSDT: name 'client' is not defined
2026-05-03 16:59:18: [ERROR] Erreur données ETHUSDT: name 'client' is not defined
2026-05-03 16:59:18: [ERROR] Erreur données BTCUSDT: name 'client' is not defined
2026-05-03 16:59:18: [ERROR] Erreur données BTCUSDT: name 'client' is not defined
2026-05-03 16:59:18: [ERROR] Erreur données BTCUSDT: name 'client' is not defined
2026-05-03 16:59:18: [ERROR] Erreur données BTCUSDT: name 'client' is not defined
2026-05-03 16:59:18: [ERROR] Erreur données BTCUSDT: name 'client' is not defined
2026-05-03 16:59:18: [ERROR] Erreur données BTCUSDT: name 'client' is not defined
2026-05-03 16:59:18: [ERROR] Erreur données BTCUSDT: name 'client' is not defined
2026-05-03 16:59:18: [ERROR] Erreur données ETHUSDT: name 'client' is not defined
2026-05-03 16:59:18: [ERROR] Erreur données ETHUSDT: name 'client' is not defined
2026-05-03 16:59:18: [ERROR] Erreur données BTCUSDT: name 'client' is not defined
2026-05-03 16:59:19: [ERROR] Erreur données ETHUSDT: name 'client' is not defined
2026-05-03 16:59:19: [ERROR] Erreur données ETHUSDT: name 'client' is not defined
2026-05-03 16:59:19: [ERROR] Erreur données ETHUSDT: name 'client' is not defined
2026-05-03 16:59:19: [ERROR] Erreur données ETHUSDT: name 'client' is not defined
2026-05-03 16:59:19: [ERROR] Erreur données ETHUSDT: name 'client' is not defined
2026-05-03 16:59:19: [ERROR] Erreur données ETHUSDT: name 'client' is not defined
2026-05-03 16:59:19: [ERROR] Erreur données ETHUSDT: name 'client' is not defined
2026-05-03 16:59:19: [ERROR] Erreur données ETHUSDT: name 'client' is not defined
2026-05-03 16:59:19: [ERROR] Erreur données ETHUSDT: name 'client' is not defined
2026-05-03 16:59:19: [ERROR] Erreur données ETHUSDT: name 'client' is not defined
2026-05-03 16:59:19: [ERROR] Erreur données ETHUSDT: name 'client' is not defined
2026-05-03 16:59:19: [ERROR] Erreur données ETHUSDT: name 'client' is not defined
2026-05-03 16:59:19: [ERROR] Erreur données ETHUSDT: name 'client' is not defined
2026-05-03 16:59:19: [ERROR] Erreur données ETHUSDT: name 'client' is not defined
2026-05-03 16:59:19: [ERROR] Erreur données ETHUSDT: name 'client' is not defined
2026-05-03 16:59:19: [ERROR] Erreur données ETHUSDT: name 'client' is not defined
2026-05-03 16:59:19: [ERROR] Erreur données ETHUSDT: name 'client' is not defined
2026-05-03 16:59:19: [ERROR] Erreur données ETHUSDT: name 'client' is not defined
2026-05-03 16:59:19: [ERROR] Erreur données ETHUSDT: name 'client' is not defined
2026-05-03 16:59:19: [ERROR] Erreur données ETHUSDT: name 'client' is not defined
2026-05-03 16:59:19: [ERROR] Erreur données ETHUSDT: name 'client' is not defined
2026-05-03 16:59:19: [ERROR] Erreur données ETHUSDT: name 'client' is not defined
2026-05-03 16:59:19: [ERROR] Erreur données ETHUSDT: name 'client' is not defined
2026-05-03 16:59:19: [ERROR] Erreur données ETHUSDT: name 'client' is not defined
2026-05-03 16:59:19: [ERROR] Erreur données ETHUSDT: name 'client' is not defined
2026-05-03 16:59:19: [ERROR] Erreur données ETHUSDT: name 'client' is not defined
2026-05-03 16:59:19: [ERROR] Erreur données ETHUSDT: name 'client' is not defined
2026-05-03 16:59:19: [ERROR] Erreur données ETHUSDT: name 'client' is not defined
2026-05-03 16:59:19: [ERROR] Erreur données ETHUSDT: name 'client' is not defined
2026-05-03 16:59:19: [ERROR] Erreur données ETHUSDT: name 'client' is not defined
2026-05-03 16:59:19: [ERROR] Erreur données ETHUSDT: name 'client' is not defined
2026-05-03 16:59:19: [ERROR] Erreur données ETHUSDT: name 'client' is not defined
2026-05-03 16:59:19: [ERROR] Erreur données ETHUSDT: name 'client' is not defined
2026-05-03 16:59:19: [ERROR] Erreur données ETHUSDT: name 'client' is not defined
2026-05-03 16:59:19: [ERROR] Erreur données ETHUSDT: name 'client' is not defined
2026-05-03 16:59:19: [ERROR] Erreur données ETHUSDT: name 'client' is not defined
2026-05-03 16:59:19: [ERROR] Erreur données ETHUSDT: name 'client' is not defined
2026-05-03 16:59:19: [ERROR] Erreur données ETHUSDT: name 'client' is not defined
2026-05-03 16:59:19: [ERROR] Erreur données BTCUSDT: name 'client' is not defined
2026-05-03 16:59:19: [ERROR] Erreur données BTCUSDT: name 'client' is not defined
2026-05-03 16:59:19: [ERROR] Erreur données BTCUSDT: name 'client' is not defined
2026-05-03 16:59:19: [ERROR] Erreur données BTCUSDT: name 'client' is not defined
2026-05-03 16:59:19: [ERROR] Erreur données ETHUSDT: name 'client' is not defined
2026-05-03 16:59:19: [ERROR] Erreur données BTCUSDT: name 'client' is not defined
2026-05-03 16:59:19: [ERROR] Erreur données ETHUSDT: name 'client' is not defined
2026-05-03 16:59:19: [ERROR] Erreur données ETHUSDT: name 'client' is not defined
2026-05-03 16:59:19: [ERROR] Erreur données ETHUSDT: name 'client' is not defined
2026-05-03 16:59:19: [ERROR] Erreur données ETHUSDT: name 'client' is not defined
2026-05-03 16:59:19: [ERROR] Erreur données ETHUSDT: name 'client' is not defined
2026-05-03 16:59:19: [ERROR] Erreur données BTCUSDT: name 'client' is not defined
2026-05-03 16:59:19: [ERROR] Erreur données ETHUSDT: name 'client' is not defined
2026-05-03 16:59:19: [ERROR] Erreur données BTCUSDT: name 'client' is not defined
2026-05-03 16:59:19: [ERROR] Erreur données BTCUSDT: name 'client' is not defined
2026-05-03 16:59:19: [ERROR] Erreur données BTCUSDT: name 'client' is not defined
2026-05-03 16:59:19: [ERROR] Erreur données BTCUSDT: name 'client' is not defined
2026-05-03 16:59:19: [ERROR] Erreur données BTCUSDT: name 'client' is not defined
2026-05-03 16:59:19: [ERROR] Erreur données ETHUSDT: name 'client' is not defined
2026-05-03 16:59:19: [ERROR] Erreur données ETHUSDT: name 'client' is not defined
2026-05-03 16:59:19: [ERROR] Erreur données ETHUSDT: name 'client' is not defined
2026-05-03 16:59:19: [ERROR] Erreur données BTCUSDT: name 'client' is not defined
2026-05-03 16:59:19: [ERROR] Erreur données BTCUSDT: name 'client' is not defined
2026-05-03 16:59:19: [ERROR] Erreur données ETHUSDT: name 'client' is not defined
2026-05-03 16:59:19: [ERROR] Erreur données BTCUSDT: name 'client' is not defined
2026-05-03 16:59:19: [ERROR] Erreur données BTCUSDT: name 'client' is not defined
2026-05-03 16:59:19: [ERROR] Erreur données BTCUSDT: name 'client' is not defined
2026-05-03 16:59:19: [ERROR] Erreur données BTCUSDT: name 'client' is not defined
2026-05-03 16:59:19: [ERROR] Erreur données BTCUSDT: name 'client' is not defined
2026-05-03 16:59:19: [ERROR] Erreur données BTCUSDT: name 'client' is not defined
2026-05-03 16:59:19: [ERROR] Erreur données BTCUSDT: name 'client' is not defined
2026-05-03 16:59:19: [ERROR] Erreur données BTCUSDT: name 'client' is not defined
2026-05-03 16:59:19: [ERROR] Erreur données BTCUSDT: name 'client' is not defined
2026-05-03 16:59:19: [ERROR] Erreur données BTCUSDT: name 'client' is not defined
2026-05-03 16:59:19: [ERROR] Erreur données BTCUSDT: name 'client' is not defined
2026-05-03 16:59:19: [ERROR] Erreur données BTCUSDT: name 'client' is not defined
2026-05-03 16:59:19: [ERROR] Erreur données BTCUSDT: name 'client' is not defined
2026-05-03 16:59:19: [ERROR] Erreur données BTCUSDT: name 'client' is not defined
2026-05-03 16:59:19: [ERROR] Erreur données BTCUSDT: name 'client' is not defined
2026-05-03 16:59:19: [ERROR] Erreur données BTCUSDT: name 'client' is not defined
2026-05-03 16:59:19: [ERROR] Erreur données BTCUSDT: name 'client' is not defined
2026-05-03 16:59:19: [ERROR] Erreur données BTCUSDT: name 'client' is not defined
2026-05-03 16:59:19: [ERROR] Erreur données BTCUSDT: name 'client' is not defined
2026-05-03 16:59:19: [ERROR] Erreur données BTCUSDT: name 'client' is not defined
2026-05-03 16:59:19: [ERROR] Erreur données ETHUSDT: name 'client' is not defined
2026-05-03 16:59:19: [ERROR] Erreur données ETHUSDT: name 'client' is not defined
2026-05-03 16:59:19: [ERROR] Erreur données ETHUSDT: name 'client' is not defined
2026-05-03 16:59:19: [ERROR] Erreur données ETHUSDT: name 'client' is not defined
2026-05-03 16:59:19: [ERROR] Erreur données ETHUSDT: name 'client' is not defined
2026-05-03 16:59:19: [ERROR] Erreur données ETHUSDT: name 'client' is not defined
2026-05-03 16:59:19: [ERROR] Erreur données ETHUSDT: name 'client' is not defined
2026-05-03 16:59:19: [ERROR] Erreur données ETHUSDT: name 'client' is not defined
2026-05-03 16:59:19: [ERROR] Erreur données ETHUSDT: name 'client' is not defined
2026-05-03 16:59:19: [ERROR] Erreur données ETHUSDT: name 'client' is not defined
2026-05-03 16:59:19: [ERROR] Erreur données ETHUSDT: name 'client' is not defined
2026-05-03 16:59:19: [ERROR] Erreur données ETHUSDT: name 'client' is not defined
2026-05-03 16:59:19: [ERROR] Erreur données ETHUSDT: name 'client' is not defined
2026-05-03 16:59:19: [ERROR] Erreur données ETHUSDT: name 'client' is not defined
2026-05-03 16:59:19: [ERROR] Erreur données ETHUSDT: name 'client' is not defined
2026-05-03 16:59:19: [ERROR] Erreur données ETHUSDT: name 'client' is not defined
2026-05-03 16:59:19: [ERROR] Erreur données ETHUSDT: name 'client' is not defined
2026-05-03 16:59:19: [ERROR] Erreur données ETHUSDT: name 'client' is not defined
2026-05-03 16:59:19: [ERROR] Erreur données ETHUSDT: name 'client' is not defined
2026-05-03 16:59:19: [ERROR] Erreur données ETHUSDT: name 'client' is not defined
2026-05-03 16:59:19: [ERROR] Erreur données ETHUSDT: name 'client' is not defined
2026-05-03 16:59:19: [ERROR] Erreur données ETHUSDT: name 'client' is not defined
2026-05-03 16:59:19: [ERROR] Erreur données ETHUSDT: name 'client' is not defined
2026-05-03 16:59:19: [ERROR] Erreur données ETHUSDT: name 'client' is not defined
2026-05-03 16:59:19: [ERROR] Erreur données ETHUSDT: name 'client' is not defined
2026-05-03 16:59:19: [ERROR] Erreur données ETHUSDT: name 'client' is not defined
2026-05-03 16:59:19: [ERROR] Erreur données ETHUSDT: name 'client' is not defined
2026-05-03 16:59:19: [ERROR] Erreur données ETHUSDT: name 'client' is not defined
2026-05-03 16:59:19: [ERROR] Erreur données ETHUSDT: name 'client' is not defined
2026-05-03 16:59:19: [ERROR] Erreur données ETHUSDT: name 'client' is not defined
2026-05-03 16:59:19: [ERROR] Erreur données ETHUSDT: name 'client' is not defined
2026-05-03 16:59:19: [ERROR] Erreur données ETHUSDT: name 'client' is not defined
2026-05-03 16:59:19: [ERROR] Erreur données ETHUSDT: name 'client' is not defined
2026-05-03 16:59:19: [ERROR] Erreur données ETHUSDT: name 'client' is not defined
2026-05-03 16:59:19: [ERROR] Erreur données ETHUSDT: name 'client' is not defined
2026-05-03 16:59:19: [ERROR] Erreur données ETHUSDT: name 'client' is not defined
2026-05-03 16:59:19: [ERROR] Erreur données ETHUSDT: name 'client' is not defined
2026-05-03 16:59:19: [ERROR] Erreur données ETHUSDT: name 'client' is not defined
2026-05-03 16:59:19: [ERROR] Erreur données ETHUSDT: name 'client' is not defined
2026-05-03 16:59:19: [ERROR] Erreur données ETHUSDT: name 'client' is not defined
2026-05-03 16:59:19: [ERROR] Erreur données ETHUSDT: name 'client' is not defined
2026-05-03 16:59:19: [ERROR] Erreur données BTCUSDT: name 'client' is not defined
2026-05-03 16:59:19: [ERROR] Erreur données ETHUSDT: name 'client' is not defined
2026-05-03 16:59:19: [ERROR] Erreur données BTCUSDT: name 'client' is not defined
2026-05-03 16:59:19: [ERROR] Erreur données ETHUSDT: name 'client' is not defined
2026-05-03 16:59:19: [ERROR] Erreur données BTCUSDT: name 'client' is not defined
2026-05-03 16:59:19: [ERROR] Erreur données ETHUSDT: name 'client' is not defined
2026-05-03 16:59:19: [ERROR] Erreur données ETHUSDT: name 'client' is not defined
2026-05-03 16:59:19: [ERROR] Erreur données ETHUSDT: name 'client' is not defined
2026-05-03 16:59:19: [ERROR] Erreur données ETHUSDT: name 'client' is not defined
2026-05-03 16:59:19: [ERROR] Erreur données ETHUSDT: name 'client' is not defined
2026-05-03 16:59:19: [ERROR] Erreur données ETHUSDT: name 'client' is not defined
2026-05-03 16:59:19: [ERROR] Erreur données ETHUSDT: name 'client' is not defined
2026-05-03 16:59:19: [ERROR] Erreur données ETHUSDT: name 'client' is not defined
2026-05-03 16:59:19: [ERROR] Erreur données ETHUSDT: name 'client' is not defined
2026-05-03 16:59:19: [ERROR] Erreur données ETHUSDT: name 'client' is not defined
2026-05-03 16:59:19: [ERROR] Erreur données ETHUSDT: name 'client' is not defined
2026-05-03 16:59:19: [ERROR] Erreur données ETHUSDT: name 'client' is not defined
2026-05-03 16:59:19: [ERROR] Erreur données ETHUSDT: name 'client' is not defined
2026-05-03 16:59:19: [ERROR] Erreur données ETHUSDT: name 'client' is not defined
2026-05-03 16:59:19: [ERROR] Erreur données ETHUSDT: name 'client' is not defined
2026-05-03 16:59:19: [ERROR] Erreur données ETHUSDT: name 'client' is not defined
2026-05-03 16:59:19: [ERROR] Erreur données ETHUSDT: name 'client' is not defined
2026-05-03 16:59:19: [ERROR] Erreur données ETHUSDT: name 'client' is not defined
2026-05-03 16:59:19: [ERROR] Erreur données ETHUSDT: name 'client' is not defined
2026-05-03 16:59:19: [ERROR] Erreur données ETHUSDT: name 'client' is not defined
2026-05-03 16:59:19: [ERROR] Erreur données ETHUSDT: name 'client' is not defined
2026-05-03 16:59:19: [ERROR] Erreur données ETHUSDT: name 'client' is not defined
2026-05-03 16:59:19: [ERROR] Erreur données BTCUSDT: name 'client' is not defined
2026-05-03 16:59:19: [ERROR] Erreur données ETHUSDT: name 'client' is not defined
2026-05-03 16:59:19: [ERROR] Erreur données BTCUSDT: name 'client' is not defined
2026-05-03 16:59:19: [ERROR] Erreur données BTCUSDT: name 'client' is not defined
2026-05-03 16:59:19: [ERROR] Erreur données ETHUSDT: name 'client' is not defined
2026-05-03 16:59:19: [ERROR] Erreur données ETHUSDT: name 'client' is not defined
2026-05-03 16:59:19: [ERROR] Erreur données ETHUSDT: name 'client' is not defined
2026-05-03 16:59:19: [ERROR] Erreur données BTCUSDT: name 'client' is not defined
2026-05-03 16:59:19: [ERROR] Erreur données ETHUSDT: name 'client' is not defined
2026-05-03 16:59:19: [ERROR] Erreur données ETHUSDT: name 'client' is not defined
2026-05-03 16:59:19: [ERROR] Erreur données ETHUSDT: name 'client' is not defined
2026-05-03 16:59:19: [ERROR] Erreur données ETHUSDT: name 'client' is not defined
2026-05-03 16:59:19: [ERROR] Erreur données ETHUSDT: name 'client' is not defined
2026-05-03 16:59:19: [ERROR] Erreur données ETHUSDT: name 'client' is not defined
2026-05-03 16:59:19: [ERROR] Erreur données ETHUSDT: name 'client' is not defined
2026-05-03 16:59:19: [ERROR] Erreur données BTCUSDT: name 'client' is not defined
2026-05-03 16:59:19: [ERROR] Erreur données ETHUSDT: name 'client' is not defined
2026-05-03 16:59:19: [ERROR] Erreur données ETHUSDT: name 'client' is not defined
2026-05-03 16:59:19: [ERROR] Erreur données ETHUSDT: name 'client' is not defined
2026-05-03 16:59:19: [ERROR] Erreur données ETHUSDT: name 'client' is not defined
2026-05-03 16:59:19: [ERROR] Erreur données ETHUSDT: name 'client' is not defined
2026-05-03 16:59:19: [ERROR] Erreur données ETHUSDT: name 'client' is not defined
2026-05-03 16:59:19: [ERROR] Erreur données ETHUSDT: name 'client' is not defined
2026-05-03 16:59:19: [ERROR] Erreur données ETHUSDT: name 'client' is not defined
2026-05-03 16:59:19: [ERROR] Erreur données SOLUSDT: name 'client' is not defined
2026-05-03 16:59:19: [ERROR] Erreur données ETHUSDT: name 'client' is not defined
2026-05-03 16:59:19: [ERROR] Erreur données ETHUSDT: name 'client' is not defined
2026-05-03 16:59:19: [ERROR] Erreur données ETHUSDT: name 'client' is not defined
2026-05-03 16:59:19: [ERROR] Erreur données ETHUSDT: name 'client' is not defined
2026-05-03 16:59:19: [ERROR] Erreur données ETHUSDT: name 'client' is not defined
2026-05-03 16:59:19: [ERROR] Erreur données BTCUSDT: name 'client' is not defined
2026-05-03 16:59:19: [ERROR] Erreur données ETHUSDT: name 'client' is not defined
2026-05-03 16:59:19: [ERROR] Erreur données ETHUSDT: name 'client' is not defined
2026-05-03 16:59:19: [ERROR] Erreur données ETHUSDT: name 'client' is not defined
2026-05-03 16:59:19: [ERROR] Erreur données SOLUSDT: name 'client' is not defined
2026-05-03 16:59:19: [ERROR] Erreur données ETHUSDT: name 'client' is not defined
2026-05-03 16:59:19: [ERROR] Erreur données SOLUSDT: name 'client' is not defined
2026-05-03 16:59:19: [ERROR] Erreur données ETHUSDT: name 'client' is not defined
2026-05-03 16:59:19: [ERROR] Erreur données ETHUSDT: name 'client' is not defined
2026-05-03 16:59:19: [ERROR] Erreur données ETHUSDT: name 'client' is not defined
2026-05-03 16:59:19: [ERROR] Erreur données ETHUSDT: name 'client' is not defined
2026-05-03 16:59:19: [ERROR] Erreur données ETHUSDT: name 'client' is not defined
2026-05-03 16:59:19: [ERROR] Erreur données ETHUSDT: name 'client' is not defined
2026-05-03 16:59:19: [ERROR] Erreur données ETHUSDT: name 'client' is not defined
2026-05-03 16:59:19: [ERROR] Erreur données ETHUSDT: name 'client' is not defined
2026-05-03 16:59:19: [ERROR] Erreur données ETHUSDT: name 'client' is not defined
2026-05-03 16:59:19: [ERROR] Erreur données ETHUSDT: name 'client' is not defined
2026-05-03 16:59:19: [ERROR] Erreur données ETHUSDT: name 'client' is not defined
2026-05-03 16:59:19: [ERROR] Erreur données ETHUSDT: name 'client' is not defined
2026-05-03 16:59:19: [ERROR] Erreur données ETHUSDT: name 'client' is not defined
2026-05-03 16:59:19: [ERROR] Erreur données ETHUSDT: name 'client' is not defined
2026-05-03 16:59:19: [ERROR] Erreur données ETHUSDT: name 'client' is not defined
2026-05-03 16:59:19: [ERROR] Erreur données ETHUSDT: name 'client' is not defined
2026-05-03 16:59:19: [ERROR] Erreur données ETHUSDT: name 'client' is not defined
2026-05-03 16:59:19: [ERROR] Erreur données ETHUSDT: name 'client' is not defined
2026-05-03 16:59:19: [ERROR] Erreur données ETHUSDT: name 'client' is not defined
2026-05-03 16:59:19: [ERROR] Erreur données ETHUSDT: name 'client' is not defined
2026-05-03 16:59:19: [ERROR] Erreur données ETHUSDT: name 'client' is not defined
2026-05-03 16:59:19: [ERROR] Erreur données ETHUSDT: name 'client' is not defined
2026-05-03 16:59:19: [ERROR] Erreur données ETHUSDT: name 'client' is not defined
2026-05-03 16:59:19: [ERROR] Erreur données ETHUSDT: name 'client' is not defined
2026-05-03 16:59:19: [ERROR] Erreur données ETHUSDT: name 'client' is not defined
2026-05-03 16:59:19: [ERROR] Erreur données ETHUSDT: name 'client' is not defined
2026-05-03 16:59:19: [ERROR] Erreur données ETHUSDT: name 'client' is not defined
2026-05-03 16:59:19: [ERROR] Erreur données ETHUSDT: name 'client' is not defined
2026-05-03 16:59:19: [ERROR] Erreur données ETHUSDT: name 'client' is not defined
2026-05-03 16:59:19: [ERROR] Erreur données ETHUSDT: name 'client' is not defined
2026-05-03 16:59:19: [ERROR] Erreur données ETHUSDT: name 'client' is not defined
2026-05-03 16:59:19: [ERROR] Erreur données ETHUSDT: name 'client' is not defined
2026-05-03 16:59:19: [ERROR] Erreur données ETHUSDT: name 'client' is not defined
2026-05-03 16:59:19: [ERROR] Erreur données ETHUSDT: name 'client' is not defined
2026-05-03 16:59:19: [ERROR] Erreur données ETHUSDT: name 'client' is not defined
2026-05-03 16:59:19: [ERROR] Erreur données ETHUSDT: name 'client' is not defined
2026-05-03 16:59:19: [ERROR] Erreur données ETHUSDT: name 'client' is not defined
2026-05-03 16:59:19: [ERROR] Erreur données ETHUSDT: name 'client' is not defined
2026-05-03 16:59:19: [ERROR] Erreur données ETHUSDT: name 'client' is not defined
2026-05-03 16:59:19: [ERROR] Erreur données ETHUSDT: name 'client' is not defined
2026-05-03 16:59:19: [ERROR] Erreur données ETHUSDT: name 'client' is not defined
2026-05-03 16:59:19: [ERROR] Erreur données ETHUSDT: name 'client' is not defined
2026-05-03 16:59:19: [ERROR] Erreur données ETHUSDT: name 'client' is not defined
2026-05-03 16:59:19: [ERROR] Erreur données ETHUSDT: name 'client' is not defined
2026-05-03 16:59:19: [ERROR] Erreur données ETHUSDT: name 'client' is not defined
2026-05-03 16:59:19: [ERROR] Erreur données ETHUSDT: name 'client' is not defined
2026-05-03 16:59:19: [ERROR] Erreur données ETHUSDT: name 'client' is not defined
2026-05-03 16:59:19: [ERROR] Erreur données ETHUSDT: name 'client' is not defined
2026-05-03 16:59:19: [ERROR] Erreur données ETHUSDT: name 'client' is not defined
2026-05-03 16:59:19: [ERROR] Erreur données ETHUSDT: name 'client' is not defined
2026-05-03 16:59:19: [ERROR] Erreur données ETHUSDT: name 'client' is not defined
2026-05-03 16:59:19: [ERROR] Erreur données ETHUSDT: name 'client' is not defined
2026-05-03 16:59:19: [ERROR] Erreur données ETHUSDT: name 'client' is not defined
2026-05-03 16:59:19: [ERROR] Erreur données ETHUSDT: name 'client' is not defined
2026-05-03 16:59:19: [ERROR] Erreur données ETHUSDT: name 'client' is not defined
2026-05-03 16:59:19: [ERROR] Erreur données ETHUSDT: name 'client' is not defined
2026-05-03 16:59:19: [ERROR] Erreur données ETHUSDT: name 'client' is not defined
2026-05-03 16:59:19: [ERROR] Erreur données ETHUSDT: name 'client' is not defined
2026-05-03 16:59:19: [ERROR] Erreur données ETHUSDT: name 'client' is not defined
2026-05-03 16:59:19: [ERROR] Erreur données ETHUSDT: name 'client' is not defined
2026-05-03 16:59:19: [ERROR] Erreur données ETHUSDT: name 'client' is not defined
2026-05-03 16:59:19: [ERROR] Erreur données ETHUSDT: name 'client' is not defined
2026-05-03 16:59:19: [ERROR] Erreur données ETHUSDT: name 'client' is not defined
2026-05-03 16:59:19: [ERROR] Erreur données ETHUSDT: name 'client' is not defined
2026-05-03 16:59:19: [ERROR] Erreur données ETHUSDT: name 'client' is not defined
2026-05-03 16:59:19: [ERROR] Erreur données ETHUSDT: name 'client' is not defined
2026-05-03 16:59:19: [ERROR] Erreur données ETHUSDT: name 'client' is not defined
2026-05-03 16:59:19: [ERROR] Erreur données ETHUSDT: name 'client' is not defined
2026-05-03 16:59:19: [ERROR] Erreur données ETHUSDT: name 'client' is not defined
2026-05-03 16:59:19: [ERROR] Erreur données ETHUSDT: name 'client' is not defined
2026-05-03 16:59:19: [ERROR] Erreur données ETHUSDT: name 'client' is not defined
2026-05-03 16:59:19: [ERROR] Erreur données ETHUSDT: name 'client' is not defined
2026-05-03 16:59:19: [ERROR] Erreur données ETHUSDT: name 'client' is not defined
2026-05-03 16:59:19: [ERROR] Erreur données ETHUSDT: name 'client' is not defined
2026-05-03 16:59:19: [ERROR] Erreur données ETHUSDT: name 'client' is not defined
2026-05-03 16:59:19: [ERROR] Erreur données ETHUSDT: name 'client' is not defined
2026-05-03 16:59:19: [ERROR] Erreur données ETHUSDT: name 'client' is not defined
2026-05-03 16:59:19: [ERROR] Erreur données ETHUSDT: name 'client' is not defined
2026-05-03 16:59:19: [ERROR] Erreur données ETHUSDT: name 'client' is not defined
2026-05-03 16:59:19: [ERROR] Erreur données ETHUSDT: name 'client' is not defined
2026-05-03 16:59:19: [ERROR] Erreur données ETHUSDT: name 'client' is not defined
2026-05-03 16:59:19: [ERROR] Erreur données ETHUSDT: name 'client' is not defined
2026-05-03 16:59:19: [ERROR] Erreur données ETHUSDT: name 'client' is not defined
2026-05-03 16:59:19: [ERROR] Erreur données ETHUSDT: name 'client' is not defined
2026-05-03 16:59:19: [ERROR] Erreur données ETHUSDT: name 'client' is not defined
2026-05-03 16:59:19: [ERROR] Erreur données ETHUSDT: name 'client' is not defined
2026-05-03 16:59:19: [ERROR] Erreur données ETHUSDT: name 'client' is not defined
2026-05-03 16:59:19: [ERROR] Erreur données ETHUSDT: name 'client' is not defined
2026-05-03 16:59:19: [ERROR] Erreur données ETHUSDT: name 'client' is not defined
2026-05-03 16:59:19: [ERROR] Erreur données ETHUSDT: name 'client' is not defined
2026-05-03 16:59:19: [ERROR] Erreur données ETHUSDT: name 'client' is not defined
2026-05-03 16:59:19: [ERROR] Erreur données ETHUSDT: name 'client' is not defined
2026-05-03 16:59:19: [ERROR] Erreur données SOLUSDT: name 'client' is not defined
2026-05-03 16:59:19: [ERROR] Erreur données ETHUSDT: name 'client' is not defined
2026-05-03 16:59:19: [ERROR] Erreur données ETHUSDT: name 'client' is not defined
2026-05-03 16:59:19: [ERROR] Erreur données ETHUSDT: name 'client' is not defined
2026-05-03 16:59:19: [ERROR] Erreur données ETHUSDT: name 'client' is not defined
2026-05-03 16:59:19: [ERROR] Erreur données ETHUSDT: name 'client' is not defined
2026-05-03 16:59:19: [ERROR] Erreur données ETHUSDT: name 'client' is not defined
2026-05-03 16:59:19: [ERROR] Erreur données ETHUSDT: name 'client' is not defined
2026-05-03 16:59:19: [ERROR] Erreur données ETHUSDT: name 'client' is not defined
2026-05-03 16:59:19: [ERROR] Erreur données ETHUSDT: name 'client' is not defined
2026-05-03 16:59:19: [ERROR] Erreur données ETHUSDT: name 'client' is not defined
2026-05-03 16:59:19: [ERROR] Erreur données ETHUSDT: name 'client' is not defined
2026-05-03 16:59:19: [ERROR] Erreur données ETHUSDT: name 'client' is not defined
2026-05-03 16:59:19: [ERROR] Erreur données ETHUSDT: name 'client' is not defined
2026-05-03 16:59:19: [ERROR] Erreur données ETHUSDT: name 'client' is not defined
2026-05-03 16:59:19: [ERROR] Erreur données ETHUSDT: name 'client' is not defined
2026-05-03 16:59:19: [ERROR] Erreur données ETHUSDT: name 'client' is not defined
2026-05-03 16:59:19: [ERROR] Erreur données ETHUSDT: name 'client' is not defined
2026-05-03 16:59:19: [ERROR] Erreur données ETHUSDT: name 'client' is not defined
2026-05-03 16:59:19: [ERROR] Erreur données ETHUSDT: name 'client' is not defined
2026-05-03 16:59:19: [ERROR] Erreur données ETHUSDT: name 'client' is not defined
2026-05-03 16:59:19: [ERROR] Erreur données ETHUSDT: name 'client' is not defined
2026-05-03 16:59:19: [ERROR] Erreur données ETHUSDT: name 'client' is not defined
2026-05-03 16:59:19: [ERROR] Erreur données ETHUSDT: name 'client' is not defined
2026-05-03 16:59:19: [ERROR] Erreur données ETHUSDT: name 'client' is not defined
2026-05-03 16:59:19: [ERROR] Erreur données ETHUSDT: name 'client' is not defined
2026-05-03 16:59:19: [ERROR] Erreur données ETHUSDT: name 'client' is not defined
2026-05-03 16:59:19: [ERROR] Erreur données ETHUSDT: name 'client' is not defined
2026-05-03 16:59:19: [ERROR] Erreur données ETHUSDT: name 'client' is not defined
2026-05-03 16:59:19: [ERROR] Erreur données ETHUSDT: name 'client' is not defined
2026-05-03 16:59:19: [ERROR] Erreur données ETHUSDT: name 'client' is not defined
2026-05-03 16:59:19: [ERROR] Erreur données ETHUSDT: name 'client' is not defined
2026-05-03 16:59:19: [ERROR] Erreur données ETHUSDT: name 'client' is not defined
2026-05-03 16:59:19: [ERROR] Erreur données ETHUSDT: name 'client' is not defined
2026-05-03 16:59:19: [ERROR] Erreur données ETHUSDT: name 'client' is not defined
2026-05-03 16:59:19: [ERROR] Erreur données ETHUSDT: name 'client' is not defined
2026-05-03 16:59:19: [ERROR] Erreur données ETHUSDT: name 'client' is not defined
2026-05-03 16:59:19: [ERROR] Erreur données ETHUSDT: name 'client' is not defined
2026-05-03 16:59:19: [ERROR] Erreur données ETHUSDT: name 'client' is not defined
2026-05-03 16:59:19: [ERROR] Erreur données ETHUSDT: name 'client' is not defined
2026-05-03 16:59:19: [ERROR] Erreur données BTCUSDT: name 'client' is not defined
2026-05-03 16:59:19: [ERROR] Erreur données BTCUSDT: name 'client' is not defined
2026-05-03 16:59:19: [ERROR] Erreur données BTCUSDT: name 'client' is not defined
2026-05-03 16:59:19: [ERROR] Erreur données BTCUSDT: name 'client' is not defined
2026-05-03 16:59:19: [ERROR] Erreur données BTCUSDT: name 'client' is not defined
2026-05-03 16:59:19: [ERROR] Erreur données BTCUSDT: name 'client' is not defined
2026-05-03 16:59:19: [ERROR] Erreur données BTCUSDT: name 'client' is not defined
2026-05-03 16:59:19: [ERROR] Erreur données BTCUSDT: name 'client' is not defined
2026-05-03 16:59:19: [ERROR] Erreur données BTCUSDT: name 'client' is not defined
2026-05-03 16:59:19: [ERROR] Erreur données BTCUSDT: name 'client' is not defined
2026-05-03 16:59:19: [ERROR] Erreur données BTCUSDT: name 'client' is not defined
2026-05-03 16:59:19: [ERROR] Erreur données BTCUSDT: name 'client' is not defined
2026-05-03 16:59:19: [ERROR] Erreur données BTCUSDT: name 'client' is not defined
2026-05-03 16:59:19: [ERROR] Erreur données BTCUSDT: name 'client' is not defined
2026-05-03 16:59:19: [ERROR] Erreur données ETHUSDT: name 'client' is not defined
2026-05-03 16:59:19: [ERROR] Erreur données BTCUSDT: name 'client' is not defined
2026-05-03 16:59:19: [ERROR] Erreur données BTCUSDT: name 'client' is not defined
2026-05-03 16:59:19: [ERROR] Erreur données BTCUSDT: name 'client' is not defined
2026-05-03 16:59:19: [ERROR] Erreur données BTCUSDT: name 'client' is not defined
2026-05-03 16:59:19: [ERROR] Erreur données BTCUSDT: name 'client' is not defined
2026-05-03 16:59:19: [ERROR] Erreur données BTCUSDT: name 'client' is not defined
2026-05-03 16:59:19: [ERROR] Erreur données ETHUSDT: name 'client' is not defined
2026-05-03 16:59:19: [ERROR] Erreur données BTCUSDT: name 'client' is not defined
2026-05-03 16:59:19: [ERROR] Erreur données BTCUSDT: name 'client' is not defined
2026-05-03 16:59:19: [ERROR] Erreur données BTCUSDT: name 'client' is not defined
2026-05-03 16:59:19: [ERROR] Erreur données BTCUSDT: name 'client' is not defined
2026-05-03 16:59:19: [ERROR] Erreur données BTCUSDT: name 'client' is not defined
2026-05-03 16:59:19: [ERROR] Erreur données BTCUSDT: name 'client' is not defined
2026-05-03 16:59:19: [ERROR] Erreur données BTCUSDT: name 'client' is not defined
2026-05-03 16:59:19: [ERROR] Erreur données BTCUSDT: name 'client' is not defined
2026-05-03 16:59:19: [ERROR] Erreur données BTCUSDT: name 'client' is not defined
2026-05-03 16:59:19: [ERROR] Erreur données BTCUSDT: name 'client' is not defined
2026-05-03 16:59:19: [ERROR] Erreur données ETHUSDT: name 'client' is not defined
2026-05-03 16:59:19: [ERROR] Erreur données BTCUSDT: name 'client' is not defined
2026-05-03 16:59:19: [ERROR] Erreur données BTCUSDT: name 'client' is not defined
2026-05-03 16:59:19: [ERROR] Erreur données BTCUSDT: name 'client' is not defined
2026-05-03 16:59:19: [ERROR] Erreur données BTCUSDT: name 'client' is not defined
2026-05-03 16:59:19: [ERROR] Erreur données BTCUSDT: name 'client' is not defined
2026-05-03 16:59:19: [ERROR] Erreur données BTCUSDT: name 'client' is not defined
2026-05-03 16:59:19: [ERROR] Erreur données BTCUSDT: name 'client' is not defined
2026-05-03 16:59:19: [ERROR] Erreur données BTCUSDT: name 'client' is not defined
2026-05-03 16:59:19: [ERROR] Erreur données BTCUSDT: name 'client' is not defined
2026-05-03 16:59:19: [ERROR] Erreur données BTCUSDT: name 'client' is not defined
2026-05-03 16:59:19: [ERROR] Erreur données BTCUSDT: name 'client' is not defined
2026-05-03 16:59:19: [ERROR] Erreur données BTCUSDT: name 'client' is not defined
2026-05-03 16:59:19: [ERROR] Erreur données BTCUSDT: name 'client' is not defined
2026-05-03 16:59:19: [ERROR] Erreur données BTCUSDT: name 'client' is not defined
2026-05-03 16:59:19: [ERROR] Erreur données BTCUSDT: name 'client' is not defined
2026-05-03 16:59:19: [ERROR] Erreur données BTCUSDT: name 'client' is not defined
2026-05-03 16:59:19: [ERROR] Erreur données BTCUSDT: name 'client' is not defined
2026-05-03 16:59:19: [ERROR] Erreur données BTCUSDT: name 'client' is not defined
2026-05-03 16:59:19: [ERROR] Erreur données BTCUSDT: name 'client' is not defined
2026-05-03 16:59:19: [ERROR] Erreur données BTCUSDT: name 'client' is not defined
2026-05-03 16:59:19: [ERROR] Erreur données BTCUSDT: name 'client' is not defined
2026-05-03 16:59:19: [ERROR] Erreur données BTCUSDT: name 'client' is not defined
2026-05-03 16:59:19: [ERROR] Erreur données BTCUSDT: name 'client' is not defined
2026-05-03 16:59:19: [ERROR] Erreur données BTCUSDT: name 'client' is not defined
2026-05-03 16:59:19: [ERROR] Erreur données BTCUSDT: name 'client' is not defined
2026-05-03 16:59:19: [ERROR] Erreur données BTCUSDT: name 'client' is not defined
2026-05-03 16:59:19: [ERROR] Erreur données BTCUSDT: name 'client' is not defined
2026-05-03 16:59:19: [ERROR] Erreur données ETHUSDT: name 'client' is not defined
2026-05-03 16:59:19: [ERROR] Erreur données ETHUSDT: name 'client' is not defined
2026-05-03 16:59:19: [ERROR] Erreur données ETHUSDT: name 'client' is not defined
2026-05-03 16:59:19: [ERROR] Erreur données BTCUSDT: name 'client' is not defined
2026-05-03 16:59:19: [ERROR] Erreur données ETHUSDT: name 'client' is not defined
2026-05-03 16:59:19: [ERROR] Erreur données BTCUSDT: name 'client' is not defined
2026-05-03 16:59:19: [ERROR] Erreur données ETHUSDT: name 'client' is not defined
2026-05-03 16:59:19: [ERROR] Erreur données BTCUSDT: name 'client' is not defined
2026-05-03 16:59:19: [ERROR] Erreur données BTCUSDT: name 'client' is not defined
2026-05-03 16:59:19: [ERROR] Erreur données BTCUSDT: name 'client' is not defined
2026-05-03 16:59:19: [ERROR] Erreur données BTCUSDT: name 'client' is not defined
2026-05-03 16:59:19: [ERROR] Erreur données BTCUSDT: name 'client' is not defined
2026-05-03 16:59:19: [ERROR] Erreur données BTCUSDT: name 'client' is not defined
2026-05-03 16:59:19: [ERROR] Erreur données BTCUSDT: name 'client' is not defined
2026-05-03 16:59:19: [ERROR] Erreur données BTCUSDT: name 'client' is not defined
2026-05-03 16:59:19: [ERROR] Erreur données BTCUSDT: name 'client' is not defined
2026-05-03 16:59:19: [ERROR] Erreur données BTCUSDT: name 'client' is not defined
2026-05-03 16:59:19: [ERROR] Erreur données BTCUSDT: name 'client' is not defined
2026-05-03 16:59:19: [ERROR] Erreur données BTCUSDT: name 'client' is not defined
2026-05-03 16:59:19: [ERROR] Erreur données BTCUSDT: name 'client' is not defined
2026-05-03 16:59:19: [ERROR] Erreur données ETHUSDT: name 'client' is not defined
2026-05-03 16:59:19: [ERROR] Erreur données ETHUSDT: name 'client' is not defined
2026-05-03 16:59:19: [ERROR] Erreur données BTCUSDT: name 'client' is not defined
2026-05-03 16:59:19: [ERROR] Erreur données ETHUSDT: name 'client' is not defined
2026-05-03 16:59:19: [ERROR] Erreur données BTCUSDT: name 'client' is not defined
2026-05-03 16:59:19: [ERROR] Erreur données ETHUSDT: name 'client' is not defined
2026-05-03 16:59:19: [ERROR] Erreur données ETHUSDT: name 'client' is not defined
2026-05-03 16:59:19: [ERROR] Erreur données ETHUSDT: name 'client' is not defined
2026-05-03 16:59:19: [ERROR] Erreur données ETHUSDT: name 'client' is not defined
2026-05-03 16:59:19: [ERROR] Erreur données ETHUSDT: name 'client' is not defined
2026-05-03 16:59:19: [ERROR] Erreur données BTCUSDT: name 'client' is not defined
2026-05-03 16:59:19: [ERROR] Erreur données ETHUSDT: name 'client' is not defined
2026-05-03 16:59:19: [ERROR] Erreur données ETHUSDT: name 'client' is not defined
2026-05-03 16:59:19: [ERROR] Erreur données SOLUSDT: name 'client' is not defined
2026-05-03 16:59:19: [ERROR] Erreur données ETHUSDT: name 'client' is not defined
2026-05-03 16:59:19: [ERROR] Erreur données ETHUSDT: name 'client' is not defined
2026-05-03 16:59:19: [ERROR] Erreur données ETHUSDT: name 'client' is not defined
2026-05-03 16:59:19: [ERROR] Erreur données ETHUSDT: name 'client' is not defined
2026-05-03 16:59:19: [ERROR] Erreur données ETHUSDT: name 'client' is not defined
2026-05-03 16:59:19: [ERROR] Erreur données BTCUSDT: name 'client' is not defined
2026-05-03 16:59:19: [ERROR] Erreur données BTCUSDT: name 'client' is not defined
2026-05-03 16:59:19: [ERROR] Erreur données BTCUSDT: name 'client' is not defined
2026-05-03 16:59:19: [ERROR] Erreur données BTCUSDT: name 'client' is not defined
2026-05-03 16:59:19: [ERROR] Erreur données BTCUSDT: name 'client' is not defined
2026-05-03 16:59:19: [ERROR] Erreur données BTCUSDT: name 'client' is not defined
2026-05-03 16:59:19: [ERROR] Erreur données BTCUSDT: name 'client' is not defined
2026-05-03 16:59:19: [ERROR] Erreur données BTCUSDT: name 'client' is not defined
2026-05-03 16:59:19: [ERROR] Erreur données BTCUSDT: name 'client' is not defined
2026-05-03 16:59:19: [ERROR] Erreur données BTCUSDT: name 'client' is not defined
2026-05-03 16:59:19: [ERROR] Erreur données ETHUSDT: name 'client' is not defined
2026-05-03 16:59:19: [ERROR] Erreur données ETHUSDT: name 'client' is not defined
2026-05-03 16:59:19: [ERROR] Erreur données ETHUSDT: name 'client' is not defined
2026-05-03 16:59:19: [ERROR] Erreur données BTCUSDT: name 'client' is not defined
2026-05-03 16:59:19: [ERROR] Erreur données BTCUSDT: name 'client' is not defined
2026-05-03 16:59:19: [ERROR] Erreur données BTCUSDT: name 'client' is not defined
2026-05-03 16:59:19: [ERROR] Erreur données ETHUSDT: name 'client' is not defined
2026-05-03 16:59:19: [ERROR] Erreur données BTCUSDT: name 'client' is not defined
2026-05-03 16:59:19: [ERROR] Erreur données BTCUSDT: name 'client' is not defined
2026-05-03 16:59:19: [ERROR] Erreur données BTCUSDT: name 'client' is not defined
2026-05-03 16:59:19: [ERROR] Erreur données ETHUSDT: name 'client' is not defined
2026-05-03 16:59:19: [ERROR] Erreur données ETHUSDT: name 'client' is not defined
2026-05-03 16:59:19: [ERROR] Erreur données ETHUSDT: name 'client' is not defined
2026-05-03 16:59:19: [ERROR] Erreur données ETHUSDT: name 'client' is not defined
2026-05-03 16:59:19: [ERROR] Erreur données ETHUSDT: name 'client' is not defined
2026-05-03 16:59:19: [ERROR] Erreur données ETHUSDT: name 'client' is not defined
2026-05-03 16:59:19: [ERROR] Erreur données ETHUSDT: name 'client' is not defined
2026-05-03 16:59:19: [ERROR] Erreur données ETHUSDT: name 'client' is not defined
2026-05-03 16:59:19: [ERROR] Erreur données ETHUSDT: name 'client' is not defined
2026-05-03 16:59:19: [ERROR] Erreur données ETHUSDT: name 'client' is not defined
2026-05-03 16:59:19: [ERROR] Erreur données ETHUSDT: name 'client' is not defined
2026-05-03 16:59:19: [ERROR] Erreur données ETHUSDT: name 'client' is not defined
2026-05-03 16:59:19: [ERROR] Erreur données ETHUSDT: name 'client' is not defined
2026-05-03 16:59:19: [ERROR] Erreur données ETHUSDT: name 'client' is not defined
2026-05-03 16:59:19: [ERROR] Erreur données BTCUSDT: name 'client' is not defined
2026-05-03 16:59:19: [ERROR] Erreur données BTCUSDT: name 'client' is not defined
2026-05-03 16:59:19: [ERROR] Erreur données ETHUSDT: name 'client' is not defined
2026-05-03 16:59:19: [ERROR] Erreur données ETHUSDT: name 'client' is not defined
2026-05-03 16:59:19: [ERROR] Erreur données ETHUSDT: name 'client' is not defined
2026-05-03 16:59:19: [ERROR] Erreur données ETHUSDT: name 'client' is not defined
2026-05-03 16:59:19: [ERROR] Erreur données ETHUSDT: name 'client' is not defined
2026-05-03 16:59:19: [ERROR] Erreur données ETHUSDT: name 'client' is not defined
2026-05-03 16:59:19: [ERROR] Erreur données ETHUSDT: name 'client' is not defined
2026-05-03 16:59:19: [ERROR] Erreur données ETHUSDT: name 'client' is not defined
2026-05-03 16:59:19: [ERROR] Erreur données ETHUSDT: name 'client' is not defined
2026-05-03 16:59:19: [ERROR] Erreur données ETHUSDT: name 'client' is not defined
2026-05-03 16:59:19: [ERROR] Erreur données ETHUSDT: name 'client' is not defined
2026-05-03 16:59:19: [ERROR] Erreur données ETHUSDT: name 'client' is not defined
2026-05-03 16:59:19: [ERROR] Erreur données ETHUSDT: name 'client' is not defined
2026-05-03 16:59:19: [ERROR] Erreur données ETHUSDT: name 'client' is not defined
2026-05-03 16:59:20: [ERROR] Erreur données BTCUSDT: name 'client' is not defined
2026-05-03 16:59:20: [ERROR] Erreur données BTCUSDT: name 'client' is not defined
2026-05-03 16:59:20: [ERROR] Erreur données ETHUSDT: name 'client' is not defined
2026-05-03 16:59:20: [ERROR] Erreur données ETHUSDT: name 'client' is not defined
2026-05-03 16:59:20: [ERROR] Erreur données ETHUSDT: name 'client' is not defined
2026-05-03 16:59:20: [ERROR] Erreur données ETHUSDT: name 'client' is not defined
2026-05-03 16:59:20: [ERROR] Erreur données BTCUSDT: name 'client' is not defined
2026-05-03 16:59:20: [ERROR] Erreur données ETHUSDT: name 'client' is not defined
2026-05-03 16:59:20: [ERROR] Erreur données ETHUSDT: name 'client' is not defined
2026-05-03 16:59:20: [ERROR] Erreur données ETHUSDT: name 'client' is not defined
2026-05-03 16:59:20: [ERROR] Erreur données ETHUSDT: name 'client' is not defined
2026-05-03 16:59:20: [ERROR] Erreur données ETHUSDT: name 'client' is not defined
2026-05-03 16:59:20: [ERROR] Erreur données ETHUSDT: name 'client' is not defined
2026-05-03 16:59:20: [ERROR] Erreur données ETHUSDT: name 'client' is not defined
2026-05-03 16:59:20: [ERROR] Erreur données ETHUSDT: name 'client' is not defined
2026-05-03 16:59:20: [ERROR] Erreur données ETHUSDT: name 'client' is not defined
2026-05-03 16:59:20: [ERROR] Erreur données ETHUSDT: name 'client' is not defined
2026-05-03 16:59:20: [ERROR] Erreur données ETHUSDT: name 'client' is not defined
2026-05-03 16:59:20: [ERROR] Erreur données ETHUSDT: name 'client' is not defined
2026-05-03 16:59:20: [ERROR] Erreur données ETHUSDT: name 'client' is not defined
2026-05-03 16:59:20: [ERROR] Erreur données ETHUSDT: name 'client' is not defined
2026-05-03 16:59:20: [ERROR] Erreur données ETHUSDT: name 'client' is not defined
2026-05-03 16:59:20: [ERROR] Erreur données ETHUSDT: name 'client' is not defined
2026-05-03 16:59:20: [ERROR] Erreur données ETHUSDT: name 'client' is not defined
2026-05-03 16:59:20: [ERROR] Erreur données ETHUSDT: name 'client' is not defined
2026-05-03 16:59:20: [ERROR] Erreur données ETHUSDT: name 'client' is not defined
2026-05-03 16:59:20: [ERROR] Erreur données ETHUSDT: name 'client' is not defined
2026-05-03 16:59:20: [ERROR] Erreur données ETHUSDT: name 'client' is not defined
2026-05-03 16:59:20: [ERROR] Erreur données ETHUSDT: name 'client' is not defined
2026-05-03 16:59:20: [ERROR] Erreur données ETHUSDT: name 'client' is not defined
2026-05-03 16:59:20: [ERROR] Erreur données ETHUSDT: name 'client' is not defined
2026-05-03 16:59:20: [ERROR] Erreur données ETHUSDT: name 'client' is not defined
2026-05-03 16:59:20: [ERROR] Erreur données BTCUSDT: name 'client' is not defined
2026-05-03 16:59:20: [ERROR] Erreur données BTCUSDT: name 'client' is not defined
2026-05-03 16:59:20: [ERROR] Erreur données BTCUSDT: name 'client' is not defined
2026-05-03 16:59:20: [ERROR] Erreur données BTCUSDT: name 'client' is not defined
2026-05-03 16:59:20: [ERROR] Erreur données BTCUSDT: name 'client' is not defined
2026-05-03 16:59:20: [ERROR] Erreur données BTCUSDT: name 'client' is not defined
2026-05-03 16:59:20: [ERROR] Erreur données BTCUSDT: name 'client' is not defined
2026-05-03 16:59:20: [ERROR] Erreur données BTCUSDT: name 'client' is not defined
2026-05-03 16:59:20: [ERROR] Erreur données BTCUSDT: name 'client' is not defined
2026-05-03 16:59:20: [ERROR] Erreur données ETHUSDT: name 'client' is not defined
2026-05-03 16:59:20: [ERROR] Erreur données SOLUSDT: name 'client' is not defined
2026-05-03 16:59:20: [ERROR] Erreur données SOLUSDT: name 'client' is not defined
2026-05-03 16:59:20: [ERROR] Erreur données ETHUSDT: name 'client' is not defined
2026-05-03 16:59:20: [ERROR] Erreur données ETHUSDT: name 'client' is not defined
2026-05-03 16:59:20: [ERROR] Erreur données SOLUSDT: name 'client' is not defined
2026-05-03 16:59:20: [ERROR] Erreur données SOLUSDT: name 'client' is not defined
2026-05-03 16:59:20: [ERROR] Erreur données SOLUSDT: name 'client' is not defined
2026-05-03 16:59:20: [ERROR] Erreur données ETHUSDT: name 'client' is not defined
2026-05-03 16:59:20: [ERROR] Erreur données ETHUSDT: name 'client' is not defined
2026-05-03 16:59:20: [ERROR] Erreur données BTCUSDT: name 'client' is not defined
2026-05-03 16:59:20: [ERROR] Erreur données BTCUSDT: name 'client' is not defined
2026-05-03 16:59:20: [ERROR] Erreur données BTCUSDT: name 'client' is not defined
2026-05-03 16:59:20: [ERROR] Erreur données BTCUSDT: name 'client' is not defined
2026-05-03 16:59:20: [ERROR] Erreur données BTCUSDT: name 'client' is not defined
2026-05-03 16:59:20: [ERROR] Erreur données ETHUSDT: name 'client' is not defined
2026-05-03 16:59:20: [ERROR] Erreur données BTCUSDT: name 'client' is not defined
2026-05-03 16:59:20: [ERROR] Erreur données ETHUSDT: name 'client' is not defined
2026-05-03 16:59:20: [ERROR] Erreur données SOLUSDT: name 'client' is not defined
2026-05-03 16:59:20: [ERROR] Erreur données SOLUSDT: name 'client' is not defined
2026-05-03 16:59:20: [ERROR] Erreur données ETHUSDT: name 'client' is not defined
2026-05-03 16:59:20: [ERROR] Erreur données SOLUSDT: name 'client' is not defined
2026-05-03 16:59:20: [ERROR] Erreur données ETHUSDT: name 'client' is not defined
2026-05-03 16:59:20: [ERROR] Erreur données SOLUSDT: name 'client' is not defined
2026-05-03 16:59:20: [ERROR] Erreur données ETHUSDT: name 'client' is not defined
2026-05-03 16:59:20: [ERROR] Erreur données ETHUSDT: name 'client' is not defined
2026-05-03 16:59:20: [ERROR] Erreur données ETHUSDT: name 'client' is not defined
2026-05-03 16:59:20: [ERROR] Erreur données ETHUSDT: name 'client' is not defined
2026-05-03 16:59:20: [ERROR] Erreur données SOLUSDT: name 'client' is not defined
2026-05-03 16:59:20: [ERROR] Erreur données ETHUSDT: name 'client' is not defined
2026-05-03 16:59:20: [ERROR] Erreur données ETHUSDT: name 'client' is not defined
2026-05-03 16:59:20: [ERROR] Erreur données ETHUSDT: name 'client' is not defined
2026-05-03 16:59:20: [ERROR] Erreur données ETHUSDT: name 'client' is not defined
2026-05-03 16:59:20: [ERROR] Erreur données ETHUSDT: name 'client' is not defined
2026-05-03 16:59:20: [ERROR] Erreur données SOLUSDT: name 'client' is not defined
2026-05-03 16:59:20: [ERROR] Erreur données ETHUSDT: name 'client' is not defined
2026-05-03 16:59:20: [ERROR] Erreur données BTCUSDT: name 'client' is not defined
2026-05-03 16:59:20: [ERROR] Erreur données BTCUSDT: name 'client' is not defined
2026-05-03 16:59:20: [ERROR] Erreur données BTCUSDT: name 'client' is not defined
2026-05-03 16:59:20: [ERROR] Erreur données BTCUSDT: name 'client' is not defined
2026-05-03 16:59:20: [ERROR] Erreur données BTCUSDT: name 'client' is not defined
2026-05-03 16:59:20: [ERROR] Erreur données BTCUSDT: name 'client' is not defined
2026-05-03 16:59:20: [ERROR] Erreur données SOLUSDT: name 'client' is not defined
2026-05-03 16:59:20: [ERROR] Erreur données ETHUSDT: name 'client' is not defined
2026-05-03 16:59:20: [ERROR] Erreur données ETHUSDT: name 'client' is not defined
2026-05-03 16:59:20: [ERROR] Erreur données ETHUSDT: name 'client' is not defined
2026-05-03 16:59:20: [ERROR] Erreur données ETHUSDT: name 'client' is not defined
2026-05-03 16:59:20: [ERROR] Erreur données ETHUSDT: name 'client' is not defined
2026-05-03 16:59:20: [ERROR] Erreur données ETHUSDT: name 'client' is not defined
2026-05-03 16:59:20: [ERROR] Erreur données ETHUSDT: name 'client' is not defined
2026-05-03 16:59:20: [ERROR] Erreur données SOLUSDT: name 'client' is not defined
2026-05-03 16:59:20: [ERROR] Erreur données ETHUSDT: name 'client' is not defined
2026-05-03 16:59:20: [ERROR] Erreur données ETHUSDT: name 'client' is not defined
2026-05-03 16:59:20: [ERROR] Erreur données SOLUSDT: name 'client' is not defined
2026-05-03 16:59:20: [ERROR] Erreur données BTCUSDT: name 'client' is not defined
2026-05-03 16:59:20: [ERROR] Erreur données BTCUSDT: name 'client' is not defined
2026-05-03 16:59:20: [ERROR] Erreur données BTCUSDT: name 'client' is not defined
2026-05-03 16:59:20: [ERROR] Erreur données BTCUSDT: name 'client' is not defined
2026-05-03 16:59:20: [ERROR] Erreur données SOLUSDT: name 'client' is not defined
2026-05-03 16:59:20: [ERROR] Erreur données ETHUSDT: name 'client' is not defined
2026-05-03 16:59:20: [ERROR] Erreur données ETHUSDT: name 'client' is not defined
2026-05-03 16:59:20: [ERROR] Erreur données ETHUSDT: name 'client' is not defined
2026-05-03 16:59:20: [ERROR] Erreur données ETHUSDT: name 'client' is not defined
2026-05-03 16:59:20: [ERROR] Erreur données ETHUSDT: name 'client' is not defined
2026-05-03 16:59:20: [ERROR] Erreur données ETHUSDT: name 'client' is not defined
2026-05-03 16:59:20: [ERROR] Erreur données ETHUSDT: name 'client' is not defined
2026-05-03 16:59:20: [ERROR] Erreur données ETHUSDT: name 'client' is not defined
2026-05-03 16:59:20: [ERROR] Erreur données ETHUSDT: name 'client' is not defined
2026-05-03 16:59:20: [ERROR] Erreur données ETHUSDT: name 'client' is not defined
2026-05-03 16:59:20: [ERROR] Erreur données ETHUSDT: name 'client' is not defined
2026-05-03 16:59:20: [ERROR] Erreur données ETHUSDT: name 'client' is not defined
2026-05-03 16:59:20: [ERROR] Erreur données ETHUSDT: name 'client' is not defined
2026-05-03 16:59:20: [ERROR] Erreur données ETHUSDT: name 'client' is not defined
2026-05-03 16:59:20: [ERROR] Erreur données ETHUSDT: name 'client' is not defined
2026-05-03 16:59:20: [ERROR] Erreur données ETHUSDT: name 'client' is not defined
2026-05-03 16:59:20: [ERROR] Erreur données ETHUSDT: name 'client' is not defined
2026-05-03 16:59:20: [ERROR] Erreur données ETHUSDT: name 'client' is not defined
2026-05-03 16:59:20: [ERROR] Erreur données BTCUSDT: name 'client' is not defined
2026-05-03 16:59:20: [ERROR] Erreur données ETHUSDT: name 'client' is not defined
2026-05-03 16:59:20: [ERROR] Erreur données ETHUSDT: name 'client' is not defined
2026-05-03 16:59:20: [ERROR] Erreur données ETHUSDT: name 'client' is not defined
2026-05-03 16:59:20: [ERROR] Erreur données ETHUSDT: name 'client' is not defined
2026-05-03 16:59:20: [ERROR] Erreur données ETHUSDT: name 'client' is not defined
2026-05-03 16:59:20: [ERROR] Erreur données ETHUSDT: name 'client' is not defined
2026-05-03 16:59:20: [ERROR] Erreur données ETHUSDT: name 'client' is not defined
2026-05-03 16:59:20: [ERROR] Erreur données ETHUSDT: name 'client' is not defined
2026-05-03 16:59:20: [ERROR] Erreur données ETHUSDT: name 'client' is not defined
2026-05-03 16:59:20: [ERROR] Erreur données ETHUSDT: name 'client' is not defined
2026-05-03 16:59:20: [ERROR] Erreur données ETHUSDT: name 'client' is not defined
2026-05-03 16:59:20: [ERROR] Erreur données SOLUSDT: name 'client' is not defined
2026-05-03 16:59:20: [ERROR] Erreur données ETHUSDT: name 'client' is not defined
2026-05-03 16:59:20: [ERROR] Erreur données SOLUSDT: name 'client' is not defined
2026-05-03 16:59:20: [ERROR] Erreur données ETHUSDT: name 'client' is not defined
2026-05-03 16:59:20: [ERROR] Erreur données ETHUSDT: name 'client' is not defined
2026-05-03 16:59:20: [ERROR] Erreur données ETHUSDT: name 'client' is not defined
2026-05-03 16:59:20: [ERROR] Erreur données ETHUSDT: name 'client' is not defined
2026-05-03 16:59:20: [ERROR] Erreur données ETHUSDT: name 'client' is not defined
2026-05-03 16:59:20: [ERROR] Erreur données ETHUSDT: name 'client' is not defined
2026-05-03 16:59:20: [ERROR] Erreur données ETHUSDT: name 'client' is not defined
2026-05-03 16:59:20: [ERROR] Erreur données ETHUSDT: name 'client' is not defined
2026-05-03 16:59:20: [ERROR] Erreur données ETHUSDT: name 'client' is not defined
2026-05-03 16:59:20: [ERROR] Erreur données ETHUSDT: name 'client' is not defined
2026-05-03 16:59:20: [ERROR] Erreur données ETHUSDT: name 'client' is not defined
2026-05-03 16:59:20: [ERROR] Erreur données ETHUSDT: name 'client' is not defined
2026-05-03 16:59:20: [ERROR] Erreur données ETHUSDT: name 'client' is not defined
2026-05-03 16:59:20: [ERROR] Erreur données ETHUSDT: name 'client' is not defined
2026-05-03 16:59:20: [ERROR] Erreur données ETHUSDT: name 'client' is not defined
2026-05-03 16:59:20: [ERROR] Erreur données ETHUSDT: name 'client' is not defined
2026-05-03 16:59:20: [ERROR] Erreur données ETHUSDT: name 'client' is not defined
2026-05-03 16:59:20: [ERROR] Erreur données ETHUSDT: name 'client' is not defined
2026-05-03 16:59:20: [ERROR] Erreur données ETHUSDT: name 'client' is not defined
2026-05-03 16:59:20: [ERROR] Erreur données ETHUSDT: name 'client' is not defined
2026-05-03 16:59:20: [ERROR] Erreur données ETHUSDT: name 'client' is not defined
2026-05-03 16:59:20: [ERROR] Erreur données ETHUSDT: name 'client' is not defined
2026-05-03 16:59:20: [ERROR] Erreur données ETHUSDT: name 'client' is not defined
2026-05-03 16:59:20: [ERROR] Erreur données ETHUSDT: name 'client' is not defined
2026-05-03 16:59:20: [ERROR] Erreur données ETHUSDT: name 'client' is not defined
2026-05-03 16:59:20: [ERROR] Erreur données ETHUSDT: name 'client' is not defined
2026-05-03 16:59:20: [ERROR] Erreur données ETHUSDT: name 'client' is not defined
2026-05-03 16:59:20: [ERROR] Erreur données ETHUSDT: name 'client' is not defined
2026-05-03 16:59:20: [ERROR] Erreur données SOLUSDT: name 'client' is not defined
2026-05-03 16:59:20: [ERROR] Erreur données ETHUSDT: name 'client' is not defined
2026-05-03 16:59:20: [ERROR] Erreur données ETHUSDT: name 'client' is not defined
2026-05-03 16:59:20: [ERROR] Erreur données ETHUSDT: name 'client' is not defined
2026-05-03 16:59:20: [ERROR] Erreur données ETHUSDT: name 'client' is not defined
2026-05-03 16:59:20: [ERROR] Erreur données ETHUSDT: name 'client' is not defined
2026-05-03 16:59:20: [ERROR] Erreur données ETHUSDT: name 'client' is not defined
2026-05-03 16:59:20: [ERROR] Erreur données ETHUSDT: name 'client' is not defined
2026-05-03 16:59:20: [ERROR] Erreur données ETHUSDT: name 'client' is not defined
2026-05-03 16:59:20: [ERROR] Erreur données ETHUSDT: name 'client' is not defined
2026-05-03 16:59:20: [ERROR] Erreur données ETHUSDT: name 'client' is not defined
2026-05-03 16:59:20: [ERROR] Erreur données ETHUSDT: name 'client' is not defined
2026-05-03 16:59:20: [ERROR] Erreur données ETHUSDT: name 'client' is not defined
2026-05-03 16:59:20: [ERROR] Erreur données ETHUSDT: name 'client' is not defined
2026-05-03 16:59:20: [ERROR] Erreur données ETHUSDT: name 'client' is not defined
2026-05-03 16:59:20: [ERROR] Erreur données BTCUSDT: name 'client' is not defined
2026-05-03 16:59:20: [ERROR] Erreur données BTCUSDT: name 'client' is not defined
2026-05-03 16:59:20: [ERROR] Erreur données BTCUSDT: name 'client' is not defined
2026-05-03 16:59:20: [ERROR] Erreur données SOLUSDT: name 'client' is not defined
2026-05-03 16:59:20: [ERROR] Erreur données ETHUSDT: name 'client' is not defined
2026-05-03 16:59:20: [ERROR] Erreur données ETHUSDT: name 'client' is not defined
2026-05-03 16:59:20: [ERROR] Erreur données ETHUSDT: name 'client' is not defined
2026-05-03 16:59:20: [ERROR] Erreur données ETHUSDT: name 'client' is not defined
2026-05-03 16:59:20: [ERROR] Erreur données ETHUSDT: name 'client' is not defined
2026-05-03 16:59:20: [ERROR] Erreur données ETHUSDT: name 'client' is not defined
2026-05-03 16:59:20: [ERROR] Erreur données ETHUSDT: name 'client' is not defined
2026-05-03 16:59:20: [ERROR] Erreur données ETHUSDT: name 'client' is not defined
2026-05-03 16:59:20: [ERROR] Erreur données ETHUSDT: name 'client' is not defined
2026-05-03 16:59:20: [ERROR] Erreur données ETHUSDT: name 'client' is not defined
2026-05-03 16:59:20: [ERROR] Erreur données ETHUSDT: name 'client' is not defined
2026-05-03 16:59:20: [ERROR] Erreur données BTCUSDT: name 'client' is not defined
2026-05-03 16:59:20: [ERROR] Erreur données BTCUSDT: name 'client' is not defined
2026-05-03 16:59:20: [ERROR] Erreur données BTCUSDT: name 'client' is not defined
2026-05-03 16:59:20: [ERROR] Erreur données BTCUSDT: name 'client' is not defined
2026-05-03 16:59:20: [ERROR] Erreur données BTCUSDT: name 'client' is not defined
2026-05-03 16:59:20: [ERROR] Erreur données SOLUSDT: name 'client' is not defined
2026-05-03 16:59:20: [ERROR] Erreur données BTCUSDT: name 'client' is not defined
2026-05-03 16:59:20: [ERROR] Erreur données BTCUSDT: name 'client' is not defined
2026-05-03 16:59:20: [ERROR] Erreur données BTCUSDT: name 'client' is not defined
2026-05-03 16:59:20: [ERROR] Erreur données BTCUSDT: name 'client' is not defined
2026-05-03 16:59:20: [ERROR] Erreur données ETHUSDT: name 'client' is not defined
2026-05-03 16:59:20: [ERROR] Erreur données BTCUSDT: name 'client' is not defined
2026-05-03 16:59:20: [ERROR] Erreur données SOLUSDT: name 'client' is not defined
2026-05-03 16:59:20: [ERROR] Erreur données BTCUSDT: name 'client' is not defined
2026-05-03 16:59:20: [ERROR] Erreur données SOLUSDT: name 'client' is not defined
2026-05-03 16:59:20: [ERROR] Erreur données BTCUSDT: name 'client' is not defined
2026-05-03 16:59:20: [ERROR] Erreur données ETHUSDT: name 'client' is not defined
2026-05-03 16:59:20: [ERROR] Erreur données SOLUSDT: name 'client' is not defined
2026-05-03 16:59:20: [ERROR] Erreur données ETHUSDT: name 'client' is not defined
2026-05-03 16:59:20: [ERROR] Erreur données ETHUSDT: name 'client' is not defined
2026-05-03 16:59:21: [ERROR] Erreur données SOLUSDT: name 'client' is not defined
2026-05-03 16:59:21: [ERROR] Erreur données SOLUSDT: name 'client' is not defined
2026-05-03 16:59:21: [ERROR] Erreur données ETHUSDT: name 'client' is not defined
2026-05-03 16:59:21: [ERROR] Erreur données BTCUSDT: name 'client' is not defined
2026-05-03 16:59:21: [ERROR] Erreur données ETHUSDT: name 'client' is not defined
2026-05-03 16:59:21: [ERROR] Erreur données ETHUSDT: name 'client' is not defined
2026-05-03 16:59:21: [ERROR] Erreur données ETHUSDT: name 'client' is not defined
2026-05-03 16:59:21: [ERROR] Erreur données BTCUSDT: name 'client' is not defined
2026-05-03 16:59:21: [ERROR] Erreur données ETHUSDT: name 'client' is not defined
2026-05-03 16:59:21: [ERROR] Erreur données BTCUSDT: name 'client' is not defined
2026-05-03 16:59:21: [ERROR] Erreur données BTCUSDT: name 'client' is not defined
2026-05-03 16:59:21: [ERROR] Erreur données SOLUSDT: name 'client' is not defined
2026-05-03 16:59:21: [ERROR] Erreur données ETHUSDT: name 'client' is not defined
2026-05-03 16:59:21: [ERROR] Erreur données ETHUSDT: name 'client' is not defined
2026-05-03 16:59:21: [ERROR] Erreur données ETHUSDT: name 'client' is not defined
2026-05-03 16:59:21: [ERROR] Erreur données ETHUSDT: name 'client' is not defined
2026-05-03 16:59:21: [ERROR] Erreur données ETHUSDT: name 'client' is not defined
2026-05-03 16:59:21: [ERROR] Erreur données SOLUSDT: name 'client' is not defined
2026-05-03 16:59:21: [ERROR] Erreur données ETHUSDT: name 'client' is not defined
2026-05-03 16:59:21: [ERROR] Erreur données ETHUSDT: name 'client' is not defined
2026-05-03 16:59:21: [ERROR] Erreur données ETHUSDT: name 'client' is not defined
2026-05-03 16:59:21: [ERROR] Erreur données ETHUSDT: name 'client' is not defined
2026-05-03 16:59:21: [ERROR] Erreur données ETHUSDT: name 'client' is not defined
2026-05-03 16:59:21: [ERROR] Erreur données BTCUSDT: name 'client' is not defined
2026-05-03 16:59:21: [ERROR] Erreur données BTCUSDT: name 'client' is not defined
2026-05-03 16:59:21: [ERROR] Erreur données BTCUSDT: name 'client' is not defined
2026-05-03 16:59:21: [ERROR] Erreur données BTCUSDT: name 'client' is not defined
2026-05-03 16:59:22: [ERROR] Erreur données BTCUSDT: name 'client' is not defined
2026-05-03 16:59:22: [ERROR] Erreur données SOLUSDT: name 'client' is not defined
2026-05-03 16:59:22: [ERROR] Erreur données SOLUSDT: name 'client' is not defined
2026-05-03 16:59:22: [ERROR] Erreur données SOLUSDT: name 'client' is not defined
2026-05-03 16:59:22: [ERROR] Erreur données BTCUSDT: name 'client' is not defined
2026-05-03 16:59:22: [ERROR] Erreur données SOLUSDT: name 'client' is not defined
2026-05-03 16:59:22: [ERROR] Erreur données SOLUSDT: name 'client' is not defined
2026-05-03 16:59:22: [ERROR] Erreur données SOLUSDT: name 'client' is not defined
2026-05-03 16:59:22: [ERROR] Erreur données SOLUSDT: name 'client' is not defined
2026-05-03 16:59:22: [ERROR] Erreur données BTCUSDT: name 'client' is not defined
2026-05-03 16:59:22: [ERROR] Erreur données SOLUSDT: name 'client' is not defined
2026-05-03 16:59:22: [ERROR] Erreur données SOLUSDT: name 'client' is not defined
2026-05-03 16:59:22: [ERROR] Erreur données ETHUSDT: name 'client' is not defined
2026-05-03 16:59:22: [ERROR] Erreur données BTCUSDT: name 'client' is not defined
2026-05-03 16:59:23: [ERROR] Erreur données ETHUSDT: name 'client' is not defined
2026-05-03 16:59:23: [ERROR] Erreur données ETHUSDT: name 'client' is not defined
2026-05-03 16:59:23: [ERROR] Erreur données ETHUSDT: name 'client' is not defined
2026-05-03 16:59:23: [ERROR] Erreur données BTCUSDT: name 'client' is not defined
2026-05-03 16:59:23: [ERROR] Erreur données ETHUSDT: name 'client' is not defined
2026-05-03 16:59:23: [ERROR] Erreur données ETHUSDT: name 'client' is not defined
2026-05-03 16:59:23: [ERROR] Erreur données ETHUSDT: name 'client' is not defined
2026-05-03 16:59:23: [ERROR] Erreur données ETHUSDT: name 'client' is not defined
2026-05-03 16:59:23: [ERROR] Erreur données ETHUSDT: name 'client' is not defined
2026-05-03 16:59:23: [ERROR] Erreur données ETHUSDT: name 'client' is not defined
2026-05-03 16:59:23: [ERROR] Erreur données BTCUSDT: name 'client' is not defined
2026-05-03 16:59:23: [ERROR] Erreur données ETHUSDT: name 'client' is not defined
2026-05-03 16:59:23: [ERROR] Erreur données BTCUSDT: name 'client' is not defined
2026-05-03 16:59:23: [ERROR] Erreur données ETHUSDT: name 'client' is not defined
2026-05-03 16:59:23: [ERROR] Erreur données ETHUSDT: name 'client' is not defined
2026-05-03 16:59:23: [ERROR] Erreur données ETHUSDT: name 'client' is not defined
2026-05-03 16:59:23: [ERROR] Erreur données BTCUSDT: name 'client' is not defined
2026-05-03 16:59:23: [ERROR] Erreur données ETHUSDT: name 'client' is not defined
2026-05-03 16:59:23: [ERROR] Erreur données ETHUSDT: name 'client' is not defined
2026-05-03 16:59:23: [ERROR] Erreur données ETHUSDT: name 'client' is not defined
2026-05-03 16:59:23: [ERROR] Erreur données ETHUSDT: name 'client' is not defined
2026-05-03 16:59:23: [ERROR] Erreur données ETHUSDT: name 'client' is not defined
2026-05-03 16:59:23: [ERROR] Erreur données ETHUSDT: name 'client' is not defined
2026-05-03 16:59:23: [ERROR] Erreur données ETHUSDT: name 'client' is not defined
2026-05-03 16:59:23: [ERROR] Erreur données SOLUSDT: name 'client' is not defined
2026-05-03 16:59:23: [ERROR] Erreur données ETHUSDT: name 'client' is not defined
2026-05-03 16:59:23: [ERROR] Erreur données ETHUSDT: name 'client' is not defined
2026-05-03 16:59:23: [ERROR] Erreur données BTCUSDT: name 'client' is not defined
2026-05-03 16:59:23: [ERROR] Erreur données ETHUSDT: name 'client' is not defined
2026-05-03 16:59:23: [ERROR] Erreur données ETHUSDT: name 'client' is not defined
2026-05-03 16:59:23: [ERROR] Erreur données ETHUSDT: name 'client' is not defined
2026-05-03 16:59:23: [ERROR] Erreur données ETHUSDT: name 'client' is not defined
2026-05-03 16:59:23: [ERROR] Erreur données ETHUSDT: name 'client' is not defined
2026-05-03 16:59:23: [ERROR] Erreur données ETHUSDT: name 'client' is not defined
2026-05-03 16:59:23: [ERROR] Erreur données ETHUSDT: name 'client' is not defined
2026-05-03 16:59:23: [ERROR] Erreur données ETHUSDT: name 'client' is not defined
2026-05-03 16:59:23: [ERROR] Erreur données ETHUSDT: name 'client' is not defined
2026-05-03 16:59:23: [ERROR] Erreur données ETHUSDT: name 'client' is not defined
2026-05-03 16:59:23: [ERROR] Erreur données ETHUSDT: name 'client' is not defined
2026-05-03 16:59:23: [ERROR] Erreur données ETHUSDT: name 'client' is not defined
2026-05-03 16:59:23: [ERROR] Erreur données ETHUSDT: name 'client' is not defined
2026-05-03 16:59:23: [ERROR] Erreur données ETHUSDT: name 'client' is not defined
2026-05-03 16:59:23: [ERROR] Erreur données ETHUSDT: name 'client' is not defined
2026-05-03 16:59:23: [ERROR] Erreur données ETHUSDT: name 'client' is not defined
2026-05-03 16:59:23: [ERROR] Erreur données ETHUSDT: name 'client' is not defined
2026-05-03 16:59:23: [ERROR] Erreur données ETHUSDT: name 'client' is not defined
2026-05-03 16:59:23: [ERROR] Erreur données ETHUSDT: name 'client' is not defined
2026-05-03 16:59:23: [ERROR] Erreur données ETHUSDT: name 'client' is not defined
2026-05-03 16:59:23: [ERROR] Erreur données ETHUSDT: name 'client' is not defined
2026-05-03 16:59:23: [ERROR] Erreur données ETHUSDT: name 'client' is not defined
2026-05-03 16:59:23: [ERROR] Erreur données ETHUSDT: name 'client' is not defined
2026-05-03 16:59:23: [ERROR] Erreur données ETHUSDT: name 'client' is not defined
2026-05-03 16:59:23: [ERROR] Erreur données ETHUSDT: name 'client' is not defined
2026-05-03 16:59:23: [ERROR] Erreur données ETHUSDT: name 'client' is not defined
2026-05-03 16:59:23: [ERROR] Erreur données ETHUSDT: name 'client' is not defined
2026-05-03 16:59:23: [ERROR] Erreur données ETHUSDT: name 'client' is not defined
2026-05-03 16:59:23: [ERROR] Erreur données ETHUSDT: name 'client' is not defined
2026-05-03 16:59:23: [ERROR] Erreur données ETHUSDT: name 'client' is not defined
2026-05-03 16:59:23: [ERROR] Erreur données ETHUSDT: name 'client' is not defined
2026-05-03 16:59:23: [ERROR] Erreur données BTCUSDT: name 'client' is not defined
2026-05-03 16:59:23: [ERROR] Erreur données ETHUSDT: name 'client' is not defined
2026-05-03 16:59:23: [ERROR] Erreur données BTCUSDT: name 'client' is not defined
2026-05-03 16:59:23: [ERROR] Erreur données SOLUSDT: name 'client' is not defined
2026-05-03 16:59:23: [ERROR] Erreur données BTCUSDT: name 'client' is not defined
2026-05-03 16:59:23: [ERROR] Erreur données BTCUSDT: name 'client' is not defined
2026-05-03 16:59:23: [ERROR] Erreur données ETHUSDT: name 'client' is not defined
2026-05-03 16:59:23: [ERROR] Erreur données ETHUSDT: name 'client' is not defined
2026-05-03 16:59:23: [ERROR] Erreur données SOLUSDT: name 'client' is not defined
2026-05-03 16:59:23: [ERROR] Erreur données ETHUSDT: name 'client' is not defined
2026-05-03 16:59:23: [ERROR] Erreur données ETHUSDT: name 'client' is not defined
2026-05-03 16:59:23: [ERROR] Erreur données ETHUSDT: name 'client' is not defined
2026-05-03 16:59:23: [ERROR] Erreur données ETHUSDT: name 'client' is not defined
2026-05-03 16:59:23: [ERROR] Erreur données ETHUSDT: name 'client' is not defined
2026-05-03 16:59:23: [ERROR] Erreur données ETHUSDT: name 'client' is not defined
2026-05-03 16:59:23: [ERROR] Erreur données ETHUSDT: name 'client' is not defined
2026-05-03 16:59:23: [ERROR] Erreur données ETHUSDT: name 'client' is not defined
2026-05-03 16:59:23: [ERROR] Erreur données ETHUSDT: name 'client' is not defined
2026-05-03 16:59:23: [ERROR] Erreur données ETHUSDT: name 'client' is not defined
2026-05-03 16:59:23: [ERROR] Erreur données ETHUSDT: name 'client' is not defined
2026-05-03 16:59:23: [ERROR] Erreur données ETHUSDT: name 'client' is not defined
2026-05-03 16:59:23: [ERROR] Erreur données ETHUSDT: name 'client' is not defined
2026-05-03 16:59:23: [ERROR] Erreur données ETHUSDT: name 'client' is not defined
2026-05-03 16:59:23: [ERROR] Erreur données ETHUSDT: name 'client' is not defined
2026-05-03 16:59:23: [ERROR] Erreur données ETHUSDT: name 'client' is not defined
2026-05-03 16:59:23: [ERROR] Erreur données ETHUSDT: name 'client' is not defined
2026-05-03 16:59:23: [ERROR] Erreur données ETHUSDT: name 'client' is not defined
2026-05-03 16:59:23: [ERROR] Erreur données ETHUSDT: name 'client' is not defined
2026-05-03 16:59:23: [ERROR] Erreur données ETHUSDT: name 'client' is not defined
2026-05-03 16:59:23: [ERROR] Erreur données ETHUSDT: name 'client' is not defined
2026-05-03 16:59:23: [ERROR] Erreur données ETHUSDT: name 'client' is not defined
2026-05-03 16:59:23: [ERROR] Erreur données ETHUSDT: name 'client' is not defined
2026-05-03 16:59:23: [ERROR] Erreur données ETHUSDT: name 'client' is not defined
2026-05-03 16:59:23: [ERROR] Erreur données ETHUSDT: name 'client' is not defined
2026-05-03 16:59:23: [ERROR] Erreur données ETHUSDT: name 'client' is not defined
2026-05-03 16:59:23: [ERROR] Erreur données ETHUSDT: name 'client' is not defined
2026-05-03 16:59:23: [ERROR] Erreur données ETHUSDT: name 'client' is not defined
2026-05-03 16:59:23: [ERROR] Erreur données BTCUSDT: name 'client' is not defined
2026-05-03 16:59:23: [ERROR] Erreur données BTCUSDT: name 'client' is not defined
2026-05-03 16:59:23: [ERROR] Erreur données BTCUSDT: name 'client' is not defined
2026-05-03 16:59:23: [ERROR] Erreur données BTCUSDT: name 'client' is not defined
2026-05-03 16:59:23: [ERROR] Erreur données BTCUSDT: name 'client' is not defined
2026-05-03 16:59:23: [ERROR] Erreur données ETHUSDT: name 'client' is not defined
2026-05-03 16:59:23: [ERROR] Erreur données BTCUSDT: name 'client' is not defined
2026-05-03 16:59:23: [ERROR] Erreur données ETHUSDT: name 'client' is not defined
2026-05-03 16:59:23: [ERROR] Erreur données ETHUSDT: name 'client' is not defined
2026-05-03 16:59:23: [ERROR] Erreur données ETHUSDT: name 'client' is not defined
2026-05-03 16:59:23: [ERROR] Erreur données BTCUSDT: name 'client' is not defined
2026-05-03 16:59:23: [ERROR] Erreur données ETHUSDT: name 'client' is not defined
2026-05-03 16:59:24: [ERROR] Erreur données ETHUSDT: name 'client' is not defined
2026-05-03 16:59:24: [ERROR] Erreur données ETHUSDT: name 'client' is not defined
2026-05-03 16:59:24: [ERROR] Erreur données SOLUSDT: name 'client' is not defined
2026-05-03 16:59:24: [ERROR] Erreur données BTCUSDT: name 'client' is not defined
2026-05-03 16:59:24: [ERROR] Erreur données BTCUSDT: name 'client' is not defined
2026-05-03 16:59:24: [ERROR] Erreur données ETHUSDT: name 'client' is not defined
2026-05-03 16:59:24: [ERROR] Erreur données ETHUSDT: name 'client' is not defined
2026-05-03 16:59:24: [ERROR] Erreur données ETHUSDT: name 'client' is not defined
2026-05-03 16:59:24: [ERROR] Erreur données ETHUSDT: name 'client' is not defined
2026-05-03 16:59:24: [ERROR] Erreur données ETHUSDT: name 'client' is not defined
2026-05-03 16:59:24: [ERROR] Erreur données ETHUSDT: name 'client' is not defined
2026-05-03 16:59:24: [ERROR] Erreur données ETHUSDT: name 'client' is not defined
2026-05-03 16:59:24: [ERROR] Erreur données ETHUSDT: name 'client' is not defined
2026-05-03 16:59:24: [ERROR] Erreur données ETHUSDT: name 'client' is not defined
2026-05-03 16:59:24: [ERROR] Erreur données SOLUSDT: name 'client' is not defined
2026-05-03 16:59:24: [ERROR] Erreur données SOLUSDT: name 'client' is not defined
2026-05-03 16:59:24: [ERROR] Erreur données ETHUSDT: name 'client' is not defined
2026-05-03 16:59:24: [ERROR] Erreur données ETHUSDT: name 'client' is not defined
2026-05-03 16:59:24: [ERROR] Erreur données ETHUSDT: name 'client' is not defined
2026-05-03 16:59:24: [ERROR] Erreur données ETHUSDT: name 'client' is not defined
2026-05-03 16:59:24: [ERROR] Erreur données ETHUSDT: name 'client' is not defined
2026-05-03 16:59:24: [ERROR] Erreur données ETHUSDT: name 'client' is not defined
2026-05-03 16:59:24: [ERROR] Erreur données ETHUSDT: name 'client' is not defined
2026-05-03 16:59:24: [ERROR] Erreur données ETHUSDT: name 'client' is not defined
2026-05-03 16:59:24: [ERROR] Erreur données BTCUSDT: name 'client' is not defined
2026-05-03 16:59:24: [ERROR] Erreur données BTCUSDT: name 'client' is not defined
2026-05-03 16:59:25: [ERROR] Erreur données ETHUSDT: name 'client' is not defined
2026-05-03 16:59:25: [ERROR] Erreur données ETHUSDT: name 'client' is not defined
2026-05-03 16:59:25: [ERROR] Erreur données ETHUSDT: name 'client' is not defined
2026-05-03 16:59:25: [ERROR] Erreur données ETHUSDT: name 'client' is not defined
2026-05-03 16:59:25: [ERROR] Erreur données ETHUSDT: name 'client' is not defined
2026-05-03 16:59:25: [ERROR] Erreur données ETHUSDT: name 'client' is not defined
2026-05-03 16:59:25: [ERROR] Erreur données SOLUSDT: name 'client' is not defined
2026-05-03 16:59:25: [ERROR] Erreur données SOLUSDT: name 'client' is not defined
2026-05-03 16:59:26: [ERROR] Erreur données BTCUSDT: name 'client' is not defined
2026-05-03 16:59:26: [ERROR] Erreur données BTCUSDT: name 'client' is not defined
2026-05-03 16:59:26: [ERROR] Erreur données BTCUSDT: name 'client' is not defined
2026-05-03 16:59:26: [ERROR] Erreur données ETHUSDT: name 'client' is not defined
2026-05-03 16:59:26: [ERROR] Erreur données ETHUSDT: name 'client' is not defined
2026-05-03 16:59:26: [ERROR] Erreur données ETHUSDT: name 'client' is not defined
2026-05-03 16:59:26: [ERROR] Erreur données ETHUSDT: name 'client' is not defined
2026-05-03 16:59:26: [ERROR] Erreur données ETHUSDT: name 'client' is not defined
2026-05-03 16:59:26: [ERROR] Erreur données ETHUSDT: name 'client' is not defined
2026-05-03 16:59:26: [ERROR] Erreur données ETHUSDT: name 'client' is not defined
2026-05-03 16:59:26: [ERROR] Erreur données ETHUSDT: name 'client' is not defined
2026-05-03 16:59:26: [ERROR] Erreur données ETHUSDT: name 'client' is not defined
2026-05-03 16:59:26: [ERROR] Erreur données ETHUSDT: name 'client' is not defined
2026-05-03 16:59:26: [ERROR] Erreur données ETHUSDT: name 'client' is not defined
2026-05-03 16:59:26: [ERROR] Erreur données ETHUSDT: name 'client' is not defined
2026-05-03 16:59:26: [ERROR] Erreur données ETHUSDT: name 'client' is not defined
2026-05-03 16:59:26: [ERROR] Erreur données ETHUSDT: name 'client' is not defined
2026-05-03 16:59:26: [ERROR] Erreur données ETHUSDT: name 'client' is not defined
2026-05-03 16:59:26: [ERROR] Erreur données ETHUSDT: name 'client' is not defined
2026-05-03 16:59:26: [ERROR] Erreur données ETHUSDT: name 'client' is not defined
2026-05-03 16:59:26: [ERROR] Erreur données ETHUSDT: name 'client' is not defined
2026-05-03 16:59:26: [ERROR] Erreur données ETHUSDT: name 'client' is not defined
2026-05-03 16:59:26: [ERROR] Erreur données ETHUSDT: name 'client' is not defined
2026-05-03 16:59:26: [ERROR] Erreur données ETHUSDT: name 'client' is not defined
2026-05-03 16:59:26: [ERROR] Erreur données ETHUSDT: name 'client' is not defined
2026-05-03 16:59:26: [ERROR] Erreur données ETHUSDT: name 'client' is not defined
2026-05-03 16:59:26: [ERROR] Erreur données SOLUSDT: name 'client' is not defined
2026-05-03 16:59:26: [ERROR] Erreur données SOLUSDT: name 'client' is not defined
2026-05-03 16:59:26: [ERROR] Erreur données ETHUSDT: name 'client' is not defined
2026-05-03 16:59:26: [ERROR] Erreur données SOLUSDT: name 'client' is not defined
2026-05-03 16:59:26: [ERROR] Erreur données ETHUSDT: name 'client' is not defined
2026-05-03 16:59:26: [ERROR] Erreur données ETHUSDT: name 'client' is not defined
2026-05-03 16:59:26: [ERROR] Erreur données SOLUSDT: name 'client' is not defined
2026-05-03 16:59:26: [ERROR] Erreur données SOLUSDT: name 'client' is not defined
2026-05-03 16:59:26: [ERROR] Erreur données BTCUSDT: name 'client' is not defined
2026-05-03 16:59:27: [ERROR] Erreur données ETHUSDT: name 'client' is not defined
2026-05-03 16:59:27: [ERROR] Erreur données BTCUSDT: name 'client' is not defined
2026-05-03 16:59:27: [ERROR] Erreur données ETHUSDT: name 'client' is not defined
2026-05-03 16:59:27: [ERROR] Erreur données ETHUSDT: name 'client' is not defined
2026-05-03 16:59:27: [ERROR] Erreur données ETHUSDT: name 'client' is not defined
2026-05-03 16:59:27: [ERROR] Erreur données ETHUSDT: name 'client' is not defined
2026-05-03 16:59:27: [ERROR] Erreur données SOLUSDT: name 'client' is not defined
2026-05-03 16:59:27: [ERROR] Erreur données SOLUSDT: name 'client' is not defined
2026-05-03 16:59:27: [ERROR] Erreur données SOLUSDT: name 'client' is not defined
2026-05-03 16:59:27: [ERROR] Erreur données SOLUSDT: name 'client' is not defined
2026-05-03 16:59:27: [ERROR] Erreur données SOLUSDT: name 'client' is not defined
2026-05-03 16:59:27: [ERROR] Erreur données SOLUSDT: name 'client' is not defined
2026-05-03 16:59:27: [ERROR] Erreur données SOLUSDT: name 'client' is not defined
2026-05-03 16:59:27: [ERROR] Erreur données BTCUSDT: name 'client' is not defined
2026-05-03 16:59:27: [ERROR] Erreur données SOLUSDT: name 'client' is not defined
2026-05-03 16:59:27: [ERROR] Erreur données BTCUSDT: name 'client' is not defined
2026-05-03 16:59:27: [ERROR] Erreur données ETHUSDT: name 'client' is not defined
2026-05-03 16:59:27: [ERROR] Erreur données SOLUSDT: name 'client' is not defined
2026-05-03 16:59:27: [ERROR] Erreur données BTCUSDT: name 'client' is not defined
2026-05-03 16:59:27: [ERROR] Erreur données ETHUSDT: name 'client' is not defined
2026-05-03 16:59:27: [ERROR] Erreur données BTCUSDT: name 'client' is not defined
2026-05-03 16:59:27: [ERROR] Erreur données SOLUSDT: name 'client' is not defined
2026-05-03 16:59:27: [ERROR] Erreur données SOLUSDT: name 'client' is not defined
2026-05-03 16:59:27: [ERROR] Erreur données SOLUSDT: name 'client' is not defined
2026-05-03 16:59:27: [ERROR] Erreur données SOLUSDT: name 'client' is not defined
2026-05-03 16:59:27: [ERROR] Erreur données SOLUSDT: name 'client' is not defined
2026-05-03 16:59:27: [ERROR] Erreur données ETHUSDT: name 'client' is not defined
2026-05-03 16:59:27: [ERROR] Erreur données BTCUSDT: name 'client' is not defined
2026-05-03 16:59:27: [ERROR] Erreur données SOLUSDT: name 'client' is not defined
2026-05-03 16:59:27: [ERROR] Erreur données BTCUSDT: name 'client' is not defined
2026-05-03 16:59:27: [ERROR] Erreur données ETHUSDT: name 'client' is not defined
2026-05-03 16:59:27: [ERROR] Erreur données ETHUSDT: name 'client' is not defined
2026-05-03 16:59:27: [ERROR] Erreur données BTCUSDT: name 'client' is not defined
2026-05-03 16:59:27: [ERROR] Erreur données BTCUSDT: name 'client' is not defined
2026-05-03 16:59:27: [ERROR] Erreur données ETHUSDT: name 'client' is not defined
2026-05-03 16:59:27: [ERROR] Erreur données BTCUSDT: name 'client' is not defined
2026-05-03 16:59:27: [ERROR] Erreur données ETHUSDT: name 'client' is not defined
2026-05-03 16:59:27: [ERROR] Erreur données ETHUSDT: name 'client' is not defined
2026-05-03 16:59:27: [ERROR] Erreur données ETHUSDT: name 'client' is not defined
2026-05-03 16:59:27: [ERROR] Erreur données ETHUSDT: name 'client' is not defined
2026-05-03 16:59:27: [ERROR] Erreur données ETHUSDT: name 'client' is not defined
2026-05-03 16:59:27: [ERROR] Erreur données ETHUSDT: name 'client' is not defined
2026-05-03 16:59:27: [ERROR] Erreur données ETHUSDT: name 'client' is not defined
2026-05-03 16:59:27: [ERROR] Erreur données ETHUSDT: name 'client' is not defined
2026-05-03 16:59:27: [ERROR] Erreur données BTCUSDT: name 'client' is not defined
2026-05-03 16:59:27: [ERROR] Erreur données ETHUSDT: name 'client' is not defined
2026-05-03 16:59:27: [ERROR] Erreur données BTCUSDT: name 'client' is not defined
2026-05-03 16:59:27: [ERROR] Erreur données ETHUSDT: name 'client' is not defined
2026-05-03 16:59:27: [ERROR] Erreur données ETHUSDT: name 'client' is not defined
2026-05-03 16:59:27: [ERROR] Erreur données ETHUSDT: name 'client' is not defined
2026-05-03 16:59:27: [ERROR] Erreur données ETHUSDT: name 'client' is not defined
2026-05-03 16:59:27: [ERROR] Erreur données ETHUSDT: name 'client' is not defined
2026-05-03 16:59:27: [ERROR] Erreur données ETHUSDT: name 'client' is not defined
2026-05-03 16:59:27: [ERROR] Erreur données ETHUSDT: name 'client' is not defined
2026-05-03 16:59:27: [ERROR] Erreur données ETHUSDT: name 'client' is not defined
2026-05-03 16:59:27: [ERROR] Erreur données ETHUSDT: name 'client' is not defined
2026-05-03 16:59:27: [ERROR] Erreur données ETHUSDT: name 'client' is not defined
2026-05-03 16:59:27: [ERROR] Erreur données SOLUSDT: name 'client' is not defined
2026-05-03 16:59:27: [ERROR] Erreur données ETHUSDT: name 'client' is not defined
2026-05-03 16:59:27: [ERROR] Erreur données ETHUSDT: name 'client' is not defined
2026-05-03 16:59:27: [ERROR] Erreur données ETHUSDT: name 'client' is not defined
2026-05-03 16:59:27: [ERROR] Erreur données ETHUSDT: name 'client' is not defined
2026-05-03 16:59:27: [ERROR] Erreur données SOLUSDT: name 'client' is not defined
2026-05-03 16:59:27: [ERROR] Erreur données ETHUSDT: name 'client' is not defined
2026-05-03 16:59:27: [ERROR] Erreur données ETHUSDT: name 'client' is not defined
2026-05-03 16:59:27: [ERROR] Erreur données ETHUSDT: name 'client' is not defined
2026-05-03 16:59:27: [ERROR] Erreur données SOLUSDT: name 'client' is not defined
2026-05-03 16:59:27: [ERROR] Erreur données ETHUSDT: name 'client' is not defined
2026-05-03 16:59:27: [ERROR] Erreur données SOLUSDT: name 'client' is not defined
2026-05-03 16:59:27: [ERROR] Erreur données ETHUSDT: name 'client' is not defined
2026-05-03 16:59:27: [ERROR] Erreur données SOLUSDT: name 'client' is not defined
2026-05-03 16:59:27: [ERROR] Erreur données ETHUSDT: name 'client' is not defined
2026-05-03 16:59:27: [ERROR] Erreur données SOLUSDT: name 'client' is not defined
2026-05-03 16:59:27: [ERROR] Erreur données ETHUSDT: name 'client' is not defined
2026-05-03 16:59:27: [ERROR] Erreur données ETHUSDT: name 'client' is not defined
2026-05-03 16:59:27: [ERROR] Erreur données ETHUSDT: name 'client' is not defined
2026-05-03 16:59:27: [ERROR] Erreur données ETHUSDT: name 'client' is not defined
2026-05-03 16:59:27: [ERROR] Erreur données ETHUSDT: name 'client' is not defined
2026-05-03 16:59:27: [ERROR] Erreur données ETHUSDT: name 'client' is not defined
2026-05-03 16:59:27: [ERROR] Erreur données SOLUSDT: name 'client' is not defined
2026-05-03 16:59:27: [ERROR] Erreur données ETHUSDT: name 'client' is not defined
2026-05-03 16:59:27: [ERROR] Erreur données SOLUSDT: name 'client' is not defined
2026-05-03 16:59:27: [ERROR] Erreur données ETHUSDT: name 'client' is not defined
2026-05-03 16:59:27: [ERROR] Erreur données ETHUSDT: name 'client' is not defined
2026-05-03 16:59:27: [ERROR] Erreur données SOLUSDT: name 'client' is not defined
2026-05-03 16:59:27: [ERROR] Erreur données ETHUSDT: name 'client' is not defined
2026-05-03 16:59:27: [ERROR] Erreur données ETHUSDT: name 'client' is not defined
2026-05-03 16:59:27: [ERROR] Erreur données ETHUSDT: name 'client' is not defined
2026-05-03 16:59:27: [ERROR] Erreur données ETHUSDT: name 'client' is not defined
2026-05-03 16:59:27: [ERROR] Erreur données ETHUSDT: name 'client' is not defined
2026-05-03 16:59:27: [ERROR] Erreur données ETHUSDT: name 'client' is not defined
2026-05-03 16:59:27: [ERROR] Erreur données ETHUSDT: name 'client' is not defined
2026-05-03 16:59:27: [ERROR] Erreur données ETHUSDT: name 'client' is not defined
2026-05-03 16:59:27: [ERROR] Erreur données ETHUSDT: name 'client' is not defined
2026-05-03 16:59:27: [ERROR] Erreur données ETHUSDT: name 'client' is not defined
2026-05-03 16:59:27: [ERROR] Erreur données ETHUSDT: name 'client' is not defined
2026-05-03 16:59:27: [ERROR] Erreur données SOLUSDT: name 'client' is not defined
2026-05-03 16:59:27: [ERROR] Erreur données ETHUSDT: name 'client' is not defined
2026-05-03 16:59:27: [ERROR] Erreur données SOLUSDT: name 'client' is not defined
2026-05-03 16:59:27: [ERROR] Erreur données ETHUSDT: name 'client' is not defined
2026-05-03 16:59:27: [ERROR] Erreur données SOLUSDT: name 'client' is not defined
2026-05-03 16:59:27: [ERROR] Erreur données BTCUSDT: name 'client' is not defined
2026-05-03 16:59:27: [ERROR] Erreur données ETHUSDT: name 'client' is not defined
2026-05-03 16:59:27: [ERROR] Erreur données SOLUSDT: name 'client' is not defined
2026-05-03 16:59:27: [ERROR] Erreur données ETHUSDT: name 'client' is not defined
2026-05-03 16:59:27: [ERROR] Erreur données SOLUSDT: name 'client' is not defined
2026-05-03 16:59:27: [ERROR] Erreur données SOLUSDT: name 'client' is not defined
2026-05-03 16:59:27: [ERROR] Erreur données SOLUSDT: name 'client' is not defined
2026-05-03 16:59:27: [ERROR] Erreur données SOLUSDT: name 'client' is not defined
2026-05-03 16:59:27: [ERROR] Erreur données SOLUSDT: name 'client' is not defined
2026-05-03 16:59:27: [ERROR] Erreur données ETHUSDT: name 'client' is not defined
2026-05-03 16:59:27: [ERROR] Erreur données ETHUSDT: name 'client' is not defined
2026-05-03 16:59:27: [ERROR] Erreur données ETHUSDT: name 'client' is not defined
2026-05-03 16:59:27: [ERROR] Erreur données SOLUSDT: name 'client' is not defined
2026-05-03 16:59:27: [ERROR] Erreur données BTCUSDT: name 'client' is not defined
2026-05-03 16:59:27: [ERROR] Erreur données SOLUSDT: name 'client' is not defined
2026-05-03 16:59:27: [ERROR] Erreur données BTCUSDT: name 'client' is not defined
2026-05-03 16:59:27: [ERROR] Erreur données BTCUSDT: name 'client' is not defined
2026-05-03 16:59:27: [ERROR] Erreur données SOLUSDT: name 'client' is not defined
2026-05-03 16:59:27: [ERROR] Erreur données SOLUSDT: name 'client' is not defined
2026-05-03 16:59:27: [ERROR] Erreur données ETHUSDT: name 'client' is not defined
2026-05-03 16:59:27: [ERROR] Erreur données ETHUSDT: name 'client' is not defined
2026-05-03 16:59:27: [ERROR] Erreur données ETHUSDT: name 'client' is not defined
2026-05-03 16:59:27: [ERROR] Erreur données ETHUSDT: name 'client' is not defined
2026-05-03 16:59:27: [ERROR] Erreur données ETHUSDT: name 'client' is not defined
2026-05-03 16:59:27: [ERROR] Erreur données ETHUSDT: name 'client' is not defined
2026-05-03 16:59:27: [ERROR] Erreur données ETHUSDT: name 'client' is not defined
2026-05-03 16:59:27: [ERROR] Erreur données ETHUSDT: name 'client' is not defined
2026-05-03 16:59:27: [ERROR] Erreur données ETHUSDT: name 'client' is not defined
2026-05-03 16:59:27: [ERROR] Erreur données ETHUSDT: name 'client' is not defined
2026-05-03 16:59:27: [ERROR] Erreur données ETHUSDT: name 'client' is not defined
2026-05-03 16:59:27: [ERROR] Erreur données ETHUSDT: name 'client' is not defined
2026-05-03 16:59:27: [ERROR] Erreur données ETHUSDT: name 'client' is not defined
2026-05-03 16:59:27: [ERROR] Erreur données ETHUSDT: name 'client' is not defined
2026-05-03 16:59:27: [ERROR] Erreur données ETHUSDT: name 'client' is not defined
2026-05-03 16:59:27: [ERROR] Erreur données ETHUSDT: name 'client' is not defined
2026-05-03 16:59:27: [ERROR] Erreur données ETHUSDT: name 'client' is not defined
2026-05-03 16:59:27: [ERROR] Erreur données ETHUSDT: name 'client' is not defined
2026-05-03 16:59:27: [ERROR] Erreur données ETHUSDT: name 'client' is not defined
2026-05-03 16:59:27: [ERROR] Erreur données ETHUSDT: name 'client' is not defined
2026-05-03 16:59:27: [ERROR] Erreur données ETHUSDT: name 'client' is not defined
2026-05-03 16:59:27: [ERROR] Erreur données BTCUSDT: name 'client' is not defined
2026-05-03 16:59:27: [ERROR] Erreur données ETHUSDT: name 'client' is not defined
2026-05-03 16:59:27: [ERROR] Erreur données SOLUSDT: name 'client' is not defined
2026-05-03 16:59:27: [ERROR] Erreur données ETHUSDT: name 'client' is not defined
2026-05-03 16:59:27: [ERROR] Erreur données SOLUSDT: name 'client' is not defined
2026-05-03 16:59:27: [ERROR] Erreur données BTCUSDT: name 'client' is not defined
2026-05-03 16:59:27: [ERROR] Erreur données ETHUSDT: name 'client' is not defined
2026-05-03 16:59:27: [ERROR] Erreur données SOLUSDT: name 'client' is not defined
2026-05-03 16:59:27: [ERROR] Erreur données BTCUSDT: name 'client' is not defined
2026-05-03 16:59:27: [ERROR] Erreur données ETHUSDT: name 'client' is not defined
2026-05-03 16:59:27: [ERROR] Erreur données BTCUSDT: name 'client' is not defined
2026-05-03 16:59:27: [ERROR] Erreur données ETHUSDT: name 'client' is not defined
2026-05-03 16:59:27: [ERROR] Erreur données BTCUSDT: name 'client' is not defined
2026-05-03 16:59:27: [ERROR] Erreur données SOLUSDT: name 'client' is not defined
2026-05-03 16:59:27: [ERROR] Erreur données ETHUSDT: name 'client' is not defined
2026-05-03 16:59:27: [ERROR] Erreur données BTCUSDT: name 'client' is not defined
2026-05-03 16:59:27: [ERROR] Erreur données SOLUSDT: name 'client' is not defined
2026-05-03 16:59:27: [ERROR] Erreur données ETHUSDT: name 'client' is not defined
2026-05-03 16:59:27: [ERROR] Erreur données BTCUSDT: name 'client' is not defined
2026-05-03 16:59:27: [ERROR] Erreur données SOLUSDT: name 'client' is not defined
2026-05-03 16:59:27: [ERROR] Erreur données ETHUSDT: name 'client' is not defined
2026-05-03 16:59:27: [ERROR] Erreur données ETHUSDT: name 'client' is not defined
2026-05-03 16:59:27: [ERROR] Erreur données SOLUSDT: name 'client' is not defined
2026-05-03 16:59:27: [ERROR] Erreur données BTCUSDT: name 'client' is not defined
2026-05-03 16:59:27: [ERROR] Erreur données ETHUSDT: name 'client' is not defined
2026-05-03 16:59:27: [ERROR] Erreur données SOLUSDT: name 'client' is not defined
2026-05-03 16:59:27: [ERROR] Erreur données BTCUSDT: name 'client' is not defined
2026-05-03 16:59:27: [ERROR] Erreur données ETHUSDT: name 'client' is not defined
2026-05-03 16:59:27: [ERROR] Erreur données SOLUSDT: name 'client' is not defined
2026-05-03 16:59:27: [ERROR] Erreur données BTCUSDT: name 'client' is not defined
2026-05-03 16:59:27: [ERROR] Erreur données ETHUSDT: name 'client' is not defined
2026-05-03 16:59:27: [ERROR] Erreur données SOLUSDT: name 'client' is not defined
2026-05-03 16:59:27: [ERROR] Erreur données BTCUSDT: name 'client' is not defined
2026-05-03 16:59:27: [ERROR] Erreur données ETHUSDT: name 'client' is not defined
2026-05-03 16:59:27: [ERROR] Erreur données SOLUSDT: name 'client' is not defined
2026-05-03 16:59:27: [ERROR] Erreur données BTCUSDT: name 'client' is not defined
2026-05-03 16:59:27: [ERROR] Erreur données ETHUSDT: name 'client' is not defined
2026-05-03 16:59:27: [ERROR] Erreur données SOLUSDT: name 'client' is not defined
2026-05-03 16:59:27: [ERROR] Erreur données BTCUSDT: name 'client' is not defined
2026-05-03 16:59:27: [ERROR] Erreur données ETHUSDT: name 'client' is not defined
2026-05-03 16:59:27: [ERROR] Erreur données SOLUSDT: name 'client' is not defined
2026-05-03 16:59:27: [ERROR] Erreur données BTCUSDT: name 'client' is not defined
2026-05-03 16:59:27: [ERROR] Erreur données ETHUSDT: name 'client' is not defined
2026-05-03 16:59:27: [ERROR] Erreur données SOLUSDT: name 'client' is not defined
2026-05-03 16:59:27: [ERROR] Erreur données BTCUSDT: name 'client' is not defined
2026-05-03 16:59:27: [ERROR] Erreur données ETHUSDT: name 'client' is not defined
2026-05-03 16:59:27: [ERROR] Erreur données SOLUSDT: name 'client' is not defined
2026-05-03 16:59:27: [ERROR] Erreur données BTCUSDT: name 'client' is not defined
2026-05-03 16:59:27: [ERROR] Erreur données ETHUSDT: name 'client' is not defined
2026-05-03 16:59:27: [ERROR] Erreur données SOLUSDT: name 'client' is not defined
2026-05-03 16:59:27: [ERROR] Erreur données BTCUSDT: name 'client' is not defined
2026-05-03 16:59:27: [ERROR] Erreur données ETHUSDT: name 'client' is not defined
2026-05-03 16:59:27: [ERROR] Erreur données SOLUSDT: name 'client' is not defined
2026-05-03 16:59:27: [ERROR] Erreur données BTCUSDT: name 'client' is not defined
2026-05-03 16:59:27: [ERROR] Erreur données ETHUSDT: name 'client' is not defined
2026-05-03 16:59:27: [ERROR] Erreur données SOLUSDT: name 'client' is not defined
2026-05-03 16:59:27: [ERROR] Erreur données BTCUSDT: name 'client' is not defined
2026-05-03 16:59:27: [ERROR] Erreur données SOLUSDT: name 'client' is not defined
2026-05-03 16:59:27: [ERROR] Erreur données SOLUSDT: name 'client' is not defined
2026-05-03 16:59:27: [ERROR] Erreur données ETHUSDT: name 'client' is not defined
2026-05-03 16:59:27: [ERROR] Erreur données BTCUSDT: name 'client' is not defined
2026-05-03 16:59:27: [ERROR] Erreur données SOLUSDT: name 'client' is not defined
2026-05-03 16:59:27: [ERROR] Erreur données ETHUSDT: name 'client' is not defined
2026-05-03 16:59:27: [ERROR] Erreur données BTCUSDT: name 'client' is not defined
2026-05-03 16:59:27: [ERROR] Erreur données SOLUSDT: name 'client' is not defined
2026-05-03 16:59:27: [ERROR] Erreur données ETHUSDT: name 'client' is not defined
2026-05-03 16:59:27: [ERROR] Erreur données BTCUSDT: name 'client' is not defined
2026-05-03 16:59:27: [ERROR] Erreur données SOLUSDT: name 'client' is not defined
2026-05-03 16:59:27: [ERROR] Erreur données ETHUSDT: name 'client' is not defined
2026-05-03 16:59:27: [ERROR] Erreur données BTCUSDT: name 'client' is not defined
2026-05-03 16:59:27: [ERROR] Erreur données SOLUSDT: name 'client' is not defined
2026-05-03 16:59:27: [ERROR] Erreur données ETHUSDT: name 'client' is not defined
2026-05-03 16:59:27: [ERROR] Erreur données BTCUSDT: name 'client' is not defined
2026-05-03 16:59:27: [ERROR] Erreur données SOLUSDT: name 'client' is not defined
2026-05-03 16:59:27: [ERROR] Erreur données ETHUSDT: name 'client' is not defined
2026-05-03 16:59:27: [ERROR] Erreur données BTCUSDT: name 'client' is not defined
2026-05-03 16:59:27: [ERROR] Erreur données SOLUSDT: name 'client' is not defined
2026-05-03 16:59:27: [ERROR] Erreur données ETHUSDT: name 'client' is not defined
2026-05-03 16:59:27: [ERROR] Erreur données BTCUSDT: name 'client' is not defined
2026-05-03 16:59:27: [ERROR] Erreur données SOLUSDT: name 'client' is not defined
2026-05-03 16:59:27: [ERROR] Erreur données BTCUSDT: name 'client' is not defined
2026-05-03 16:59:27: [ERROR] Erreur données ETHUSDT: name 'client' is not defined
2026-05-03 16:59:27: [ERROR] Erreur données SOLUSDT: name 'client' is not defined
2026-05-03 16:59:27: [ERROR] Erreur données BTCUSDT: name 'client' is not defined
2026-05-03 16:59:27: [ERROR] Erreur données ETHUSDT: name 'client' is not defined
2026-05-03 16:59:27: [ERROR] Erreur données SOLUSDT: name 'client' is not defined
2026-05-03 16:59:27: [ERROR] Erreur données BTCUSDT: name 'client' is not defined
2026-05-03 16:59:27: [ERROR] Erreur données ETHUSDT: name 'client' is not defined
2026-05-03 16:59:27: [ERROR] Erreur données SOLUSDT: name 'client' is not defined
2026-05-03 16:59:27: [ERROR] Erreur données BTCUSDT: name 'client' is not defined
2026-05-03 16:59:27: [ERROR] Erreur données ETHUSDT: name 'client' is not defined
2026-05-03 16:59:27: [ERROR] Erreur données SOLUSDT: name 'client' is not defined
2026-05-03 16:59:27: [ERROR] Erreur données BTCUSDT: name 'client' is not defined
2026-05-03 16:59:27: [ERROR] Erreur données ETHUSDT: name 'client' is not defined
2026-05-03 16:59:27: [ERROR] Erreur données SOLUSDT: name 'client' is not defined
2026-05-03 16:59:27: [ERROR] Erreur données BTCUSDT: name 'client' is not defined
2026-05-03 16:59:27: [ERROR] Erreur données ETHUSDT: name 'client' is not defined
2026-05-03 16:59:27: [ERROR] Erreur données SOLUSDT: name 'client' is not defined
2026-05-03 16:59:27: [ERROR] Erreur données BTCUSDT: name 'client' is not defined
2026-05-03 16:59:27: [ERROR] Erreur données ETHUSDT: name 'client' is not defined
2026-05-03 16:59:27: [ERROR] Erreur données SOLUSDT: name 'client' is not defined
2026-05-03 16:59:27: [ERROR] Erreur données ETHUSDT: name 'client' is not defined
2026-05-03 16:59:27: [ERROR] Erreur données SOLUSDT: name 'client' is not defined
2026-05-03 16:59:27: [ERROR] Erreur données ETHUSDT: name 'client' is not defined
2026-05-03 16:59:27: [ERROR] Erreur données ETHUSDT: name 'client' is not defined
2026-05-03 16:59:27: [ERROR] Erreur données SOLUSDT: name 'client' is not defined
2026-05-03 16:59:27: [ERROR] Erreur données ETHUSDT: name 'client' is not defined
2026-05-03 16:59:27: [ERROR] Erreur données SOLUSDT: name 'client' is not defined
2026-05-03 16:59:27: [ERROR] Erreur données ETHUSDT: name 'client' is not defined
2026-05-03 16:59:27: [ERROR] Erreur données SOLUSDT: name 'client' is not defined
2026-05-03 16:59:27: [ERROR] Erreur données ETHUSDT: name 'client' is not defined
2026-05-03 16:59:27: [ERROR] Erreur données SOLUSDT: name 'client' is not defined
2026-05-03 16:59:27: [ERROR] Erreur données ETHUSDT: name 'client' is not defined
2026-05-03 16:59:27: [ERROR] Erreur données SOLUSDT: name 'client' is not defined
2026-05-03 16:59:27: [ERROR] Erreur données ETHUSDT: name 'client' is not defined
2026-05-03 16:59:27: [ERROR] Erreur données SOLUSDT: name 'client' is not defined
2026-05-03 16:59:27: [ERROR] Erreur données ETHUSDT: name 'client' is not defined
2026-05-03 16:59:27: [ERROR] Erreur données SOLUSDT: name 'client' is not defined
2026-05-03 16:59:27: [ERROR] Erreur données ETHUSDT: name 'client' is not defined
2026-05-03 16:59:27: [ERROR] Erreur données SOLUSDT: name 'client' is not defined
2026-05-03 16:59:27: [ERROR] Erreur données SOLUSDT: name 'client' is not defined
2026-05-03 16:59:27: [ERROR] Erreur données ETHUSDT: name 'client' is not defined
2026-05-03 16:59:27: [ERROR] Erreur données SOLUSDT: name 'client' is not defined
2026-05-03 16:59:27: [ERROR] Erreur données ETHUSDT: name 'client' is not defined
2026-05-03 16:59:27: [ERROR] Erreur données SOLUSDT: name 'client' is not defined
2026-05-03 16:59:27: [ERROR] Erreur données ETHUSDT: name 'client' is not defined
2026-05-03 16:59:27: [ERROR] Erreur données SOLUSDT: name 'client' is not defined
2026-05-03 16:59:27: [ERROR] Erreur données ETHUSDT: name 'client' is not defined
2026-05-03 16:59:27: [ERROR] Erreur données SOLUSDT: name 'client' is not defined
2026-05-03 16:59:27: [ERROR] Erreur données ETHUSDT: name 'client' is not defined
2026-05-03 16:59:27: [ERROR] Erreur données SOLUSDT: name 'client' is not defined
2026-05-03 16:59:27: [ERROR] Erreur données ETHUSDT: name 'client' is not defined
2026-05-03 16:59:27: [ERROR] Erreur données SOLUSDT: name 'client' is not defined
2026-05-03 16:59:27: [ERROR] Erreur données ETHUSDT: name 'client' is not defined
2026-05-03 16:59:27: [ERROR] Erreur données SOLUSDT: name 'client' is not defined
2026-05-03 16:59:27: [ERROR] Erreur données ETHUSDT: name 'client' is not defined
2026-05-03 16:59:27: [ERROR] Erreur données SOLUSDT: name 'client' is not defined
2026-05-03 16:59:27: [ERROR] Erreur données ETHUSDT: name 'client' is not defined
2026-05-03 16:59:27: [ERROR] Erreur données SOLUSDT: name 'client' is not defined
2026-05-03 16:59:27: [ERROR] Erreur données ETHUSDT: name 'client' is not defined
2026-05-03 16:59:27: [ERROR] Erreur données SOLUSDT: name 'client' is not defined
2026-05-03 16:59:27: [ERROR] Erreur données ETHUSDT: name 'client' is not defined
2026-05-03 16:59:27: [ERROR] Erreur données SOLUSDT: name 'client' is not defined
2026-05-03 16:59:27: [ERROR] Erreur données ETHUSDT: name 'client' is not defined
2026-05-03 16:59:27: [ERROR] Erreur données SOLUSDT: name 'client' is not defined
2026-05-03 16:59:27: [ERROR] Erreur données ETHUSDT: name 'client' is not defined
2026-05-03 16:59:27: [ERROR] Erreur données SOLUSDT: name 'client' is not defined
2026-05-03 16:59:27: [ERROR] Erreur données ETHUSDT: name 'client' is not defined
2026-05-03 16:59:27: [ERROR] Erreur données SOLUSDT: name 'client' is not defined
2026-05-03 16:59:27: [ERROR] Erreur données ETHUSDT: name 'client' is not defined
2026-05-03 16:59:27: [ERROR] Erreur données SOLUSDT: name 'client' is not defined
2026-05-03 16:59:27: [ERROR] Erreur données ETHUSDT: name 'client' is not defined
2026-05-03 16:59:27: [ERROR] Erreur données SOLUSDT: name 'client' is not defined
2026-05-03 16:59:27: [ERROR] Erreur données SOLUSDT: name 'client' is not defined
2026-05-03 16:59:27: [ERROR] Erreur données SOLUSDT: name 'client' is not defined
2026-05-03 16:59:27: [ERROR] Erreur données SOLUSDT: name 'client' is not defined
2026-05-03 16:59:27: [ERROR] Erreur données SOLUSDT: name 'client' is not defined
2026-05-03 16:59:27: [ERROR] Erreur données SOLUSDT: name 'client' is not defined
2026-05-03 16:59:27: [ERROR] Erreur données SOLUSDT: name 'client' is not defined
2026-05-03 16:59:27: [ERROR] Erreur données SOLUSDT: name 'client' is not defined
2026-05-03 16:59:27: [ERROR] Erreur données SOLUSDT: name 'client' is not defined
2026-05-03 16:59:27: [ERROR] Erreur données SOLUSDT: name 'client' is not defined
2026-05-03 16:59:27: [ERROR] Erreur données SOLUSDT: name 'client' is not defined
2026-05-03 16:59:27: [ERROR] Erreur données SOLUSDT: name 'client' is not defined
2026-05-03 16:59:27: [ERROR] Erreur données SOLUSDT: name 'client' is not defined
2026-05-03 16:59:27: [ERROR] Erreur données SOLUSDT: name 'client' is not defined
2026-05-03 16:59:27: [ERROR] Erreur données SOLUSDT: name 'client' is not defined
2026-05-03 16:59:27: [ERROR] Erreur données SOLUSDT: name 'client' is not defined
2026-05-03 16:59:27: [ERROR] Erreur données SOLUSDT: name 'client' is not defined
2026-05-03 16:59:27: [ERROR] Erreur données SOLUSDT: name 'client' is not defined
2026-05-03 16:59:27: [ERROR] Erreur données SOLUSDT: name 'client' is not defined
2026-05-03 16:59:27: [ERROR] Erreur données SOLUSDT: name 'client' is not defined
2026-05-03 16:59:27: [ERROR] Erreur données SOLUSDT: name 'client' is not defined
2026-05-03 16:59:27: [ERROR] Erreur données SOLUSDT: name 'client' is not defined
2026-05-03 16:59:27: [ERROR] Erreur données SOLUSDT: name 'client' is not defined
2026-05-03 16:59:27: [ERROR] Erreur données SOLUSDT: name 'client' is not defined
2026-05-03 16:59:27: [ERROR] Erreur données SOLUSDT: name 'client' is not defined
2026-05-03 16:59:27: [ERROR] Erreur données SOLUSDT: name 'client' is not defined
2026-05-03 16:59:27: [ERROR] Erreur données ETHUSDT: name 'client' is not defined
2026-05-03 16:59:27: [ERROR] Erreur données ETHUSDT: name 'client' is not defined
2026-05-03 16:59:27: [ERROR] Erreur données ETHUSDT: name 'client' is not defined
2026-05-03 16:59:27: [ERROR] Erreur données ETHUSDT: name 'client' is not defined
2026-05-03 16:59:27: [ERROR] Erreur données ETHUSDT: name 'client' is not defined
2026-05-03 16:59:27: [ERROR] Erreur données ETHUSDT: name 'client' is not defined
2026-05-03 16:59:27: [ERROR] Erreur données ETHUSDT: name 'client' is not defined
2026-05-03 16:59:27: [ERROR] Erreur données ETHUSDT: name 'client' is not defined
2026-05-03 16:59:27: [ERROR] Erreur données ETHUSDT: name 'client' is not defined
2026-05-03 16:59:27: [ERROR] Erreur données BTCUSDT: name 'client' is not defined
2026-05-03 16:59:27: [ERROR] Erreur données BTCUSDT: name 'client' is not defined
2026-05-03 16:59:27: [ERROR] Erreur données BTCUSDT: name 'client' is not defined
2026-05-03 16:59:27: [ERROR] Erreur données BTCUSDT: name 'client' is not defined
2026-05-03 16:59:27: [ERROR] Erreur données BTCUSDT: name 'client' is not defined
2026-05-03 16:59:27: [ERROR] Erreur données BTCUSDT: name 'client' is not defined
2026-05-03 16:59:27: [ERROR] Erreur données BTCUSDT: name 'client' is not defined
2026-05-03 16:59:27: [ERROR] Erreur données BTCUSDT: name 'client' is not defined
2026-05-03 16:59:27: [ERROR] Erreur données BTCUSDT: name 'client' is not defined
2026-05-03 16:59:27: [ERROR] Erreur données BTCUSDT: name 'client' is not defined
2026-05-03 16:59:27: [ERROR] Erreur données BTCUSDT: name 'client' is not defined
2026-05-03 16:59:27: [ERROR] Erreur données BTCUSDT: name 'client' is not defined
2026-05-03 16:59:27: [ERROR] Erreur données BTCUSDT: name 'client' is not defined
2026-05-03 16:59:27: [ERROR] Erreur données BTCUSDT: name 'client' is not defined
2026-05-03 16:59:27: [ERROR] Erreur données BTCUSDT: name 'client' is not defined
2026-05-03 16:59:27: [ERROR] Erreur données BTCUSDT: name 'client' is not defined
2026-05-03 16:59:27: [ERROR] Erreur données ETHUSDT: name 'client' is not defined
2026-05-03 16:59:27: [ERROR] Erreur données SOLUSDT: name 'client' is not defined
2026-05-03 16:59:27: [ERROR] Erreur données SOLUSDT: name 'client' is not defined
2026-05-03 16:59:27: [ERROR] Erreur données ETHUSDT: name 'client' is not defined
2026-05-03 16:59:28: [ERROR] Erreur données BTCUSDT: name 'client' is not defined
2026-05-03 16:59:28: [ERROR] Erreur données BTCUSDT: name 'client' is not defined
2026-05-03 16:59:28: [ERROR] Erreur données BTCUSDT: name 'client' is not defined
2026-05-03 16:59:28: [ERROR] Erreur données BTCUSDT: name 'client' is not defined
2026-05-03 16:59:28: [ERROR] Erreur données BTCUSDT: name 'client' is not defined
2026-05-03 16:59:28: [ERROR] Erreur données ETHUSDT: name 'client' is not defined
2026-05-03 16:59:28: [ERROR] Erreur données BTCUSDT: name 'client' is not defined
2026-05-03 16:59:28: [ERROR] Erreur données ETHUSDT: name 'client' is not defined
2026-05-03 16:59:28: [ERROR] Erreur données SOLUSDT: name 'client' is not defined
2026-05-03 16:59:28: [ERROR] Erreur données SOLUSDT: name 'client' is not defined
2026-05-03 16:59:28: [ERROR] Erreur données SOLUSDT: name 'client' is not defined
2026-05-03 16:59:28: [ERROR] Erreur données ETHUSDT: name 'client' is not defined
2026-05-03 16:59:28: [ERROR] Erreur données ETHUSDT: name 'client' is not defined
2026-05-03 16:59:28: [ERROR] Erreur données ETHUSDT: name 'client' is not defined
2026-05-03 16:59:28: [ERROR] Erreur données ETHUSDT: name 'client' is not defined
2026-05-03 16:59:28: [ERROR] Erreur données ETHUSDT: name 'client' is not defined
2026-05-03 16:59:28: [ERROR] Erreur données ETHUSDT: name 'client' is not defined
2026-05-03 16:59:28: [ERROR] Erreur données ETHUSDT: name 'client' is not defined
2026-05-03 16:59:28: [ERROR] Erreur données ETHUSDT: name 'client' is not defined
2026-05-03 16:59:28: [ERROR] Erreur données ETHUSDT: name 'client' is not defined
2026-05-03 16:59:28: [ERROR] Erreur données ETHUSDT: name 'client' is not defined
2026-05-03 16:59:28: [ERROR] Erreur données ETHUSDT: name 'client' is not defined
2026-05-03 16:59:28: [ERROR] Erreur données ETHUSDT: name 'client' is not defined
2026-05-03 16:59:28: [ERROR] Erreur données SOLUSDT: name 'client' is not defined
2026-05-03 16:59:28: [ERROR] Erreur données ETHUSDT: name 'client' is not defined
2026-05-03 16:59:28: [ERROR] Erreur données ETHUSDT: name 'client' is not defined
2026-05-03 16:59:28: [ERROR] Erreur données ETHUSDT: name 'client' is not defined
2026-05-03 16:59:28: [ERROR] Erreur données ETHUSDT: name 'client' is not defined
2026-05-03 16:59:28: [ERROR] Erreur données ETHUSDT: name 'client' is not defined
2026-05-03 16:59:28: [ERROR] Erreur données ETHUSDT: name 'client' is not defined
2026-05-03 16:59:28: [ERROR] Erreur données ETHUSDT: name 'client' is not defined
2026-05-03 16:59:28: [ERROR] Erreur données ETHUSDT: name 'client' is not defined
2026-05-03 16:59:28: [ERROR] Erreur données ETHUSDT: name 'client' is not defined
2026-05-03 16:59:28: [ERROR] Erreur données ETHUSDT: name 'client' is not defined
2026-05-03 16:59:28: [ERROR] Erreur données ETHUSDT: name 'client' is not defined
2026-05-03 16:59:28: [ERROR] Erreur données ETHUSDT: name 'client' is not defined
2026-05-03 16:59:28: [ERROR] Erreur données ETHUSDT: name 'client' is not defined
2026-05-03 16:59:28: [ERROR] Erreur données BTCUSDT: name 'client' is not defined
2026-05-03 16:59:28: [ERROR] Erreur données ETHUSDT: name 'client' is not defined
2026-05-03 16:59:28: [ERROR] Erreur données BTCUSDT: name 'client' is not defined
2026-05-03 16:59:28: [ERROR] Erreur données ETHUSDT: name 'client' is not defined
2026-05-03 16:59:28: [ERROR] Erreur données SOLUSDT: name 'client' is not defined
2026-05-03 16:59:28: [ERROR] Erreur données ETHUSDT: name 'client' is not defined
2026-05-03 16:59:28: [ERROR] Erreur données SOLUSDT: name 'client' is not defined
2026-05-03 16:59:28: [ERROR] Erreur données BTCUSDT: name 'client' is not defined
2026-05-03 16:59:28: [ERROR] Erreur données ETHUSDT: name 'client' is not defined
2026-05-03 16:59:28: [ERROR] Erreur données BTCUSDT: name 'client' is not defined
2026-05-03 16:59:28: [ERROR] Erreur données ETHUSDT: name 'client' is not defined
2026-05-03 16:59:28: [ERROR] Erreur données BTCUSDT: name 'client' is not defined
2026-05-03 16:59:28: [ERROR] Erreur données ETHUSDT: name 'client' is not defined
2026-05-03 16:59:28: [ERROR] Erreur données BTCUSDT: name 'client' is not defined
2026-05-03 16:59:28: [ERROR] Erreur données ETHUSDT: name 'client' is not defined
2026-05-03 16:59:28: [ERROR] Erreur données BTCUSDT: name 'client' is not defined
2026-05-03 16:59:28: [ERROR] Erreur données ETHUSDT: name 'client' is not defined
2026-05-03 16:59:28: [ERROR] Erreur données BTCUSDT: name 'client' is not defined
2026-05-03 16:59:28: [ERROR] Erreur données ETHUSDT: name 'client' is not defined
2026-05-03 16:59:28: [ERROR] Erreur données BTCUSDT: name 'client' is not defined
2026-05-03 16:59:28: [ERROR] Erreur données BTCUSDT: name 'client' is not defined
2026-05-03 16:59:28: [ERROR] Erreur données BTCUSDT: name 'client' is not defined
2026-05-03 16:59:28: [ERROR] Erreur données BTCUSDT: name 'client' is not defined
2026-05-03 16:59:28: [ERROR] Erreur données BTCUSDT: name 'client' is not defined
2026-05-03 16:59:28: [ERROR] Erreur données BTCUSDT: name 'client' is not defined
2026-05-03 16:59:28: [ERROR] Erreur données ETHUSDT: name 'client' is not defined
2026-05-03 16:59:28: [ERROR] Erreur données ETHUSDT: name 'client' is not defined
2026-05-03 16:59:28: [ERROR] Erreur données ETHUSDT: name 'client' is not defined
2026-05-03 16:59:28: [ERROR] Erreur données ETHUSDT: name 'client' is not defined
2026-05-03 16:59:28: [ERROR] Erreur données ETHUSDT: name 'client' is not defined
2026-05-03 16:59:28: [ERROR] Erreur données ETHUSDT: name 'client' is not defined
2026-05-03 16:59:28: [ERROR] Erreur données ETHUSDT: name 'client' is not defined
2026-05-03 16:59:28: [ERROR] Erreur données ETHUSDT: name 'client' is not defined
2026-05-03 16:59:28: [ERROR] Erreur données ETHUSDT: name 'client' is not defined
2026-05-03 16:59:28: [ERROR] Erreur données SOLUSDT: name 'client' is not defined
2026-05-03 16:59:28: [ERROR] Erreur données BTCUSDT: name 'client' is not defined
2026-05-03 16:59:28: [ERROR] Erreur données SOLUSDT: name 'client' is not defined
2026-05-03 16:59:28: [ERROR] Erreur données SOLUSDT: name 'client' is not defined
2026-05-03 16:59:28: [ERROR] Erreur données ETHUSDT: name 'client' is not defined
2026-05-03 16:59:28: [ERROR] Erreur données ETHUSDT: name 'client' is not defined
2026-05-03 16:59:28: [ERROR] Erreur données SOLUSDT: name 'client' is not defined
2026-05-03 16:59:28: [ERROR] Erreur données BTCUSDT: name 'client' is not defined
2026-05-03 16:59:28: [ERROR] Erreur données SOLUSDT: name 'client' is not defined
2026-05-03 16:59:28: [ERROR] Erreur données SOLUSDT: name 'client' is not defined
2026-05-03 16:59:28: [ERROR] Erreur données SOLUSDT: name 'client' is not defined
2026-05-03 16:59:28: [ERROR] Erreur données ETHUSDT: name 'client' is not defined
2026-05-03 16:59:28: [ERROR] Erreur données BTCUSDT: name 'client' is not defined
2026-05-03 16:59:28: [ERROR] Erreur données BTCUSDT: name 'client' is not defined
2026-05-03 16:59:28: [ERROR] Erreur données SOLUSDT: name 'client' is not defined
2026-05-03 16:59:28: [ERROR] Erreur données SOLUSDT: name 'client' is not defined
2026-05-03 16:59:28: [ERROR] Erreur données SOLUSDT: name 'client' is not defined
2026-05-03 16:59:28: [ERROR] Erreur données SOLUSDT: name 'client' is not defined
2026-05-03 16:59:28: [ERROR] Erreur données SOLUSDT: name 'client' is not defined
2026-05-03 16:59:28: [ERROR] Erreur données SOLUSDT: name 'client' is not defined
2026-05-03 16:59:28: [ERROR] Erreur données SOLUSDT: name 'client' is not defined
2026-05-03 16:59:28: [ERROR] Erreur données SOLUSDT: name 'client' is not defined
2026-05-03 16:59:28: [ERROR] Erreur données SOLUSDT: name 'client' is not defined
2026-05-03 16:59:28: [ERROR] Erreur données BTCUSDT: name 'client' is not defined
2026-05-03 16:59:28: [ERROR] Erreur données BTCUSDT: name 'client' is not defined
2026-05-03 16:59:28: [ERROR] Erreur données SOLUSDT: name 'client' is not defined
2026-05-03 16:59:28: [ERROR] Erreur données SOLUSDT: name 'client' is not defined
2026-05-03 16:59:28: [ERROR] Erreur données SOLUSDT: name 'client' is not defined
2026-05-03 16:59:28: [ERROR] Erreur données ETHUSDT: name 'client' is not defined
2026-05-03 16:59:28: [ERROR] Erreur données ETHUSDT: name 'client' is not defined
2026-05-03 16:59:28: [ERROR] Erreur données ETHUSDT: name 'client' is not defined
2026-05-03 16:59:28: [ERROR] Erreur données ETHUSDT: name 'client' is not defined
2026-05-03 16:59:28: [ERROR] Erreur données ETHUSDT: name 'client' is not defined
2026-05-03 16:59:28: [ERROR] Erreur données ETHUSDT: name 'client' is not defined
2026-05-03 16:59:28: [ERROR] Erreur données ETHUSDT: name 'client' is not defined
2026-05-03 16:59:28: [ERROR] Erreur données ETHUSDT: name 'client' is not defined
2026-05-03 16:59:28: [ERROR] Erreur données ETHUSDT: name 'client' is not defined
2026-05-03 16:59:28: [ERROR] Erreur données ETHUSDT: name 'client' is not defined
2026-05-03 16:59:28: [ERROR] Erreur données ETHUSDT: name 'client' is not defined
2026-05-03 16:59:28: [ERROR] Erreur données ETHUSDT: name 'client' is not defined
2026-05-03 16:59:28: [ERROR] Erreur données ETHUSDT: name 'client' is not defined
2026-05-03 16:59:28: [ERROR] Erreur données ETHUSDT: name 'client' is not defined
2026-05-03 16:59:28: [ERROR] Erreur données ETHUSDT: name 'client' is not defined
2026-05-03 16:59:28: [ERROR] Erreur données ETHUSDT: name 'client' is not defined
2026-05-03 16:59:28: [ERROR] Erreur données ETHUSDT: name 'client' is not defined
2026-05-03 16:59:28: [ERROR] Erreur données ETHUSDT: name 'client' is not defined
2026-05-03 16:59:28: [ERROR] Erreur données ETHUSDT: name 'client' is not defined
2026-05-03 16:59:28: [ERROR] Erreur données ETHUSDT: name 'client' is not defined
2026-05-03 16:59:28: [ERROR] Erreur données ETHUSDT: name 'client' is not defined
2026-05-03 16:59:28: [ERROR] Erreur données ETHUSDT: name 'client' is not defined
2026-05-03 16:59:28: [ERROR] Erreur données ETHUSDT: name 'client' is not defined
2026-05-03 16:59:28: [ERROR] Erreur données ETHUSDT: name 'client' is not defined
2026-05-03 16:59:28: [ERROR] Erreur données ETHUSDT: name 'client' is not defined
2026-05-03 16:59:28: [ERROR] Erreur données ETHUSDT: name 'client' is not defined
2026-05-03 16:59:28: [ERROR] Erreur données ETHUSDT: name 'client' is not defined
2026-05-03 16:59:28: [ERROR] Erreur données ETHUSDT: name 'client' is not defined
2026-05-03 16:59:28: [ERROR] Erreur données ETHUSDT: name 'client' is not defined
2026-05-03 16:59:28: [ERROR] Erreur données ETHUSDT: name 'client' is not defined
2026-05-03 16:59:28: [ERROR] Erreur données ETHUSDT: name 'client' is not defined
2026-05-03 16:59:28: [ERROR] Erreur données ETHUSDT: name 'client' is not defined
2026-05-03 16:59:28: [ERROR] Erreur données ETHUSDT: name 'client' is not defined
2026-05-03 16:59:28: [ERROR] Erreur données ETHUSDT: name 'client' is not defined
2026-05-03 16:59:28: [ERROR] Erreur données ETHUSDT: name 'client' is not defined
2026-05-03 16:59:28: [ERROR] Erreur données ETHUSDT: name 'client' is not defined
2026-05-03 16:59:28: [ERROR] Erreur données ETHUSDT: name 'client' is not defined
2026-05-03 16:59:28: [ERROR] Erreur données ETHUSDT: name 'client' is not defined
2026-05-03 16:59:28: [ERROR] Erreur données ETHUSDT: name 'client' is not defined
2026-05-03 16:59:28: [ERROR] Erreur données ETHUSDT: name 'client' is not defined
2026-05-03 16:59:28: [ERROR] Erreur données ETHUSDT: name 'client' is not defined
2026-05-03 16:59:28: [ERROR] Erreur données ETHUSDT: name 'client' is not defined
2026-05-03 16:59:28: [ERROR] Erreur données ETHUSDT: name 'client' is not defined
2026-05-03 16:59:28: [ERROR] Erreur données ETHUSDT: name 'client' is not defined
2026-05-03 16:59:28: [ERROR] Erreur données ETHUSDT: name 'client' is not defined
2026-05-03 16:59:28: [ERROR] Erreur données ETHUSDT: name 'client' is not defined
2026-05-03 16:59:28: [ERROR] Erreur données ETHUSDT: name 'client' is not defined
2026-05-03 16:59:28: [ERROR] Erreur données ETHUSDT: name 'client' is not defined
2026-05-03 16:59:28: [ERROR] Erreur données ETHUSDT: name 'client' is not defined
2026-05-03 16:59:28: [ERROR] Erreur données ETHUSDT: name 'client' is not defined
2026-05-03 16:59:28: [ERROR] Erreur données ETHUSDT: name 'client' is not defined
2026-05-03 16:59:28: [ERROR] Erreur données ETHUSDT: name 'client' is not defined
2026-05-03 16:59:28: [ERROR] Erreur données ETHUSDT: name 'client' is not defined
2026-05-03 16:59:28: [ERROR] Erreur données ETHUSDT: name 'client' is not defined
2026-05-03 16:59:28: [ERROR] Erreur données ETHUSDT: name 'client' is not defined
2026-05-03 16:59:28: [ERROR] Erreur données ETHUSDT: name 'client' is not defined
2026-05-03 16:59:28: [ERROR] Erreur données ETHUSDT: name 'client' is not defined
2026-05-03 16:59:28: [ERROR] Erreur données ETHUSDT: name 'client' is not defined
2026-05-03 16:59:28: [ERROR] Erreur données ETHUSDT: name 'client' is not defined
2026-05-03 16:59:28: [ERROR] Erreur données ETHUSDT: name 'client' is not defined
2026-05-03 16:59:28: [ERROR] Erreur données ETHUSDT: name 'client' is not defined
2026-05-03 16:59:28: [ERROR] Erreur données ETHUSDT: name 'client' is not defined
2026-05-03 16:59:28: [ERROR] Erreur données ETHUSDT: name 'client' is not defined
2026-05-03 16:59:28: [ERROR] Erreur données ETHUSDT: name 'client' is not defined
2026-05-03 16:59:28: [ERROR] Erreur données ETHUSDT: name 'client' is not defined
2026-05-03 16:59:28: [ERROR] Erreur données ETHUSDT: name 'client' is not defined
2026-05-03 16:59:28: [ERROR] Erreur données SOLUSDT: name 'client' is not defined
2026-05-03 16:59:28: [ERROR] Erreur données ETHUSDT: name 'client' is not defined
2026-05-03 16:59:28: [ERROR] Erreur données ETHUSDT: name 'client' is not defined
2026-05-03 16:59:28: [ERROR] Erreur données ETHUSDT: name 'client' is not defined
2026-05-03 16:59:28: [ERROR] Erreur données ETHUSDT: name 'client' is not defined
2026-05-03 16:59:28: [ERROR] Erreur données ETHUSDT: name 'client' is not defined
2026-05-03 16:59:28: [ERROR] Erreur données ETHUSDT: name 'client' is not defined
2026-05-03 16:59:28: [ERROR] Erreur données ETHUSDT: name 'client' is not defined
2026-05-03 16:59:28: [ERROR] Erreur données ETHUSDT: name 'client' is not defined
2026-05-03 16:59:28: [ERROR] Erreur données ETHUSDT: name 'client' is not defined
2026-05-03 16:59:28: [ERROR] Erreur données ETHUSDT: name 'client' is not defined
2026-05-03 16:59:28: [ERROR] Erreur données ETHUSDT: name 'client' is not defined
2026-05-03 16:59:28: [ERROR] Erreur données BTCUSDT: name 'client' is not defined
2026-05-03 16:59:28: [ERROR] Erreur données ETHUSDT: name 'client' is not defined
2026-05-03 16:59:28: [ERROR] Erreur données ETHUSDT: name 'client' is not defined
2026-05-03 16:59:28: [ERROR] Erreur données ETHUSDT: name 'client' is not defined
2026-05-03 16:59:28: [ERROR] Erreur données ETHUSDT: name 'client' is not defined
2026-05-03 16:59:28: [ERROR] Erreur données ETHUSDT: name 'client' is not defined
2026-05-03 16:59:28: [ERROR] Erreur données ETHUSDT: name 'client' is not defined
2026-05-03 16:59:28: [ERROR] Erreur données ETHUSDT: name 'client' is not defined
2026-05-03 16:59:28: [ERROR] Erreur données ETHUSDT: name 'client' is not defined
2026-05-03 16:59:28: [ERROR] Erreur données ETHUSDT: name 'client' is not defined
2026-05-03 16:59:28: [ERROR] Erreur données ETHUSDT: name 'client' is not defined
2026-05-03 16:59:28: [ERROR] Erreur données ETHUSDT: name 'client' is not defined
2026-05-03 16:59:28: [ERROR] Erreur données ETHUSDT: name 'client' is not defined
2026-05-03 16:59:28: [ERROR] Erreur données ETHUSDT: name 'client' is not defined
2026-05-03 16:59:28: [ERROR] Erreur données ETHUSDT: name 'client' is not defined
2026-05-03 16:59:28: [ERROR] Erreur données ETHUSDT: name 'client' is not defined
2026-05-03 16:59:28: [ERROR] Erreur données ETHUSDT: name 'client' is not defined
2026-05-03 16:59:28: [ERROR] Erreur données ETHUSDT: name 'client' is not defined
2026-05-03 16:59:28: [ERROR] Erreur données ETHUSDT: name 'client' is not defined
2026-05-03 16:59:28: [ERROR] Erreur données ETHUSDT: name 'client' is not defined
2026-05-03 16:59:28: [ERROR] Erreur données ETHUSDT: name 'client' is not defined
2026-05-03 16:59:28: [ERROR] Erreur données ETHUSDT: name 'client' is not defined
2026-05-03 16:59:28: [ERROR] Erreur données ETHUSDT: name 'client' is not defined
2026-05-03 16:59:28: [ERROR] Erreur données ETHUSDT: name 'client' is not defined
2026-05-03 16:59:28: [ERROR] Erreur données ETHUSDT: name 'client' is not defined
2026-05-03 16:59:28: [ERROR] Erreur données ETHUSDT: name 'client' is not defined
2026-05-03 16:59:28: [ERROR] Erreur données SOLUSDT: name 'client' is not defined
2026-05-03 16:59:28: [ERROR] Erreur données BTCUSDT: name 'client' is not defined
2026-05-03 16:59:28: [ERROR] Erreur données ETHUSDT: name 'client' is not defined
2026-05-03 16:59:28: [ERROR] Erreur données BTCUSDT: name 'client' is not defined
2026-05-03 16:59:28: [ERROR] Erreur données BTCUSDT: name 'client' is not defined
2026-05-03 16:59:28: [ERROR] Erreur données ETHUSDT: name 'client' is not defined
2026-05-03 16:59:28: [ERROR] Erreur données BTCUSDT: name 'client' is not defined
2026-05-03 16:59:28: [ERROR] Erreur données BTCUSDT: name 'client' is not defined
2026-05-03 16:59:28: [ERROR] Erreur données BTCUSDT: name 'client' is not defined
2026-05-03 16:59:28: [ERROR] Erreur données BTCUSDT: name 'client' is not defined
2026-05-03 16:59:29: [ERROR] Erreur données ETHUSDT: name 'client' is not defined
2026-05-03 16:59:29: [ERROR] Erreur données BTCUSDT: name 'client' is not defined
2026-05-03 16:59:29: [ERROR] Erreur données BTCUSDT: name 'client' is not defined
2026-05-03 16:59:29: [ERROR] Erreur données SOLUSDT: name 'client' is not defined
2026-05-03 16:59:29: [ERROR] Erreur données SOLUSDT: name 'client' is not defined
2026-05-03 16:59:29: [ERROR] Erreur données SOLUSDT: name 'client' is not defined
2026-05-03 16:59:29: [ERROR] Erreur données SOLUSDT: name 'client' is not defined
2026-05-03 16:59:29: [ERROR] Erreur données ETHUSDT: name 'client' is not defined
2026-05-03 16:59:29: [ERROR] Erreur données ETHUSDT: name 'client' is not defined
2026-05-03 16:59:29: [ERROR] Erreur données ETHUSDT: name 'client' is not defined
2026-05-03 16:59:29: [ERROR] Erreur données ETHUSDT: name 'client' is not defined
2026-05-03 16:59:29: [ERROR] Erreur données ETHUSDT: name 'client' is not defined
2026-05-03 16:59:29: [ERROR] Erreur données ETHUSDT: name 'client' is not defined
2026-05-03 16:59:29: [ERROR] Erreur données SOLUSDT: name 'client' is not defined
2026-05-03 16:59:29: [ERROR] Erreur données ETHUSDT: name 'client' is not defined
2026-05-03 16:59:29: [ERROR] Erreur données SOLUSDT: name 'client' is not defined
2026-05-03 16:59:29: [ERROR] Erreur données ETHUSDT: name 'client' is not defined
2026-05-03 16:59:29: [ERROR] Erreur données ETHUSDT: name 'client' is not defined
2026-05-03 16:59:29: [ERROR] Erreur données BTCUSDT: name 'client' is not defined
2026-05-03 16:59:29: [ERROR] Erreur données ETHUSDT: name 'client' is not defined
2026-05-03 16:59:29: [ERROR] Erreur données BTCUSDT: name 'client' is not defined
2026-05-03 16:59:29: [ERROR] Erreur données ETHUSDT: name 'client' is not defined
2026-05-03 16:59:29: [ERROR] Erreur données ETHUSDT: name 'client' is not defined
2026-05-03 16:59:29: [ERROR] Erreur données BTCUSDT: name 'client' is not defined
2026-05-03 16:59:29: [ERROR] Erreur données ETHUSDT: name 'client' is not defined
2026-05-03 16:59:29: [ERROR] Erreur données SOLUSDT: name 'client' is not defined
2026-05-03 16:59:29: [ERROR] Erreur données BTCUSDT: name 'client' is not defined
2026-05-03 16:59:29: [ERROR] Erreur données ETHUSDT: name 'client' is not defined
2026-05-03 16:59:29: [ERROR] Erreur données BTCUSDT: name 'client' is not defined
2026-05-03 16:59:29: [ERROR] Erreur données ETHUSDT: name 'client' is not defined
2026-05-03 16:59:29: [ERROR] Erreur données BTCUSDT: name 'client' is not defined
2026-05-03 16:59:29: [ERROR] Erreur données SOLUSDT: name 'client' is not defined
2026-05-03 16:59:29: [ERROR] Erreur données ETHUSDT: name 'client' is not defined
2026-05-03 16:59:29: [ERROR] Erreur données SOLUSDT: name 'client' is not defined
2026-05-03 16:59:29: [ERROR] Erreur données ETHUSDT: name 'client' is not defined
2026-05-03 16:59:29: [ERROR] Erreur données BTCUSDT: name 'client' is not defined
2026-05-03 16:59:29: [ERROR] Erreur données SOLUSDT: name 'client' is not defined
2026-05-03 16:59:29: [ERROR] Erreur données ETHUSDT: name 'client' is not defined
2026-05-03 16:59:29: [ERROR] Erreur données BTCUSDT: name 'client' is not defined
2026-05-03 16:59:29: [ERROR] Erreur données SOLUSDT: name 'client' is not defined
2026-05-03 16:59:29: [ERROR] Erreur données ETHUSDT: name 'client' is not defined
2026-05-03 16:59:29: [ERROR] Erreur données SOLUSDT: name 'client' is not defined
2026-05-03 16:59:29: [ERROR] Erreur données BTCUSDT: name 'client' is not defined
2026-05-03 16:59:29: [ERROR] Erreur données ETHUSDT: name 'client' is not defined
2026-05-03 16:59:29: [ERROR] Erreur données SOLUSDT: name 'client' is not defined
2026-05-03 16:59:29: [ERROR] Erreur données BTCUSDT: name 'client' is not defined
2026-05-03 16:59:29: [ERROR] Erreur données ETHUSDT: name 'client' is not defined
2026-05-03 16:59:29: [ERROR] Erreur données SOLUSDT: name 'client' is not defined
2026-05-03 16:59:29: [ERROR] Erreur données BTCUSDT: name 'client' is not defined
2026-05-03 16:59:29: [ERROR] Erreur données ETHUSDT: name 'client' is not defined
2026-05-03 16:59:29: [ERROR] Erreur données SOLUSDT: name 'client' is not defined
2026-05-03 16:59:29: [ERROR] Erreur données BTCUSDT: name 'client' is not defined
2026-05-03 16:59:29: [ERROR] Erreur données ETHUSDT: name 'client' is not defined
2026-05-03 16:59:29: [ERROR] Erreur données SOLUSDT: name 'client' is not defined
2026-05-03 16:59:29: [ERROR] Erreur données BTCUSDT: name 'client' is not defined
2026-05-03 16:59:29: [ERROR] Erreur données ETHUSDT: name 'client' is not defined
2026-05-03 16:59:29: [ERROR] Erreur données SOLUSDT: name 'client' is not defined
2026-05-03 16:59:29: [ERROR] Erreur données BTCUSDT: name 'client' is not defined
2026-05-03 16:59:29: [ERROR] Erreur données BTCUSDT: name 'client' is not defined
2026-05-03 16:59:29: [ERROR] Erreur données ETHUSDT: name 'client' is not defined
2026-05-03 16:59:29: [ERROR] Erreur données BTCUSDT: name 'client' is not defined
2026-05-03 16:59:29: [ERROR] Erreur données SOLUSDT: name 'client' is not defined
2026-05-03 16:59:29: [ERROR] Erreur données ETHUSDT: name 'client' is not defined
2026-05-03 16:59:29: [ERROR] Erreur données BTCUSDT: name 'client' is not defined
2026-05-03 16:59:29: [ERROR] Erreur données SOLUSDT: name 'client' is not defined
2026-05-03 16:59:29: [ERROR] Erreur données ETHUSDT: name 'client' is not defined
2026-05-03 16:59:29: [ERROR] Erreur données SOLUSDT: name 'client' is not defined
2026-05-03 16:59:29: [ERROR] Erreur données BTCUSDT: name 'client' is not defined
2026-05-03 16:59:29: [ERROR] Erreur données ETHUSDT: name 'client' is not defined
2026-05-03 16:59:29: [ERROR] Erreur données SOLUSDT: name 'client' is not defined
2026-05-03 16:59:29: [ERROR] Erreur données BTCUSDT: name 'client' is not defined
2026-05-03 16:59:29: [ERROR] Erreur données ETHUSDT: name 'client' is not defined
2026-05-03 16:59:29: [ERROR] Erreur données SOLUSDT: name 'client' is not defined
2026-05-03 16:59:29: [ERROR] Erreur données BTCUSDT: name 'client' is not defined
2026-05-03 16:59:29: [ERROR] Erreur données ETHUSDT: name 'client' is not defined
2026-05-03 16:59:29: [ERROR] Erreur données SOLUSDT: name 'client' is not defined
2026-05-03 16:59:29: [ERROR] Erreur données BTCUSDT: name 'client' is not defined
2026-05-03 16:59:29: [ERROR] Erreur données ETHUSDT: name 'client' is not defined
2026-05-03 16:59:29: [ERROR] Erreur données SOLUSDT: name 'client' is not defined
2026-05-03 16:59:29: [ERROR] Erreur données BTCUSDT: name 'client' is not defined
2026-05-03 16:59:29: [ERROR] Erreur données ETHUSDT: name 'client' is not defined
2026-05-03 16:59:29: [ERROR] Erreur données SOLUSDT: name 'client' is not defined
2026-05-03 16:59:29: [ERROR] Erreur données ETHUSDT: name 'client' is not defined
2026-05-03 16:59:29: [ERROR] Erreur données SOLUSDT: name 'client' is not defined
2026-05-03 16:59:29: [ERROR] Erreur données ETHUSDT: name 'client' is not defined
2026-05-03 16:59:29: [ERROR] Erreur données SOLUSDT: name 'client' is not defined
2026-05-03 16:59:29: [ERROR] Erreur données ETHUSDT: name 'client' is not defined
2026-05-03 16:59:29: [ERROR] Erreur données BTCUSDT: name 'client' is not defined
2026-05-03 16:59:29: [ERROR] Erreur données SOLUSDT: name 'client' is not defined
2026-05-03 16:59:29: [ERROR] Erreur données ETHUSDT: name 'client' is not defined
2026-05-03 16:59:29: [ERROR] Erreur données BTCUSDT: name 'client' is not defined
2026-05-03 16:59:29: [ERROR] Erreur données SOLUSDT: name 'client' is not defined
2026-05-03 16:59:29: [ERROR] Erreur données ETHUSDT: name 'client' is not defined
2026-05-03 16:59:29: [ERROR] Erreur données BTCUSDT: name 'client' is not defined
2026-05-03 16:59:29: [ERROR] Erreur données SOLUSDT: name 'client' is not defined
2026-05-03 16:59:29: [ERROR] Erreur données ETHUSDT: name 'client' is not defined
2026-05-03 16:59:29: [ERROR] Erreur données BTCUSDT: name 'client' is not defined
2026-05-03 16:59:29: [ERROR] Erreur données SOLUSDT: name 'client' is not defined
2026-05-03 16:59:29: [ERROR] Erreur données ETHUSDT: name 'client' is not defined
2026-05-03 16:59:29: [ERROR] Erreur données BTCUSDT: name 'client' is not defined
2026-05-03 16:59:29: [ERROR] Erreur données SOLUSDT: name 'client' is not defined
2026-05-03 16:59:29: [ERROR] Erreur données ETHUSDT: name 'client' is not defined
2026-05-03 16:59:29: [ERROR] Erreur données SOLUSDT: name 'client' is not defined
2026-05-03 16:59:29: [ERROR] Erreur données BTCUSDT: name 'client' is not defined
2026-05-03 16:59:29: [ERROR] Erreur données ETHUSDT: name 'client' is not defined
2026-05-03 16:59:29: [ERROR] Erreur données SOLUSDT: name 'client' is not defined
2026-05-03 16:59:29: [ERROR] Erreur données BTCUSDT: name 'client' is not defined
2026-05-03 16:59:29: [ERROR] Erreur données ETHUSDT: name 'client' is not defined
2026-05-03 16:59:29: [ERROR] Erreur données BTCUSDT: name 'client' is not defined
2026-05-03 16:59:29: [ERROR] Erreur données SOLUSDT: name 'client' is not defined
2026-05-03 16:59:29: [ERROR] Erreur données ETHUSDT: name 'client' is not defined
2026-05-03 16:59:29: [ERROR] Erreur données BTCUSDT: name 'client' is not defined
2026-05-03 16:59:29: [ERROR] Erreur données SOLUSDT: name 'client' is not defined
2026-05-03 16:59:29: [ERROR] Erreur données ETHUSDT: name 'client' is not defined
2026-05-03 16:59:29: [ERROR] Erreur données BTCUSDT: name 'client' is not defined
2026-05-03 16:59:29: [ERROR] Erreur données SOLUSDT: name 'client' is not defined
2026-05-03 16:59:29: [ERROR] Erreur données ETHUSDT: name 'client' is not defined
2026-05-03 16:59:29: [ERROR] Erreur données BTCUSDT: name 'client' is not defined
2026-05-03 16:59:29: [ERROR] Erreur données SOLUSDT: name 'client' is not defined
2026-05-03 16:59:29: [ERROR] Erreur données ETHUSDT: name 'client' is not defined
2026-05-03 16:59:29: [ERROR] Erreur données BTCUSDT: name 'client' is not defined
2026-05-03 16:59:29: [ERROR] Erreur données SOLUSDT: name 'client' is not defined
2026-05-03 16:59:29: [ERROR] Erreur données ETHUSDT: name 'client' is not defined
2026-05-03 16:59:29: [ERROR] Erreur données BTCUSDT: name 'client' is not defined
2026-05-03 16:59:29: [ERROR] Erreur données SOLUSDT: name 'client' is not defined
2026-05-03 16:59:29: [ERROR] Erreur données ETHUSDT: name 'client' is not defined
2026-05-03 16:59:29: [ERROR] Erreur données BTCUSDT: name 'client' is not defined
2026-05-03 16:59:29: [ERROR] Erreur données SOLUSDT: name 'client' is not defined
2026-05-03 16:59:29: [ERROR] Erreur données BTCUSDT: name 'client' is not defined
2026-05-03 16:59:29: [ERROR] Erreur données SOLUSDT: name 'client' is not defined
2026-05-03 16:59:29: [ERROR] Erreur données BTCUSDT: name 'client' is not defined
2026-05-03 16:59:29: [ERROR] Erreur données SOLUSDT: name 'client' is not defined
2026-05-03 16:59:29: [ERROR] Erreur données ETHUSDT: name 'client' is not defined
2026-05-03 16:59:29: [ERROR] Erreur données BTCUSDT: name 'client' is not defined
2026-05-03 16:59:29: [ERROR] Erreur données SOLUSDT: name 'client' is not defined
2026-05-03 16:59:29: [ERROR] Erreur données ETHUSDT: name 'client' is not defined
2026-05-03 16:59:29: [ERROR] Erreur données BTCUSDT: name 'client' is not defined
2026-05-03 16:59:29: [ERROR] Erreur données SOLUSDT: name 'client' is not defined
2026-05-03 16:59:29: [ERROR] Erreur données ETHUSDT: name 'client' is not defined
2026-05-03 16:59:29: [ERROR] Erreur données BTCUSDT: name 'client' is not defined
2026-05-03 16:59:29: [ERROR] Erreur données SOLUSDT: name 'client' is not defined
2026-05-03 16:59:29: [ERROR] Erreur données ETHUSDT: name 'client' is not defined
2026-05-03 16:59:29: [ERROR] Erreur données BTCUSDT: name 'client' is not defined
2026-05-03 16:59:29: [ERROR] Erreur données SOLUSDT: name 'client' is not defined
2026-05-03 16:59:29: [ERROR] Erreur données ETHUSDT: name 'client' is not defined
2026-05-03 16:59:29: [ERROR] Erreur données BTCUSDT: name 'client' is not defined
2026-05-03 16:59:29: [ERROR] Erreur données SOLUSDT: name 'client' is not defined
2026-05-03 16:59:29: [ERROR] Erreur données ETHUSDT: name 'client' is not defined
2026-05-03 16:59:29: [ERROR] Erreur données BTCUSDT: name 'client' is not defined
2026-05-03 16:59:29: [ERROR] Erreur données SOLUSDT: name 'client' is not defined
2026-05-03 16:59:29: [ERROR] Erreur données ETHUSDT: name 'client' is not defined
2026-05-03 16:59:29: [ERROR] Erreur données BTCUSDT: name 'client' is not defined
2026-05-03 16:59:29: [ERROR] Erreur données ETHUSDT: name 'client' is not defined
2026-05-03 16:59:29: [ERROR] Erreur données BTCUSDT: name 'client' is not defined
2026-05-03 16:59:29: [ERROR] Erreur données ETHUSDT: name 'client' is not defined
2026-05-03 16:59:29: [ERROR] Erreur données SOLUSDT: name 'client' is not defined
2026-05-03 16:59:29: [ERROR] Erreur données BTCUSDT: name 'client' is not defined
2026-05-03 16:59:29: [ERROR] Erreur données ETHUSDT: name 'client' is not defined
2026-05-03 16:59:29: [ERROR] Erreur données SOLUSDT: name 'client' is not defined
2026-05-03 16:59:29: [ERROR] Erreur données BTCUSDT: name 'client' is not defined
2026-05-03 16:59:29: [ERROR] Erreur données ETHUSDT: name 'client' is not defined
2026-05-03 16:59:29: [ERROR] Erreur données SOLUSDT: name 'client' is not defined
2026-05-03 16:59:29: [ERROR] Erreur données BTCUSDT: name 'client' is not defined
2026-05-03 16:59:29: [ERROR] Erreur données ETHUSDT: name 'client' is not defined
2026-05-03 16:59:29: [ERROR] Erreur données SOLUSDT: name 'client' is not defined
2026-05-03 16:59:29: [ERROR] Erreur données BTCUSDT: name 'client' is not defined
2026-05-03 16:59:29: [ERROR] Erreur données ETHUSDT: name 'client' is not defined
2026-05-03 16:59:29: [ERROR] Erreur données SOLUSDT: name 'client' is not defined
2026-05-03 16:59:29: [ERROR] Erreur données BTCUSDT: name 'client' is not defined
2026-05-03 16:59:29: [ERROR] Erreur données ETHUSDT: name 'client' is not defined
2026-05-03 16:59:29: [ERROR] Erreur données SOLUSDT: name 'client' is not defined
2026-05-03 16:59:29: [ERROR] Erreur données BTCUSDT: name 'client' is not defined
2026-05-03 16:59:29: [ERROR] Erreur données ETHUSDT: name 'client' is not defined
2026-05-03 16:59:29: [ERROR] Erreur données SOLUSDT: name 'client' is not defined
2026-05-03 16:59:29: [ERROR] Erreur données BTCUSDT: name 'client' is not defined
2026-05-03 16:59:29: [ERROR] Erreur données ETHUSDT: name 'client' is not defined
2026-05-03 16:59:29: [ERROR] Erreur données SOLUSDT: name 'client' is not defined
2026-05-03 16:59:29: [ERROR] Erreur données BTCUSDT: name 'client' is not defined
2026-05-03 16:59:29: [ERROR] Erreur données SOLUSDT: name 'client' is not defined
2026-05-03 16:59:29: [ERROR] Erreur données ETHUSDT: name 'client' is not defined
2026-05-03 16:59:29: [ERROR] Erreur données SOLUSDT: name 'client' is not defined
2026-05-03 16:59:29: [ERROR] Erreur données ETHUSDT: name 'client' is not defined
2026-05-03 16:59:29: [ERROR] Erreur données SOLUSDT: name 'client' is not defined
2026-05-03 16:59:29: [ERROR] Erreur données BTCUSDT: name 'client' is not defined
2026-05-03 16:59:29: [ERROR] Erreur données ETHUSDT: name 'client' is not defined
2026-05-03 16:59:29: [ERROR] Erreur données SOLUSDT: name 'client' is not defined
2026-05-03 16:59:29: [ERROR] Erreur données BTCUSDT: name 'client' is not defined
2026-05-03 16:59:29: [ERROR] Erreur données ETHUSDT: name 'client' is not defined
2026-05-03 16:59:29: [ERROR] Erreur données SOLUSDT: name 'client' is not defined
2026-05-03 16:59:29: [ERROR] Erreur données BTCUSDT: name 'client' is not defined
2026-05-03 16:59:29: [ERROR] Erreur données ETHUSDT: name 'client' is not defined
2026-05-03 16:59:29: [ERROR] Erreur données SOLUSDT: name 'client' is not defined
2026-05-03 16:59:29: [ERROR] Erreur données BTCUSDT: name 'client' is not defined
2026-05-03 16:59:29: [ERROR] Erreur données ETHUSDT: name 'client' is not defined
2026-05-03 16:59:29: [ERROR] Erreur données SOLUSDT: name 'client' is not defined
2026-05-03 16:59:29: [ERROR] Erreur données BTCUSDT: name 'client' is not defined
2026-05-03 16:59:29: [ERROR] Erreur données ETHUSDT: name 'client' is not defined
2026-05-03 16:59:29: [ERROR] Erreur données SOLUSDT: name 'client' is not defined
2026-05-03 16:59:29: [ERROR] Erreur données BTCUSDT: name 'client' is not defined
2026-05-03 16:59:29: [ERROR] Erreur données ETHUSDT: name 'client' is not defined
2026-05-03 16:59:29: [ERROR] Erreur données SOLUSDT: name 'client' is not defined
2026-05-03 16:59:29: [ERROR] Erreur données BTCUSDT: name 'client' is not defined
2026-05-03 16:59:29: [ERROR] Erreur données ETHUSDT: name 'client' is not defined
2026-05-03 16:59:29: [ERROR] Erreur données SOLUSDT: name 'client' is not defined
2026-05-03 16:59:29: [ERROR] Erreur données BTCUSDT: name 'client' is not defined
2026-05-03 16:59:29: [ERROR] Erreur données ETHUSDT: name 'client' is not defined
2026-05-03 16:59:29: [ERROR] Erreur données SOLUSDT: name 'client' is not defined
2026-05-03 16:59:29: [ERROR] Erreur données BTCUSDT: name 'client' is not defined
2026-05-03 16:59:29: [ERROR] Erreur données ETHUSDT: name 'client' is not defined
2026-05-03 16:59:29: [ERROR] Erreur données SOLUSDT: name 'client' is not defined
2026-05-03 16:59:29: [ERROR] Erreur données BTCUSDT: name 'client' is not defined
2026-05-03 16:59:29: [ERROR] Erreur données ETHUSDT: name 'client' is not defined
2026-05-03 16:59:29: [ERROR] Erreur données SOLUSDT: name 'client' is not defined
2026-05-03 16:59:29: [ERROR] Erreur données BTCUSDT: name 'client' is not defined
2026-05-03 16:59:29: [ERROR] Erreur données ETHUSDT: name 'client' is not defined
2026-05-03 16:59:29: [ERROR] Erreur données SOLUSDT: name 'client' is not defined
2026-05-03 16:59:29: [ERROR] Erreur données BTCUSDT: name 'client' is not defined
2026-05-03 16:59:29: [ERROR] Erreur données ETHUSDT: name 'client' is not defined
2026-05-03 16:59:29: [ERROR] Erreur données BTCUSDT: name 'client' is not defined
2026-05-03 16:59:29: [ERROR] Erreur données SOLUSDT: name 'client' is not defined
2026-05-03 16:59:29: [ERROR] Erreur données ETHUSDT: name 'client' is not defined
2026-05-03 16:59:29: [ERROR] Erreur données BTCUSDT: name 'client' is not defined
2026-05-03 16:59:29: [ERROR] Erreur données SOLUSDT: name 'client' is not defined
2026-05-03 16:59:29: [ERROR] Erreur données ETHUSDT: name 'client' is not defined
2026-05-03 16:59:29: [ERROR] Erreur données BTCUSDT: name 'client' is not defined
2026-05-03 16:59:29: [ERROR] Erreur données SOLUSDT: name 'client' is not defined
2026-05-03 16:59:29: [ERROR] Erreur données BTCUSDT: name 'client' is not defined
2026-05-03 16:59:29: [ERROR] Erreur données SOLUSDT: name 'client' is not defined
2026-05-03 16:59:29: [ERROR] Erreur données ETHUSDT: name 'client' is not defined
2026-05-03 16:59:29: [ERROR] Erreur données BTCUSDT: name 'client' is not defined
2026-05-03 16:59:29: [ERROR] Erreur données SOLUSDT: name 'client' is not defined
2026-05-03 16:59:29: [ERROR] Erreur données ETHUSDT: name 'client' is not defined
2026-05-03 16:59:29: [ERROR] Erreur données SOLUSDT: name 'client' is not defined
2026-05-03 16:59:29: [ERROR] Erreur données BTCUSDT: name 'client' is not defined
2026-05-03 16:59:29: [ERROR] Erreur données ETHUSDT: name 'client' is not defined
2026-05-03 16:59:29: [ERROR] Erreur données BTCUSDT: name 'client' is not defined
2026-05-03 16:59:29: [ERROR] Erreur données SOLUSDT: name 'client' is not defined
2026-05-03 16:59:29: [ERROR] Erreur données ETHUSDT: name 'client' is not defined
2026-05-03 16:59:29: [ERROR] Erreur données BTCUSDT: name 'client' is not defined
2026-05-03 16:59:29: [ERROR] Erreur données SOLUSDT: name 'client' is not defined
2026-05-03 16:59:29: [ERROR] Erreur données ETHUSDT: name 'client' is not defined
2026-05-03 16:59:29: [ERROR] Erreur données BTCUSDT: name 'client' is not defined
2026-05-03 16:59:29: [ERROR] Erreur données SOLUSDT: name 'client' is not defined
2026-05-03 16:59:29: [ERROR] Erreur données ETHUSDT: name 'client' is not defined
2026-05-03 16:59:29: [ERROR] Erreur données BTCUSDT: name 'client' is not defined
2026-05-03 16:59:29: [ERROR] Erreur données SOLUSDT: name 'client' is not defined
2026-05-03 16:59:29: [ERROR] Erreur données ETHUSDT: name 'client' is not defined
2026-05-03 16:59:29: [ERROR] Erreur données BTCUSDT: name 'client' is not defined
2026-05-03 16:59:29: [ERROR] Erreur données SOLUSDT: name 'client' is not defined
2026-05-03 16:59:29: [ERROR] Erreur données ETHUSDT: name 'client' is not defined
2026-05-03 16:59:29: [ERROR] Erreur données BTCUSDT: name 'client' is not defined
2026-05-03 16:59:29: [ERROR] Erreur données SOLUSDT: name 'client' is not defined
2026-05-03 16:59:29: [ERROR] Erreur données ETHUSDT: name 'client' is not defined
2026-05-03 16:59:29: [ERROR] Erreur données BTCUSDT: name 'client' is not defined
2026-05-03 16:59:29: [ERROR] Erreur données ETHUSDT: name 'client' is not defined
2026-05-03 16:59:29: [ERROR] Erreur données SOLUSDT: name 'client' is not defined
2026-05-03 16:59:29: [ERROR] Erreur données BTCUSDT: name 'client' is not defined
2026-05-03 16:59:29: [ERROR] Erreur données ETHUSDT: name 'client' is not defined
2026-05-03 16:59:29: [ERROR] Erreur données SOLUSDT: name 'client' is not defined
2026-05-03 16:59:29: [ERROR] Erreur données BTCUSDT: name 'client' is not defined
2026-05-03 16:59:29: [ERROR] Erreur données ETHUSDT: name 'client' is not defined
2026-05-03 16:59:29: [ERROR] Erreur données BTCUSDT: name 'client' is not defined
2026-05-03 16:59:29: [ERROR] Erreur données ETHUSDT: name 'client' is not defined
2026-05-03 16:59:29: [ERROR] Erreur données BTCUSDT: name 'client' is not defined
2026-05-03 16:59:29: [ERROR] Erreur données ETHUSDT: name 'client' is not defined
2026-05-03 16:59:29: [ERROR] Erreur données BTCUSDT: name 'client' is not defined
2026-05-03 16:59:29: [ERROR] Erreur données ETHUSDT: name 'client' is not defined
2026-05-03 16:59:29: [ERROR] Erreur données BTCUSDT: name 'client' is not defined
2026-05-03 16:59:29: [ERROR] Erreur données ETHUSDT: name 'client' is not defined
2026-05-03 16:59:29: [ERROR] Erreur données BTCUSDT: name 'client' is not defined
2026-05-03 16:59:29: [ERROR] Erreur données ETHUSDT: name 'client' is not defined
2026-05-03 16:59:29: [ERROR] Erreur données ETHUSDT: name 'client' is not defined
2026-05-03 16:59:29: [ERROR] Erreur données BTCUSDT: name 'client' is not defined
2026-05-03 16:59:29: [ERROR] Erreur données ETHUSDT: name 'client' is not defined
2026-05-03 16:59:29: [ERROR] Erreur données BTCUSDT: name 'client' is not defined
2026-05-03 16:59:29: [ERROR] Erreur données ETHUSDT: name 'client' is not defined
2026-05-03 16:59:29: [ERROR] Erreur données BTCUSDT: name 'client' is not defined
2026-05-03 16:59:29: [ERROR] Erreur données ETHUSDT: name 'client' is not defined
2026-05-03 16:59:29: [ERROR] Erreur données BTCUSDT: name 'client' is not defined
2026-05-03 16:59:29: [ERROR] Erreur données ETHUSDT: name 'client' is not defined
2026-05-03 16:59:29: [ERROR] Erreur données BTCUSDT: name 'client' is not defined
2026-05-03 16:59:29: [ERROR] Erreur données ETHUSDT: name 'client' is not defined
2026-05-03 16:59:29: [ERROR] Erreur données BTCUSDT: name 'client' is not defined
2026-05-03 16:59:29: [ERROR] Erreur données ETHUSDT: name 'client' is not defined
2026-05-03 16:59:29: [ERROR] Erreur données SOLUSDT: name 'client' is not defined
2026-05-03 16:59:29: [ERROR] Erreur données BTCUSDT: name 'client' is not defined
2026-05-03 16:59:29: [ERROR] Erreur données ETHUSDT: name 'client' is not defined
2026-05-03 16:59:29: [ERROR] Erreur données BTCUSDT: name 'client' is not defined
2026-05-03 16:59:29: [ERROR] Erreur données ETHUSDT: name 'client' is not defined
2026-05-03 16:59:29: [ERROR] Erreur données SOLUSDT: name 'client' is not defined
2026-05-03 16:59:29: [ERROR] Erreur données BTCUSDT: name 'client' is not defined
2026-05-03 16:59:29: [ERROR] Erreur données ETHUSDT: name 'client' is not defined
2026-05-03 16:59:29: [ERROR] Erreur données BTCUSDT: name 'client' is not defined
2026-05-03 16:59:29: [ERROR] Erreur données ETHUSDT: name 'client' is not defined
2026-05-03 16:59:29: [ERROR] Erreur données BTCUSDT: name 'client' is not defined
2026-05-03 16:59:29: [ERROR] Erreur données ETHUSDT: name 'client' is not defined
2026-05-03 16:59:29: [ERROR] Erreur données BTCUSDT: name 'client' is not defined
2026-05-03 16:59:29: [ERROR] Erreur données ETHUSDT: name 'client' is not defined
2026-05-03 16:59:29: [ERROR] Erreur données BTCUSDT: name 'client' is not defined
2026-05-03 16:59:29: [ERROR] Erreur données ETHUSDT: name 'client' is not defined
2026-05-03 16:59:29: [ERROR] Erreur données BTCUSDT: name 'client' is not defined
2026-05-03 16:59:29: [ERROR] Erreur données ETHUSDT: name 'client' is not defined
2026-05-03 16:59:29: [ERROR] Erreur données BTCUSDT: name 'client' is not defined
2026-05-03 16:59:29: [ERROR] Erreur données BTCUSDT: name 'client' is not defined
2026-05-03 16:59:29: [ERROR] Erreur données ETHUSDT: name 'client' is not defined
2026-05-03 16:59:29: [ERROR] Erreur données SOLUSDT: name 'client' is not defined
2026-05-03 16:59:29: [ERROR] Erreur données ETHUSDT: name 'client' is not defined
2026-05-03 16:59:29: [ERROR] Erreur données SOLUSDT: name 'client' is not defined
2026-05-03 16:59:29: [ERROR] Erreur données ETHUSDT: name 'client' is not defined
2026-05-03 16:59:29: [ERROR] Erreur données SOLUSDT: name 'client' is not defined
2026-05-03 16:59:29: [ERROR] Erreur données BTCUSDT: name 'client' is not defined
2026-05-03 16:59:29: [ERROR] Erreur données ETHUSDT: name 'client' is not defined
2026-05-03 16:59:29: [ERROR] Erreur données SOLUSDT: name 'client' is not defined
2026-05-03 16:59:29: [ERROR] Erreur données BTCUSDT: name 'client' is not defined
2026-05-03 16:59:29: [ERROR] Erreur données ETHUSDT: name 'client' is not defined
2026-05-03 16:59:29: [ERROR] Erreur données BTCUSDT: name 'client' is not defined
2026-05-03 16:59:29: [ERROR] Erreur données ETHUSDT: name 'client' is not defined
2026-05-03 16:59:29: [ERROR] Erreur données BTCUSDT: name 'client' is not defined
2026-05-03 16:59:29: [ERROR] Erreur données ETHUSDT: name 'client' is not defined
2026-05-03 16:59:29: [ERROR] Erreur données BTCUSDT: name 'client' is not defined
2026-05-03 16:59:29: [ERROR] Erreur données ETHUSDT: name 'client' is not defined
2026-05-03 16:59:29: [ERROR] Erreur données BTCUSDT: name 'client' is not defined
2026-05-03 16:59:29: [ERROR] Erreur données ETHUSDT: name 'client' is not defined
2026-05-03 16:59:29: [ERROR] Erreur données BTCUSDT: name 'client' is not defined
2026-05-03 16:59:29: [ERROR] Erreur données ETHUSDT: name 'client' is not defined
2026-05-03 16:59:29: [ERROR] Erreur données BTCUSDT: name 'client' is not defined
2026-05-03 16:59:29: [ERROR] Erreur données ETHUSDT: name 'client' is not defined
2026-05-03 16:59:29: [ERROR] Erreur données BTCUSDT: name 'client' is not defined
2026-05-03 16:59:29: [ERROR] Erreur données BTCUSDT: name 'client' is not defined
2026-05-03 16:59:29: [ERROR] Erreur données BTCUSDT: name 'client' is not defined
2026-05-03 16:59:29: [ERROR] Erreur données BTCUSDT: name 'client' is not defined
2026-05-03 16:59:29: [ERROR] Erreur données ETHUSDT: name 'client' is not defined
2026-05-03 16:59:29: [ERROR] Erreur données BTCUSDT: name 'client' is not defined
2026-05-03 16:59:29: [ERROR] Erreur données ETHUSDT: name 'client' is not defined
2026-05-03 16:59:29: [ERROR] Erreur données BTCUSDT: name 'client' is not defined
2026-05-03 16:59:29: [ERROR] Erreur données ETHUSDT: name 'client' is not defined
2026-05-03 16:59:29: [ERROR] Erreur données BTCUSDT: name 'client' is not defined
2026-05-03 16:59:29: [ERROR] Erreur données ETHUSDT: name 'client' is not defined
2026-05-03 16:59:29: [ERROR] Erreur données BTCUSDT: name 'client' is not defined
2026-05-03 16:59:29: [ERROR] Erreur données BTCUSDT: name 'client' is not defined
2026-05-03 16:59:29: [ERROR] Erreur données BTCUSDT: name 'client' is not defined
2026-05-03 16:59:29: [ERROR] Erreur données BTCUSDT: name 'client' is not defined
2026-05-03 16:59:29: [ERROR] Erreur données BTCUSDT: name 'client' is not defined
2026-05-03 16:59:29: [ERROR] Erreur données ETHUSDT: name 'client' is not defined
2026-05-03 16:59:29: [ERROR] Erreur données BTCUSDT: name 'client' is not defined
2026-05-03 16:59:29: [ERROR] Erreur données BTCUSDT: name 'client' is not defined
2026-05-03 16:59:29: [ERROR] Erreur données BTCUSDT: name 'client' is not defined
2026-05-03 16:59:29: [ERROR] Erreur données SOLUSDT: name 'client' is not defined
2026-05-03 16:59:29: [ERROR] Erreur données BTCUSDT: name 'client' is not defined
2026-05-03 16:59:29: [ERROR] Erreur données BTCUSDT: name 'client' is not defined
2026-05-03 16:59:29: [ERROR] Erreur données BTCUSDT: name 'client' is not defined
2026-05-03 16:59:29: [ERROR] Erreur données BTCUSDT: name 'client' is not defined
2026-05-03 16:59:29: [ERROR] Erreur données ETHUSDT: name 'client' is not defined
2026-05-03 16:59:29: [ERROR] Erreur données BTCUSDT: name 'client' is not defined
2026-05-03 16:59:29: [ERROR] Erreur données BTCUSDT: name 'client' is not defined
2026-05-03 16:59:29: [ERROR] Erreur données BTCUSDT: name 'client' is not defined
2026-05-03 16:59:29: [ERROR] Erreur données ETHUSDT: name 'client' is not defined
2026-05-03 16:59:29: [ERROR] Erreur données BTCUSDT: name 'client' is not defined
2026-05-03 16:59:29: [ERROR] Erreur données ETHUSDT: name 'client' is not defined
2026-05-03 16:59:29: [ERROR] Erreur données BTCUSDT: name 'client' is not defined
2026-05-03 16:59:29: [ERROR] Erreur données ETHUSDT: name 'client' is not defined
2026-05-03 16:59:29: [ERROR] Erreur données BTCUSDT: name 'client' is not defined
2026-05-03 16:59:29: [ERROR] Erreur données ETHUSDT: name 'client' is not defined
2026-05-03 16:59:29: [ERROR] Erreur données BTCUSDT: name 'client' is not defined
2026-05-03 16:59:29: [ERROR] Erreur données ETHUSDT: name 'client' is not defined
2026-05-03 16:59:29: [ERROR] Erreur données BTCUSDT: name 'client' is not defined
2026-05-03 16:59:29: [ERROR] Erreur données BTCUSDT: name 'client' is not defined
2026-05-03 16:59:29: [ERROR] Erreur données ETHUSDT: name 'client' is not defined
2026-05-03 16:59:29: [ERROR] Erreur données BTCUSDT: name 'client' is not defined
2026-05-03 16:59:29: [ERROR] Erreur données ETHUSDT: name 'client' is not defined
2026-05-03 16:59:29: [ERROR] Erreur données BTCUSDT: name 'client' is not defined
2026-05-03 16:59:29: [ERROR] Erreur données ETHUSDT: name 'client' is not defined
2026-05-03 16:59:29: [ERROR] Erreur données BTCUSDT: name 'client' is not defined
2026-05-03 16:59:29: [ERROR] Erreur données ETHUSDT: name 'client' is not defined
2026-05-03 16:59:29: [ERROR] Erreur données BTCUSDT: name 'client' is not defined
2026-05-03 16:59:29: [ERROR] Erreur données ETHUSDT: name 'client' is not defined
2026-05-03 16:59:29: [ERROR] Erreur données BTCUSDT: name 'client' is not defined
2026-05-03 16:59:29: [ERROR] Erreur données BTCUSDT: name 'client' is not defined
2026-05-03 16:59:29: [ERROR] Erreur données ETHUSDT: name 'client' is not defined
2026-05-03 16:59:29: [ERROR] Erreur données BTCUSDT: name 'client' is not defined
2026-05-03 16:59:29: [ERROR] Erreur données ETHUSDT: name 'client' is not defined
2026-05-03 16:59:29: [ERROR] Erreur données BTCUSDT: name 'client' is not defined
2026-05-03 16:59:29: [ERROR] Erreur données ETHUSDT: name 'client' is not defined
2026-05-03 16:59:29: [ERROR] Erreur données BTCUSDT: name 'client' is not defined
2026-05-03 16:59:29: [ERROR] Erreur données ETHUSDT: name 'client' is not defined
2026-05-03 16:59:29: [ERROR] Erreur données BTCUSDT: name 'client' is not defined
2026-05-03 16:59:29: [ERROR] Erreur données ETHUSDT: name 'client' is not defined
2026-05-03 16:59:29: [ERROR] Erreur données BTCUSDT: name 'client' is not defined
2026-05-03 16:59:29: [ERROR] Erreur données ETHUSDT: name 'client' is not defined
2026-05-03 16:59:29: [ERROR] Erreur données BTCUSDT: name 'client' is not defined
2026-05-03 16:59:29: [ERROR] Erreur données ETHUSDT: name 'client' is not defined
2026-05-03 16:59:29: [ERROR] Erreur données BTCUSDT: name 'client' is not defined
2026-05-03 16:59:29: [ERROR] Erreur données ETHUSDT: name 'client' is not defined
2026-05-03 16:59:29: [ERROR] Erreur données BTCUSDT: name 'client' is not defined
2026-05-03 16:59:29: [ERROR] Erreur données ETHUSDT: name 'client' is not defined
2026-05-03 16:59:29: [ERROR] Erreur données BTCUSDT: name 'client' is not defined
2026-05-03 16:59:29: [ERROR] Erreur données ETHUSDT: name 'client' is not defined
2026-05-03 16:59:29: [ERROR] Erreur données BTCUSDT: name 'client' is not defined
2026-05-03 16:59:29: [ERROR] Erreur données ETHUSDT: name 'client' is not defined
2026-05-03 16:59:29: [ERROR] Erreur données BTCUSDT: name 'client' is not defined
2026-05-03 16:59:29: [ERROR] Erreur données ETHUSDT: name 'client' is not defined
2026-05-03 16:59:29: [ERROR] Erreur données BTCUSDT: name 'client' is not defined
2026-05-03 16:59:29: [ERROR] Erreur données ETHUSDT: name 'client' is not defined
2026-05-03 16:59:29: [ERROR] Erreur données BTCUSDT: name 'client' is not defined
2026-05-03 16:59:29: [ERROR] Erreur données ETHUSDT: name 'client' is not defined
2026-05-03 16:59:29: [ERROR] Erreur données BTCUSDT: name 'client' is not defined
2026-05-03 16:59:29: [ERROR] Erreur données ETHUSDT: name 'client' is not defined
2026-05-03 16:59:29: [ERROR] Erreur données BTCUSDT: name 'client' is not defined
2026-05-03 16:59:29: [ERROR] Erreur données ETHUSDT: name 'client' is not defined
2026-05-03 16:59:29: [ERROR] Erreur données BTCUSDT: name 'client' is not defined
2026-05-03 16:59:29: [ERROR] Erreur données ETHUSDT: name 'client' is not defined
2026-05-03 16:59:29: [ERROR] Erreur données BTCUSDT: name 'client' is not defined
2026-05-03 16:59:29: [ERROR] Erreur données ETHUSDT: name 'client' is not defined
2026-05-03 16:59:29: [ERROR] Erreur données BTCUSDT: name 'client' is not defined
2026-05-03 16:59:29: [ERROR] Erreur données ETHUSDT: name 'client' is not defined
2026-05-03 16:59:29: [ERROR] Erreur données BTCUSDT: name 'client' is not defined
2026-05-03 16:59:29: [ERROR] Erreur données ETHUSDT: name 'client' is not defined
2026-05-03 16:59:29: [ERROR] Erreur données BTCUSDT: name 'client' is not defined
2026-05-03 16:59:29: [ERROR] Erreur données ETHUSDT: name 'client' is not defined
2026-05-03 16:59:29: [ERROR] Erreur données BTCUSDT: name 'client' is not defined
2026-05-03 16:59:29: [ERROR] Erreur données ETHUSDT: name 'client' is not defined
2026-05-03 16:59:29: [ERROR] Erreur données BTCUSDT: name 'client' is not defined
2026-05-03 16:59:29: [ERROR] Erreur données BTCUSDT: name 'client' is not defined
2026-05-03 16:59:29: [ERROR] Erreur données BTCUSDT: name 'client' is not defined
2026-05-03 16:59:29: [ERROR] Erreur données BTCUSDT: name 'client' is not defined
2026-05-03 16:59:29: [ERROR] Erreur données BTCUSDT: name 'client' is not defined
2026-05-03 16:59:29: [ERROR] Erreur données BTCUSDT: name 'client' is not defined
2026-05-03 16:59:29: [ERROR] Erreur données BTCUSDT: name 'client' is not defined
2026-05-03 16:59:29: [ERROR] Erreur données ETHUSDT: name 'client' is not defined
2026-05-03 16:59:29: [ERROR] Erreur données BTCUSDT: name 'client' is not defined
2026-05-03 16:59:29: [ERROR] Erreur données BTCUSDT: name 'client' is not defined
2026-05-03 16:59:29: [ERROR] Erreur données BTCUSDT: name 'client' is not defined
2026-05-03 16:59:29: [ERROR] Erreur données BTCUSDT: name 'client' is not defined
2026-05-03 16:59:29: [ERROR] Erreur données BTCUSDT: name 'client' is not defined
2026-05-03 16:59:29: [ERROR] Erreur données BTCUSDT: name 'client' is not defined
2026-05-03 16:59:29: [ERROR] Erreur données BTCUSDT: name 'client' is not defined
2026-05-03 16:59:29: [ERROR] Erreur données ETHUSDT: name 'client' is not defined
2026-05-03 16:59:29: [ERROR] Erreur données BTCUSDT: name 'client' is not defined
2026-05-03 16:59:29: [ERROR] Erreur données ETHUSDT: name 'client' is not defined
2026-05-03 16:59:29: [ERROR] Erreur données ETHUSDT: name 'client' is not defined
2026-05-03 16:59:29: [ERROR] Erreur données SOLUSDT: name 'client' is not defined
2026-05-03 16:59:29: [ERROR] Erreur données BTCUSDT: name 'client' is not defined
2026-05-03 16:59:29: [ERROR] Erreur données BTCUSDT: name 'client' is not defined
2026-05-03 16:59:29: [ERROR] Erreur données BTCUSDT: name 'client' is not defined
2026-05-03 16:59:29: [ERROR] Erreur données SOLUSDT: name 'client' is not defined
2026-05-03 16:59:29: [ERROR] Erreur données ETHUSDT: name 'client' is not defined
2026-05-03 16:59:29: [ERROR] Erreur données ETHUSDT: name 'client' is not defined
2026-05-03 16:59:29: [ERROR] Erreur données ETHUSDT: name 'client' is not defined
2026-05-03 16:59:29: [ERROR] Erreur données ETHUSDT: name 'client' is not defined
2026-05-03 16:59:29: [ERROR] Erreur données ETHUSDT: name 'client' is not defined
2026-05-03 16:59:29: [ERROR] Erreur données ETHUSDT: name 'client' is not defined
2026-05-03 16:59:29: [ERROR] Erreur données ETHUSDT: name 'client' is not defined
2026-05-03 16:59:29: [ERROR] Erreur données ETHUSDT: name 'client' is not defined
2026-05-03 16:59:29: [ERROR] Erreur données ETHUSDT: name 'client' is not defined
2026-05-03 16:59:29: [ERROR] Erreur données ETHUSDT: name 'client' is not defined
2026-05-03 16:59:29: [ERROR] Erreur données ETHUSDT: name 'client' is not defined
2026-05-03 16:59:29: [ERROR] Erreur données ETHUSDT: name 'client' is not defined
2026-05-03 16:59:29: [ERROR] Erreur données ETHUSDT: name 'client' is not defined
2026-05-03 16:59:29: [ERROR] Erreur données ETHUSDT: name 'client' is not defined
2026-05-03 16:59:29: [ERROR] Erreur données ETHUSDT: name 'client' is not defined
2026-05-03 16:59:29: [ERROR] Erreur données ETHUSDT: name 'client' is not defined
2026-05-03 16:59:29: [ERROR] Erreur données ETHUSDT: name 'client' is not defined
2026-05-03 16:59:29: [ERROR] Erreur données ETHUSDT: name 'client' is not defined
2026-05-03 16:59:29: [ERROR] Erreur données ETHUSDT: name 'client' is not defined
2026-05-03 16:59:29: [ERROR] Erreur données ETHUSDT: name 'client' is not defined
2026-05-03 16:59:29: [ERROR] Erreur données ETHUSDT: name 'client' is not defined
2026-05-03 16:59:29: [ERROR] Erreur données ETHUSDT: name 'client' is not defined
2026-05-03 16:59:29: [ERROR] Erreur données ETHUSDT: name 'client' is not defined
2026-05-03 16:59:29: [ERROR] Erreur données ETHUSDT: name 'client' is not defined
2026-05-03 16:59:29: [ERROR] Erreur données ETHUSDT: name 'client' is not defined
2026-05-03 16:59:29: [ERROR] Erreur données ETHUSDT: name 'client' is not defined
2026-05-03 16:59:29: [ERROR] Erreur données ETHUSDT: name 'client' is not defined
2026-05-03 16:59:29: [ERROR] Erreur données ETHUSDT: name 'client' is not defined
2026-05-03 16:59:29: [ERROR] Erreur données ETHUSDT: name 'client' is not defined
2026-05-03 16:59:29: [ERROR] Erreur données BTCUSDT: name 'client' is not defined
2026-05-03 16:59:29: [ERROR] Erreur données BTCUSDT: name 'client' is not defined
2026-05-03 16:59:29: [ERROR] Erreur données ETHUSDT: name 'client' is not defined
2026-05-03 16:59:29: [ERROR] Erreur données ETHUSDT: name 'client' is not defined
2026-05-03 16:59:29: [ERROR] Erreur données ETHUSDT: name 'client' is not defined
2026-05-03 16:59:29: [ERROR] Erreur données BTCUSDT: name 'client' is not defined
2026-05-03 16:59:29: [ERROR] Erreur données BTCUSDT: name 'client' is not defined
2026-05-03 16:59:29: [ERROR] Erreur données ETHUSDT: name 'client' is not defined
2026-05-03 16:59:29: [ERROR] Erreur données BTCUSDT: name 'client' is not defined
2026-05-03 16:59:29: [ERROR] Erreur données ETHUSDT: name 'client' is not defined
2026-05-03 16:59:29: [ERROR] Erreur données BTCUSDT: name 'client' is not defined
2026-05-03 16:59:29: [ERROR] Erreur données ETHUSDT: name 'client' is not defined
2026-05-03 16:59:29: [ERROR] Erreur données ETHUSDT: name 'client' is not defined
2026-05-03 16:59:29: [ERROR] Erreur données ETHUSDT: name 'client' is not defined
2026-05-03 16:59:29: [ERROR] Erreur données ETHUSDT: name 'client' is not defined
2026-05-03 16:59:29: [ERROR] Erreur données ETHUSDT: name 'client' is not defined
2026-05-03 16:59:29: [ERROR] Erreur données ETHUSDT: name 'client' is not defined
2026-05-03 16:59:29: [ERROR] Erreur données ETHUSDT: name 'client' is not defined
2026-05-03 16:59:29: [ERROR] Erreur données ETHUSDT: name 'client' is not defined
2026-05-03 16:59:29: [ERROR] Erreur données ETHUSDT: name 'client' is not defined
2026-05-03 16:59:29: [ERROR] Erreur données ETHUSDT: name 'client' is not defined
2026-05-03 16:59:29: [ERROR] Erreur données ETHUSDT: name 'client' is not defined
2026-05-03 16:59:29: [ERROR] Erreur données ETHUSDT: name 'client' is not defined
2026-05-03 16:59:29: [ERROR] Erreur données ETHUSDT: name 'client' is not defined
2026-05-03 16:59:29: [ERROR] Erreur données ETHUSDT: name 'client' is not defined
2026-05-03 16:59:29: [ERROR] Erreur données ETHUSDT: name 'client' is not defined
2026-05-03 16:59:29: [ERROR] Erreur données ETHUSDT: name 'client' is not defined
2026-05-03 16:59:29: [ERROR] Erreur données ETHUSDT: name 'client' is not defined
2026-05-03 16:59:29: [ERROR] Erreur données ETHUSDT: name 'client' is not defined
2026-05-03 16:59:29: [ERROR] Erreur données ETHUSDT: name 'client' is not defined
2026-05-03 16:59:29: [ERROR] Erreur données BTCUSDT: name 'client' is not defined
2026-05-03 16:59:29: [ERROR] Erreur données ETHUSDT: name 'client' is not defined
2026-05-03 16:59:29: [ERROR] Erreur données BTCUSDT: name 'client' is not defined
2026-05-03 16:59:29: [ERROR] Erreur données ETHUSDT: name 'client' is not defined
2026-05-03 16:59:29: [ERROR] Erreur données BTCUSDT: name 'client' is not defined
2026-05-03 16:59:29: [ERROR] Erreur données ETHUSDT: name 'client' is not defined
2026-05-03 16:59:29: [ERROR] Erreur données ETHUSDT: name 'client' is not defined
2026-05-03 16:59:29: [ERROR] Erreur données ETHUSDT: name 'client' is not defined
2026-05-03 16:59:29: [ERROR] Erreur données ETHUSDT: name 'client' is not defined
2026-05-03 16:59:29: [ERROR] Erreur données ETHUSDT: name 'client' is not defined
2026-05-03 16:59:29: [ERROR] Erreur données ETHUSDT: name 'client' is not defined
2026-05-03 16:59:29: [ERROR] Erreur données ETHUSDT: name 'client' is not defined
2026-05-03 16:59:29: [ERROR] Erreur données BTCUSDT: name 'client' is not defined
2026-05-03 16:59:29: [ERROR] Erreur données ETHUSDT: name 'client' is not defined
2026-05-03 16:59:29: [ERROR] Erreur données ETHUSDT: name 'client' is not defined
2026-05-03 16:59:29: [ERROR] Erreur données ETHUSDT: name 'client' is not defined
2026-05-03 16:59:29: [ERROR] Erreur données ETHUSDT: name 'client' is not defined
2026-05-03 16:59:29: [ERROR] Erreur données ETHUSDT: name 'client' is not defined
2026-05-03 16:59:29: [ERROR] Erreur données ETHUSDT: name 'client' is not defined
2026-05-03 16:59:29: [ERROR] Erreur données ETHUSDT: name 'client' is not defined
2026-05-03 16:59:29: [ERROR] Erreur données ETHUSDT: name 'client' is not defined
2026-05-03 16:59:29: [ERROR] Erreur données ETHUSDT: name 'client' is not defined
2026-05-03 16:59:29: [ERROR] Erreur données ETHUSDT: name 'client' is not defined
2026-05-03 16:59:29: [ERROR] Erreur données ETHUSDT: name 'client' is not defined
2026-05-03 16:59:29: [ERROR] Erreur données ETHUSDT: name 'client' is not defined
2026-05-03 16:59:29: [ERROR] Erreur données ETHUSDT: name 'client' is not defined
2026-05-03 16:59:29: [ERROR] Erreur données ETHUSDT: name 'client' is not defined
2026-05-03 16:59:29: [ERROR] Erreur données ETHUSDT: name 'client' is not defined
2026-05-03 16:59:29: [ERROR] Erreur données ETHUSDT: name 'client' is not defined
2026-05-03 16:59:29: [ERROR] Erreur données ETHUSDT: name 'client' is not defined
2026-05-03 16:59:29: [ERROR] Erreur données ETHUSDT: name 'client' is not defined
2026-05-03 16:59:29: [ERROR] Erreur données ETHUSDT: name 'client' is not defined
2026-05-03 16:59:29: [ERROR] Erreur données ETHUSDT: name 'client' is not defined
2026-05-03 16:59:29: [ERROR] Erreur données ETHUSDT: name 'client' is not defined
2026-05-03 16:59:29: [ERROR] Erreur données ETHUSDT: name 'client' is not defined
2026-05-03 16:59:29: [ERROR] Erreur données ETHUSDT: name 'client' is not defined
2026-05-03 16:59:29: [ERROR] Erreur données ETHUSDT: name 'client' is not defined
2026-05-03 16:59:29: [ERROR] Erreur données ETHUSDT: name 'client' is not defined
2026-05-03 16:59:29: [ERROR] Erreur données SOLUSDT: name 'client' is not defined
2026-05-03 16:59:29: [ERROR] Erreur données BTCUSDT: name 'client' is not defined
2026-05-03 16:59:29: [ERROR] Erreur données BTCUSDT: name 'client' is not defined
2026-05-03 16:59:29: [ERROR] Erreur données BTCUSDT: name 'client' is not defined
2026-05-03 16:59:29: [ERROR] Erreur données SOLUSDT: name 'client' is not defined
2026-05-03 16:59:29: [ERROR] Erreur données BTCUSDT: name 'client' is not defined
2026-05-03 16:59:29: [ERROR] Erreur données BTCUSDT: name 'client' is not defined
2026-05-03 16:59:29: [ERROR] Erreur données BTCUSDT: name 'client' is not defined
2026-05-03 16:59:29: [ERROR] Erreur données BTCUSDT: name 'client' is not defined
2026-05-03 16:59:29: [ERROR] Erreur données BTCUSDT: name 'client' is not defined
2026-05-03 16:59:29: [ERROR] Erreur données ETHUSDT: name 'client' is not defined
2026-05-03 16:59:29: [ERROR] Erreur données BTCUSDT: name 'client' is not defined
2026-05-03 16:59:29: [ERROR] Erreur données ETHUSDT: name 'client' is not defined
2026-05-03 16:59:29: [ERROR] Erreur données BTCUSDT: name 'client' is not defined
2026-05-03 16:59:29: [ERROR] Erreur données ETHUSDT: name 'client' is not defined
2026-05-03 16:59:29: [ERROR] Erreur données BTCUSDT: name 'client' is not defined
2026-05-03 16:59:29: [ERROR] Erreur données ETHUSDT: name 'client' is not defined
2026-05-03 16:59:29: [ERROR] Erreur données BTCUSDT: name 'client' is not defined
2026-05-03 16:59:29: [ERROR] Erreur données ETHUSDT: name 'client' is not defined
2026-05-03 16:59:29: [ERROR] Erreur données BTCUSDT: name 'client' is not defined
2026-05-03 16:59:29: [ERROR] Erreur données ETHUSDT: name 'client' is not defined
2026-05-03 16:59:29: [ERROR] Erreur données ETHUSDT: name 'client' is not defined
2026-05-03 16:59:29: [ERROR] Erreur données ETHUSDT: name 'client' is not defined
2026-05-03 16:59:29: [ERROR] Erreur données ETHUSDT: name 'client' is not defined
2026-05-03 16:59:29: [ERROR] Erreur données ETHUSDT: name 'client' is not defined
2026-05-03 16:59:29: [ERROR] Erreur données ETHUSDT: name 'client' is not defined
2026-05-03 16:59:29: [ERROR] Erreur données ETHUSDT: name 'client' is not defined
2026-05-03 16:59:29: [ERROR] Erreur données ETHUSDT: name 'client' is not defined
2026-05-03 16:59:29: [ERROR] Erreur données ETHUSDT: name 'client' is not defined
2026-05-03 16:59:29: [ERROR] Erreur données ETHUSDT: name 'client' is not defined
2026-05-03 16:59:29: [ERROR] Erreur données ETHUSDT: name 'client' is not defined
2026-05-03 16:59:29: [ERROR] Erreur données ETHUSDT: name 'client' is not defined
2026-05-03 16:59:29: [ERROR] Erreur données ETHUSDT: name 'client' is not defined
2026-05-03 16:59:29: [ERROR] Erreur données ETHUSDT: name 'client' is not defined
2026-05-03 16:59:29: [ERROR] Erreur données ETHUSDT: name 'client' is not defined
2026-05-03 16:59:29: [ERROR] Erreur données ETHUSDT: name 'client' is not defined
2026-05-03 16:59:29: [ERROR] Erreur données ETHUSDT: name 'client' is not defined
2026-05-03 16:59:29: [ERROR] Erreur données ETHUSDT: name 'client' is not defined
2026-05-03 16:59:29: [ERROR] Erreur données ETHUSDT: name 'client' is not defined
2026-05-03 16:59:29: [ERROR] Erreur données ETHUSDT: name 'client' is not defined
2026-05-03 16:59:29: [ERROR] Erreur données ETHUSDT: name 'client' is not defined
2026-05-03 16:59:29: [ERROR] Erreur données ETHUSDT: name 'client' is not defined
2026-05-03 16:59:29: [ERROR] Erreur données ETHUSDT: name 'client' is not defined
2026-05-03 16:59:29: [ERROR] Erreur données ETHUSDT: name 'client' is not defined
2026-05-03 16:59:29: [ERROR] Erreur données ETHUSDT: name 'client' is not defined
2026-05-03 16:59:29: [ERROR] Erreur données BTCUSDT: name 'client' is not defined
2026-05-03 16:59:29: [ERROR] Erreur données ETHUSDT: name 'client' is not defined
2026-05-03 16:59:29: [ERROR] Erreur données BTCUSDT: name 'client' is not defined
2026-05-03 16:59:29: [ERROR] Erreur données ETHUSDT: name 'client' is not defined
2026-05-03 16:59:29: [ERROR] Erreur données ETHUSDT: name 'client' is not defined
2026-05-03 16:59:29: [ERROR] Erreur données ETHUSDT: name 'client' is not defined
2026-05-03 16:59:29: [ERROR] Erreur données ETHUSDT: name 'client' is not defined
2026-05-03 16:59:29: [ERROR] Erreur données ETHUSDT: name 'client' is not defined
2026-05-03 16:59:29: [ERROR] Erreur données ETHUSDT: name 'client' is not defined
2026-05-03 16:59:29: [ERROR] Erreur données ETHUSDT: name 'client' is not defined
2026-05-03 16:59:29: [ERROR] Erreur données ETHUSDT: name 'client' is not defined
2026-05-03 16:59:29: [ERROR] Erreur données ETHUSDT: name 'client' is not defined
2026-05-03 16:59:29: [ERROR] Erreur données ETHUSDT: name 'client' is not defined
2026-05-03 16:59:29: [ERROR] Erreur données ETHUSDT: name 'client' is not defined
2026-05-03 16:59:29: [ERROR] Erreur données ETHUSDT: name 'client' is not defined
2026-05-03 16:59:29: [ERROR] Erreur données ETHUSDT: name 'client' is not defined
2026-05-03 16:59:29: [ERROR] Erreur données ETHUSDT: name 'client' is not defined
2026-05-03 16:59:29: [ERROR] Erreur données ETHUSDT: name 'client' is not defined
2026-05-03 16:59:29: [ERROR] Erreur données ETHUSDT: name 'client' is not defined
2026-05-03 16:59:29: [ERROR] Erreur données ETHUSDT: name 'client' is not defined
2026-05-03 16:59:29: [ERROR] Erreur données ETHUSDT: name 'client' is not defined
2026-05-03 16:59:29: [ERROR] Erreur données ETHUSDT: name 'client' is not defined
2026-05-03 16:59:29: [ERROR] Erreur données ETHUSDT: name 'client' is not defined
2026-05-03 16:59:29: [ERROR] Erreur données ETHUSDT: name 'client' is not defined
2026-05-03 16:59:29: [ERROR] Erreur données ETHUSDT: name 'client' is not defined
2026-05-03 16:59:29: [ERROR] Erreur données ETHUSDT: name 'client' is not defined
2026-05-03 16:59:29: [ERROR] Erreur données ETHUSDT: name 'client' is not defined
2026-05-03 16:59:29: [ERROR] Erreur données ETHUSDT: name 'client' is not defined
2026-05-03 16:59:29: [ERROR] Erreur données ETHUSDT: name 'client' is not defined
2026-05-03 16:59:29: [ERROR] Erreur données ETHUSDT: name 'client' is not defined
2026-05-03 16:59:29: [ERROR] Erreur données BTCUSDT: name 'client' is not defined
2026-05-03 16:59:29: [ERROR] Erreur données BTCUSDT: name 'client' is not defined
2026-05-03 16:59:29: [ERROR] Erreur données ETHUSDT: name 'client' is not defined
2026-05-03 16:59:29: [ERROR] Erreur données ETHUSDT: name 'client' is not defined
2026-05-03 16:59:29: [ERROR] Erreur données BTCUSDT: name 'client' is not defined
2026-05-03 16:59:29: [ERROR] Erreur données ETHUSDT: name 'client' is not defined
2026-05-03 16:59:29: [ERROR] Erreur données BTCUSDT: name 'client' is not defined
2026-05-03 16:59:29: [ERROR] Erreur données ETHUSDT: name 'client' is not defined
2026-05-03 16:59:29: [ERROR] Erreur données ETHUSDT: name 'client' is not defined
2026-05-03 16:59:29: [ERROR] Erreur données ETHUSDT: name 'client' is not defined
2026-05-03 16:59:29: [ERROR] Erreur données ETHUSDT: name 'client' is not defined
2026-05-03 16:59:29: [ERROR] Erreur données ETHUSDT: name 'client' is not defined
2026-05-03 16:59:29: [ERROR] Erreur données ETHUSDT: name 'client' is not defined
2026-05-03 16:59:29: [ERROR] Erreur données ETHUSDT: name 'client' is not defined
2026-05-03 16:59:29: [ERROR] Erreur données ETHUSDT: name 'client' is not defined
2026-05-03 16:59:29: [ERROR] Erreur données ETHUSDT: name 'client' is not defined
2026-05-03 16:59:29: [ERROR] Erreur données ETHUSDT: name 'client' is not defined
2026-05-03 16:59:29: [ERROR] Erreur données ETHUSDT: name 'client' is not defined
2026-05-03 16:59:29: [ERROR] Erreur données ETHUSDT: name 'client' is not defined
2026-05-03 16:59:29: [ERROR] Erreur données ETHUSDT: name 'client' is not defined
2026-05-03 16:59:29: [ERROR] Erreur données ETHUSDT: name 'client' is not defined
2026-05-03 16:59:29: [ERROR] Erreur données ETHUSDT: name 'client' is not defined
2026-05-03 16:59:29: [ERROR] Erreur données ETHUSDT: name 'client' is not defined
2026-05-03 16:59:29: [ERROR] Erreur données ETHUSDT: name 'client' is not defined
2026-05-03 16:59:29: [ERROR] Erreur données ETHUSDT: name 'client' is not defined
2026-05-03 16:59:29: [ERROR] Erreur données ETHUSDT: name 'client' is not defined
2026-05-03 16:59:29: [ERROR] Erreur données ETHUSDT: name 'client' is not defined
2026-05-03 16:59:29: [ERROR] Erreur données ETHUSDT: name 'client' is not defined
2026-05-03 16:59:30: [ERROR] Erreur données ETHUSDT: name 'client' is not defined
2026-05-03 16:59:30: [ERROR] Erreur données ETHUSDT: name 'client' is not defined
2026-05-03 16:59:30: [ERROR] Erreur données ETHUSDT: name 'client' is not defined
2026-05-03 16:59:30: [ERROR] Erreur données ETHUSDT: name 'client' is not defined
2026-05-03 16:59:30: [ERROR] Erreur données ETHUSDT: name 'client' is not defined
2026-05-03 16:59:30: [ERROR] Erreur données ETHUSDT: name 'client' is not defined
2026-05-03 16:59:30: [ERROR] Erreur données ETHUSDT: name 'client' is not defined
2026-05-03 16:59:30: [ERROR] Erreur données ETHUSDT: name 'client' is not defined
2026-05-03 16:59:30: [ERROR] Erreur données ETHUSDT: name 'client' is not defined
2026-05-03 16:59:30: [ERROR] Erreur données ETHUSDT: name 'client' is not defined
2026-05-03 16:59:30: [ERROR] Erreur données ETHUSDT: name 'client' is not defined
2026-05-03 16:59:30: [ERROR] Erreur données ETHUSDT: name 'client' is not defined
2026-05-03 16:59:30: [ERROR] Erreur données ETHUSDT: name 'client' is not defined
2026-05-03 16:59:30: [ERROR] Erreur données ETHUSDT: name 'client' is not defined
2026-05-03 16:59:30: [ERROR] Erreur données ETHUSDT: name 'client' is not defined
2026-05-03 16:59:30: [ERROR] Erreur données ETHUSDT: name 'client' is not defined
2026-05-03 16:59:30: [ERROR] Erreur données ETHUSDT: name 'client' is not defined
2026-05-03 16:59:30: [ERROR] Erreur données ETHUSDT: name 'client' is not defined
2026-05-03 16:59:30: [ERROR] Erreur données ETHUSDT: name 'client' is not defined
2026-05-03 16:59:30: [ERROR] Erreur données ETHUSDT: name 'client' is not defined
2026-05-03 16:59:30: [ERROR] Erreur données ETHUSDT: name 'client' is not defined
2026-05-03 16:59:30: [ERROR] Erreur données ETHUSDT: name 'client' is not defined
2026-05-03 16:59:30: [ERROR] Erreur données ETHUSDT: name 'client' is not defined
2026-05-03 16:59:30: [ERROR] Erreur données ETHUSDT: name 'client' is not defined
2026-05-03 16:59:30: [ERROR] Erreur données ETHUSDT: name 'client' is not defined
2026-05-03 16:59:30: [ERROR] Erreur données ETHUSDT: name 'client' is not defined
2026-05-03 16:59:30: [ERROR] Erreur données ETHUSDT: name 'client' is not defined
2026-05-03 16:59:30: [ERROR] Erreur données ETHUSDT: name 'client' is not defined
2026-05-03 16:59:30: [ERROR] Erreur données ETHUSDT: name 'client' is not defined
2026-05-03 16:59:30: [ERROR] Erreur données ETHUSDT: name 'client' is not defined
2026-05-03 16:59:30: [ERROR] Erreur données BTCUSDT: name 'client' is not defined
2026-05-03 16:59:30: [ERROR] Erreur données ETHUSDT: name 'client' is not defined
2026-05-03 16:59:30: [ERROR] Erreur données ETHUSDT: name 'client' is not defined
2026-05-03 16:59:30: [ERROR] Erreur données ETHUSDT: name 'client' is not defined
2026-05-03 16:59:30: [ERROR] Erreur données ETHUSDT: name 'client' is not defined
2026-05-03 16:59:30: [ERROR] Erreur données ETHUSDT: name 'client' is not defined
2026-05-03 16:59:30: [ERROR] Erreur données ETHUSDT: name 'client' is not defined
2026-05-03 16:59:30: [ERROR] Erreur données ETHUSDT: name 'client' is not defined
2026-05-03 16:59:30: [ERROR] Erreur données ETHUSDT: name 'client' is not defined
2026-05-03 16:59:30: [ERROR] Erreur données ETHUSDT: name 'client' is not defined
2026-05-03 16:59:30: [ERROR] Erreur données ETHUSDT: name 'client' is not defined
2026-05-03 16:59:30: [ERROR] Erreur données ETHUSDT: name 'client' is not defined
2026-05-03 16:59:30: [ERROR] Erreur données ETHUSDT: name 'client' is not defined
2026-05-03 16:59:30: [ERROR] Erreur données BTCUSDT: name 'client' is not defined
2026-05-03 16:59:30: [ERROR] Erreur données BTCUSDT: name 'client' is not defined
2026-05-03 16:59:30: [ERROR] Erreur données ETHUSDT: name 'client' is not defined
2026-05-03 16:59:30: [ERROR] Erreur données ETHUSDT: name 'client' is not defined
2026-05-03 16:59:30: [ERROR] Erreur données BTCUSDT: name 'client' is not defined
2026-05-03 16:59:30: [ERROR] Erreur données BTCUSDT: name 'client' is not defined
2026-05-03 16:59:30: [ERROR] Erreur données ETHUSDT: name 'client' is not defined
2026-05-03 16:59:30: [ERROR] Erreur données ETHUSDT: name 'client' is not defined
2026-05-03 16:59:30: [ERROR] Erreur données BTCUSDT: name 'client' is not defined
2026-05-03 16:59:30: [ERROR] Erreur données BTCUSDT: name 'client' is not defined
2026-05-03 16:59:30: [ERROR] Erreur données ETHUSDT: name 'client' is not defined
2026-05-03 16:59:30: [ERROR] Erreur données ETHUSDT: name 'client' is not defined
2026-05-03 16:59:30: [ERROR] Erreur données BTCUSDT: name 'client' is not defined
2026-05-03 16:59:30: [ERROR] Erreur données BTCUSDT: name 'client' is not defined
2026-05-03 16:59:30: [ERROR] Erreur données BTCUSDT: name 'client' is not defined
2026-05-03 16:59:30: [ERROR] Erreur données BTCUSDT: name 'client' is not defined
2026-05-03 16:59:30: [ERROR] Erreur données BTCUSDT: name 'client' is not defined
2026-05-03 16:59:30: [ERROR] Erreur données SOLUSDT: name 'client' is not defined
2026-05-03 16:59:30: [ERROR] Erreur données ETHUSDT: name 'client' is not defined
2026-05-03 16:59:30: [ERROR] Erreur données BTCUSDT: name 'client' is not defined
2026-05-03 16:59:30: [ERROR] Erreur données ETHUSDT: name 'client' is not defined
2026-05-03 16:59:30: [ERROR] Erreur données BTCUSDT: name 'client' is not defined
2026-05-03 16:59:30: [ERROR] Erreur données ETHUSDT: name 'client' is not defined
2026-05-03 16:59:30: [ERROR] Erreur données BTCUSDT: name 'client' is not defined
2026-05-03 16:59:30: [ERROR] Erreur données ETHUSDT: name 'client' is not defined
2026-05-03 16:59:30: [ERROR] Erreur données ETHUSDT: name 'client' is not defined
2026-05-03 16:59:30: [ERROR] Erreur données ETHUSDT: name 'client' is not defined
2026-05-03 16:59:30: [ERROR] Erreur données ETHUSDT: name 'client' is not defined
2026-05-03 16:59:30: [ERROR] Erreur données ETHUSDT: name 'client' is not defined
2026-05-03 16:59:30: [ERROR] Erreur données ETHUSDT: name 'client' is not defined
2026-05-03 16:59:30: [ERROR] Erreur données ETHUSDT: name 'client' is not defined
2026-05-03 16:59:30: [ERROR] Erreur données ETHUSDT: name 'client' is not defined
2026-05-03 16:59:30: [ERROR] Erreur données ETHUSDT: name 'client' is not defined
2026-05-03 16:59:30: [ERROR] Erreur données ETHUSDT: name 'client' is not defined
2026-05-03 16:59:30: [ERROR] Erreur données ETHUSDT: name 'client' is not defined
2026-05-03 16:59:30: [ERROR] Erreur données ETHUSDT: name 'client' is not defined
2026-05-03 16:59:30: [ERROR] Erreur données ETHUSDT: name 'client' is not defined
2026-05-03 16:59:30: [ERROR] Erreur données ETHUSDT: name 'client' is not defined
2026-05-03 16:59:30: [ERROR] Erreur données ETHUSDT: name 'client' is not defined
2026-05-03 16:59:30: [ERROR] Erreur données ETHUSDT: name 'client' is not defined
2026-05-03 16:59:30: [ERROR] Erreur données ETHUSDT: name 'client' is not defined
2026-05-03 16:59:30: [ERROR] Erreur données ETHUSDT: name 'client' is not defined
2026-05-03 16:59:30: [ERROR] Erreur données ETHUSDT: name 'client' is not defined
2026-05-03 16:59:30: [ERROR] Erreur données ETHUSDT: name 'client' is not defined
2026-05-03 16:59:30: [ERROR] Erreur données ETHUSDT: name 'client' is not defined
2026-05-03 16:59:30: [ERROR] Erreur données BTCUSDT: name 'client' is not defined
2026-05-03 16:59:30: [ERROR] Erreur données ETHUSDT: name 'client' is not defined
2026-05-03 16:59:30: [ERROR] Erreur données BTCUSDT: name 'client' is not defined
2026-05-03 16:59:30: [ERROR] Erreur données ETHUSDT: name 'client' is not defined
2026-05-03 16:59:30: [ERROR] Erreur données BTCUSDT: name 'client' is not defined
2026-05-03 16:59:30: [ERROR] Erreur données BTCUSDT: name 'client' is not defined
2026-05-03 16:59:30: [ERROR] Erreur données SOLUSDT: name 'client' is not defined
2026-05-03 16:59:30: [ERROR] Erreur données SOLUSDT: name 'client' is not defined
2026-05-03 16:59:30: [ERROR] Erreur données SOLUSDT: name 'client' is not defined
2026-05-03 16:59:30: [ERROR] Erreur données BTCUSDT: name 'client' is not defined
2026-05-03 16:59:30: [ERROR] Erreur données ETHUSDT: name 'client' is not defined
2026-05-03 16:59:30: [ERROR] Erreur données BTCUSDT: name 'client' is not defined
2026-05-03 16:59:30: [ERROR] Erreur données ETHUSDT: name 'client' is not defined
2026-05-03 16:59:30: [ERROR] Erreur données BTCUSDT: name 'client' is not defined
2026-05-03 16:59:30: [ERROR] Erreur données ETHUSDT: name 'client' is not defined
2026-05-03 16:59:30: [ERROR] Erreur données ETHUSDT: name 'client' is not defined
2026-05-03 16:59:30: [ERROR] Erreur données ETHUSDT: name 'client' is not defined
2026-05-03 16:59:30: [ERROR] Erreur données ETHUSDT: name 'client' is not defined
2026-05-03 16:59:30: [ERROR] Erreur données ETHUSDT: name 'client' is not defined
2026-05-03 16:59:30: [ERROR] Erreur données ETHUSDT: name 'client' is not defined
2026-05-03 16:59:30: [ERROR] Erreur données ETHUSDT: name 'client' is not defined
2026-05-03 16:59:30: [ERROR] Erreur données ETHUSDT: name 'client' is not defined
2026-05-03 16:59:30: [ERROR] Erreur données ETHUSDT: name 'client' is not defined
2026-05-03 16:59:30: [ERROR] Erreur données ETHUSDT: name 'client' is not defined
2026-05-03 16:59:30: [ERROR] Erreur données ETHUSDT: name 'client' is not defined
2026-05-03 16:59:30: [ERROR] Erreur données ETHUSDT: name 'client' is not defined
2026-05-03 16:59:30: [ERROR] Erreur données ETHUSDT: name 'client' is not defined
2026-05-03 16:59:30: [ERROR] Erreur données ETHUSDT: name 'client' is not defined
2026-05-03 16:59:30: [ERROR] Erreur données ETHUSDT: name 'client' is not defined
2026-05-03 16:59:30: [ERROR] Erreur données ETHUSDT: name 'client' is not defined
2026-05-03 16:59:30: [ERROR] Erreur données ETHUSDT: name 'client' is not defined
2026-05-03 16:59:30: [ERROR] Erreur données ETHUSDT: name 'client' is not defined
2026-05-03 16:59:30: [ERROR] Erreur données ETHUSDT: name 'client' is not defined
2026-05-03 16:59:30: [ERROR] Erreur données ETHUSDT: name 'client' is not defined
2026-05-03 16:59:30: [ERROR] Erreur données ETHUSDT: name 'client' is not defined
2026-05-03 16:59:30: [ERROR] Erreur données ETHUSDT: name 'client' is not defined
2026-05-03 16:59:30: [ERROR] Erreur données ETHUSDT: name 'client' is not defined
2026-05-03 16:59:30: [ERROR] Erreur données ETHUSDT: name 'client' is not defined
2026-05-03 16:59:30: [ERROR] Erreur données ETHUSDT: name 'client' is not defined
2026-05-03 16:59:30: [ERROR] Erreur données BTCUSDT: name 'client' is not defined
2026-05-03 16:59:30: [ERROR] Erreur données ETHUSDT: name 'client' is not defined
2026-05-03 16:59:30: [ERROR] Erreur données BTCUSDT: name 'client' is not defined
2026-05-03 16:59:30: [ERROR] Erreur données ETHUSDT: name 'client' is not defined
2026-05-03 16:59:30: [ERROR] Erreur données BTCUSDT: name 'client' is not defined
2026-05-03 16:59:30: [ERROR] Erreur données ETHUSDT: name 'client' is not defined
2026-05-03 16:59:30: [ERROR] Erreur données ETHUSDT: name 'client' is not defined
2026-05-03 16:59:30: [ERROR] Erreur données ETHUSDT: name 'client' is not defined
2026-05-03 16:59:30: [ERROR] Erreur données ETHUSDT: name 'client' is not defined
2026-05-03 16:59:30: [ERROR] Erreur données ETHUSDT: name 'client' is not defined
2026-05-03 16:59:30: [ERROR] Erreur données ETHUSDT: name 'client' is not defined
2026-05-03 16:59:30: [ERROR] Erreur données ETHUSDT: name 'client' is not defined
2026-05-03 16:59:30: [ERROR] Erreur données ETHUSDT: name 'client' is not defined
2026-05-03 16:59:30: [ERROR] Erreur données ETHUSDT: name 'client' is not defined
2026-05-03 16:59:30: [ERROR] Erreur données ETHUSDT: name 'client' is not defined
2026-05-03 16:59:30: [ERROR] Erreur données ETHUSDT: name 'client' is not defined
2026-05-03 16:59:30: [ERROR] Erreur données ETHUSDT: name 'client' is not defined
2026-05-03 16:59:30: [ERROR] Erreur données ETHUSDT: name 'client' is not defined
2026-05-03 16:59:30: [ERROR] Erreur données ETHUSDT: name 'client' is not defined
2026-05-03 16:59:30: [ERROR] Erreur données ETHUSDT: name 'client' is not defined
2026-05-03 16:59:30: [ERROR] Erreur données ETHUSDT: name 'client' is not defined
2026-05-03 16:59:30: [ERROR] Erreur données ETHUSDT: name 'client' is not defined
2026-05-03 16:59:30: [ERROR] Erreur données ETHUSDT: name 'client' is not defined
2026-05-03 16:59:30: [ERROR] Erreur données ETHUSDT: name 'client' is not defined
2026-05-03 16:59:30: [ERROR] Erreur données ETHUSDT: name 'client' is not defined
2026-05-03 16:59:30: [ERROR] Erreur données ETHUSDT: name 'client' is not defined
2026-05-03 16:59:30: [ERROR] Erreur données ETHUSDT: name 'client' is not defined
2026-05-03 16:59:30: [ERROR] Erreur données ETHUSDT: name 'client' is not defined
2026-05-03 16:59:30: [ERROR] Erreur données ETHUSDT: name 'client' is not defined
2026-05-03 16:59:30: [ERROR] Erreur données ETHUSDT: name 'client' is not defined
2026-05-03 16:59:30: [ERROR] Erreur données ETHUSDT: name 'client' is not defined
2026-05-03 16:59:30: [ERROR] Erreur données ETHUSDT: name 'client' is not defined
2026-05-03 16:59:30: [ERROR] Erreur données ETHUSDT: name 'client' is not defined
2026-05-03 16:59:30: [ERROR] Erreur données ETHUSDT: name 'client' is not defined
2026-05-03 16:59:30: [ERROR] Erreur données ETHUSDT: name 'client' is not defined
2026-05-03 16:59:30: [ERROR] Erreur données ETHUSDT: name 'client' is not defined
2026-05-03 16:59:30: [ERROR] Erreur données ETHUSDT: name 'client' is not defined
2026-05-03 16:59:30: [ERROR] Erreur données ETHUSDT: name 'client' is not defined
2026-05-03 16:59:30: [ERROR] Erreur données BTCUSDT: name 'client' is not defined
2026-05-03 16:59:30: [ERROR] Erreur données BTCUSDT: name 'client' is not defined
2026-05-03 16:59:30: [ERROR] Erreur données BTCUSDT: name 'client' is not defined
2026-05-03 16:59:30: [ERROR] Erreur données BTCUSDT: name 'client' is not defined
2026-05-03 16:59:30: [ERROR] Erreur données ETHUSDT: name 'client' is not defined
2026-05-03 16:59:30: [ERROR] Erreur données BTCUSDT: name 'client' is not defined
2026-05-03 16:59:30: [ERROR] Erreur données BTCUSDT: name 'client' is not defined
2026-05-03 16:59:30: [ERROR] Erreur données ETHUSDT: name 'client' is not defined
2026-05-03 16:59:30: [ERROR] Erreur données BTCUSDT: name 'client' is not defined
2026-05-03 16:59:30: [ERROR] Erreur données BTCUSDT: name 'client' is not defined
2026-05-03 16:59:30: [ERROR] Erreur données ETHUSDT: name 'client' is not defined
2026-05-03 16:59:30: [ERROR] Erreur données ETHUSDT: name 'client' is not defined
2026-05-03 16:59:30: [ERROR] Erreur données ETHUSDT: name 'client' is not defined
2026-05-03 16:59:30: [ERROR] Erreur données ETHUSDT: name 'client' is not defined
2026-05-03 16:59:30: [ERROR] Erreur données ETHUSDT: name 'client' is not defined
2026-05-03 16:59:30: [ERROR] Erreur données ETHUSDT: name 'client' is not defined
2026-05-03 16:59:30: [ERROR] Erreur données ETHUSDT: name 'client' is not defined
2026-05-03 16:59:30: [ERROR] Erreur données ETHUSDT: name 'client' is not defined
2026-05-03 16:59:30: [ERROR] Erreur données ETHUSDT: name 'client' is not defined
2026-05-03 16:59:30: [ERROR] Erreur données ETHUSDT: name 'client' is not defined
2026-05-03 16:59:30: [ERROR] Erreur données BTCUSDT: name 'client' is not defined
2026-05-03 16:59:30: [ERROR] Erreur données ETHUSDT: name 'client' is not defined
2026-05-03 16:59:30: [ERROR] Erreur données BTCUSDT: name 'client' is not defined
2026-05-03 16:59:30: [ERROR] Erreur données ETHUSDT: name 'client' is not defined
2026-05-03 16:59:30: [ERROR] Erreur données ETHUSDT: name 'client' is not defined
2026-05-03 16:59:30: [ERROR] Erreur données ETHUSDT: name 'client' is not defined
2026-05-03 16:59:30: [ERROR] Erreur données ETHUSDT: name 'client' is not defined
2026-05-03 16:59:30: [ERROR] Erreur données ETHUSDT: name 'client' is not defined
2026-05-03 16:59:30: [ERROR] Erreur données BTCUSDT: name 'client' is not defined
2026-05-03 16:59:30: [ERROR] Erreur données ETHUSDT: name 'client' is not defined
2026-05-03 16:59:30: [ERROR] Erreur données ETHUSDT: name 'client' is not defined
2026-05-03 16:59:30: [ERROR] Erreur données BTCUSDT: name 'client' is not defined
2026-05-03 16:59:30: [ERROR] Erreur données ETHUSDT: name 'client' is not defined
2026-05-03 16:59:30: [ERROR] Erreur données BTCUSDT: name 'client' is not defined
2026-05-03 16:59:30: [ERROR] Erreur données ETHUSDT: name 'client' is not defined
2026-05-03 16:59:30: [ERROR] Erreur données ETHUSDT: name 'client' is not defined
2026-05-03 16:59:30: [ERROR] Erreur données ETHUSDT: name 'client' is not defined
2026-05-03 16:59:30: [ERROR] Erreur données ETHUSDT: name 'client' is not defined
2026-05-03 16:59:30: [ERROR] Erreur données ETHUSDT: name 'client' is not defined
2026-05-03 16:59:30: [ERROR] Erreur données ETHUSDT: name 'client' is not defined
2026-05-03 16:59:30: [ERROR] Erreur données ETHUSDT: name 'client' is not defined
2026-05-03 16:59:30: [ERROR] Erreur données ETHUSDT: name 'client' is not defined
2026-05-03 16:59:30: [ERROR] Erreur données ETHUSDT: name 'client' is not defined
2026-05-03 16:59:30: [ERROR] Erreur données ETHUSDT: name 'client' is not defined
2026-05-03 16:59:30: [ERROR] Erreur données ETHUSDT: name 'client' is not defined
2026-05-03 16:59:30: [ERROR] Erreur données ETHUSDT: name 'client' is not defined
2026-05-03 16:59:30: [ERROR] Erreur données ETHUSDT: name 'client' is not defined
2026-05-03 16:59:30: [ERROR] Erreur données ETHUSDT: name 'client' is not defined
2026-05-03 16:59:30: [ERROR] Erreur données ETHUSDT: name 'client' is not defined
2026-05-03 16:59:30: [ERROR] Erreur données ETHUSDT: name 'client' is not defined
2026-05-03 16:59:30: [ERROR] Erreur données ETHUSDT: name 'client' is not defined
2026-05-03 16:59:30: [ERROR] Erreur données ETHUSDT: name 'client' is not defined
2026-05-03 16:59:30: [ERROR] Erreur données ETHUSDT: name 'client' is not defined
2026-05-03 16:59:30: [ERROR] Erreur données ETHUSDT: name 'client' is not defined
2026-05-03 16:59:30: [ERROR] Erreur données ETHUSDT: name 'client' is not defined
2026-05-03 16:59:30: [ERROR] Erreur données ETHUSDT: name 'client' is not defined
2026-05-03 16:59:30: [ERROR] Erreur données ETHUSDT: name 'client' is not defined
2026-05-03 16:59:30: [ERROR] Erreur données ETHUSDT: name 'client' is not defined
2026-05-03 16:59:30: [ERROR] Erreur données ETHUSDT: name 'client' is not defined
2026-05-03 16:59:30: [ERROR] Erreur données ETHUSDT: name 'client' is not defined
2026-05-03 16:59:30: [ERROR] Erreur données ETHUSDT: name 'client' is not defined
2026-05-03 16:59:30: [ERROR] Erreur données ETHUSDT: name 'client' is not defined
2026-05-03 16:59:30: [ERROR] Erreur données ETHUSDT: name 'client' is not defined
2026-05-03 16:59:30: [ERROR] Erreur données ETHUSDT: name 'client' is not defined
2026-05-03 16:59:30: [ERROR] Erreur données ETHUSDT: name 'client' is not defined
2026-05-03 16:59:30: [ERROR] Erreur données ETHUSDT: name 'client' is not defined
2026-05-03 16:59:30: [ERROR] Erreur données ETHUSDT: name 'client' is not defined
2026-05-03 16:59:30: [ERROR] Erreur données ETHUSDT: name 'client' is not defined
2026-05-03 16:59:30: [ERROR] Erreur données ETHUSDT: name 'client' is not defined
2026-05-03 16:59:30: [ERROR] Erreur données ETHUSDT: name 'client' is not defined
2026-05-03 16:59:30: [ERROR] Erreur données ETHUSDT: name 'client' is not defined
2026-05-03 16:59:30: [ERROR] Erreur données ETHUSDT: name 'client' is not defined
2026-05-03 16:59:30: [ERROR] Erreur données BTCUSDT: name 'client' is not defined
2026-05-03 16:59:30: [ERROR] Erreur données ETHUSDT: name 'client' is not defined
2026-05-03 16:59:30: [ERROR] Erreur données ETHUSDT: name 'client' is not defined
2026-05-03 16:59:30: [ERROR] Erreur données ETHUSDT: name 'client' is not defined
2026-05-03 16:59:30: [ERROR] Erreur données ETHUSDT: name 'client' is not defined
2026-05-03 16:59:30: [ERROR] Erreur données ETHUSDT: name 'client' is not defined
2026-05-03 16:59:30: [ERROR] Erreur données ETHUSDT: name 'client' is not defined
2026-05-03 16:59:30: [ERROR] Erreur données ETHUSDT: name 'client' is not defined
2026-05-03 16:59:30: [ERROR] Erreur données BTCUSDT: name 'client' is not defined
2026-05-03 16:59:30: [ERROR] Erreur données BTCUSDT: name 'client' is not defined
2026-05-03 16:59:30: [ERROR] Erreur données BTCUSDT: name 'client' is not defined
2026-05-03 16:59:30: [ERROR] Erreur données BTCUSDT: name 'client' is not defined
2026-05-03 16:59:30: [ERROR] Erreur données BTCUSDT: name 'client' is not defined
2026-05-03 16:59:30: [ERROR] Erreur données BTCUSDT: name 'client' is not defined
2026-05-03 16:59:30: [ERROR] Erreur données BTCUSDT: name 'client' is not defined
2026-05-03 16:59:30: [ERROR] Erreur données BTCUSDT: name 'client' is not defined
2026-05-03 16:59:30: [ERROR] Erreur données BTCUSDT: name 'client' is not defined
2026-05-03 16:59:30: [ERROR] Erreur données ETHUSDT: name 'client' is not defined
2026-05-03 16:59:30: [ERROR] Erreur données ETHUSDT: name 'client' is not defined
2026-05-03 16:59:30: [ERROR] Erreur données ETHUSDT: name 'client' is not defined
2026-05-03 16:59:30: [ERROR] Erreur données ETHUSDT: name 'client' is not defined
2026-05-03 16:59:30: [ERROR] Erreur données ETHUSDT: name 'client' is not defined
2026-05-03 16:59:30: [ERROR] Erreur données ETHUSDT: name 'client' is not defined
2026-05-03 16:59:30: [ERROR] Erreur données ETHUSDT: name 'client' is not defined
2026-05-03 16:59:30: [ERROR] Erreur données ETHUSDT: name 'client' is not defined
2026-05-03 16:59:30: [ERROR] Erreur données ETHUSDT: name 'client' is not defined
2026-05-03 16:59:30: [ERROR] Erreur données ETHUSDT: name 'client' is not defined
2026-05-03 16:59:30: [ERROR] Erreur données ETHUSDT: name 'client' is not defined
2026-05-03 16:59:30: [ERROR] Erreur données ETHUSDT: name 'client' is not defined
2026-05-03 16:59:30: [ERROR] Erreur données ETHUSDT: name 'client' is not defined
2026-05-03 16:59:30: [ERROR] Erreur données ETHUSDT: name 'client' is not defined
2026-05-03 16:59:30: [ERROR] Erreur données ETHUSDT: name 'client' is not defined
2026-05-03 16:59:30: [ERROR] Erreur données ETHUSDT: name 'client' is not defined
2026-05-03 16:59:30: [ERROR] Erreur données ETHUSDT: name 'client' is not defined
2026-05-03 16:59:30: [ERROR] Erreur données ETHUSDT: name 'client' is not defined
2026-05-03 16:59:30: [ERROR] Erreur données ETHUSDT: name 'client' is not defined
2026-05-03 16:59:30: [ERROR] Erreur données ETHUSDT: name 'client' is not defined
2026-05-03 16:59:30: [ERROR] Erreur données ETHUSDT: name 'client' is not defined
2026-05-03 16:59:30: [ERROR] Erreur données ETHUSDT: name 'client' is not defined
2026-05-03 16:59:30: [ERROR] Erreur données ETHUSDT: name 'client' is not defined
2026-05-03 16:59:30: [ERROR] Erreur données ETHUSDT: name 'client' is not defined
2026-05-03 16:59:30: [ERROR] Erreur données ETHUSDT: name 'client' is not defined
2026-05-03 16:59:30: [ERROR] Erreur données ETHUSDT: name 'client' is not defined
2026-05-03 16:59:30: [ERROR] Erreur données ETHUSDT: name 'client' is not defined
2026-05-03 16:59:30: [ERROR] Erreur données ETHUSDT: name 'client' is not defined
2026-05-03 16:59:30: [ERROR] Erreur données BTCUSDT: name 'client' is not defined
2026-05-03 16:59:30: [ERROR] Erreur données BTCUSDT: name 'client' is not defined
2026-05-03 16:59:30: [ERROR] Erreur données BTCUSDT: name 'client' is not defined
2026-05-03 16:59:30: [ERROR] Erreur données BTCUSDT: name 'client' is not defined
2026-05-03 16:59:30: [ERROR] Erreur données BTCUSDT: name 'client' is not defined
2026-05-03 16:59:30: [ERROR] Erreur données ETHUSDT: name 'client' is not defined
2026-05-03 16:59:30: [ERROR] Erreur données ETHUSDT: name 'client' is not defined
2026-05-03 16:59:30: [ERROR] Erreur données BTCUSDT: name 'client' is not defined
2026-05-03 16:59:30: [ERROR] Erreur données BTCUSDT: name 'client' is not defined
2026-05-03 16:59:30: [ERROR] Erreur données BTCUSDT: name 'client' is not defined
2026-05-03 16:59:30: [ERROR] Erreur données ETHUSDT: name 'client' is not defined
2026-05-03 16:59:30: [ERROR] Erreur données ETHUSDT: name 'client' is not defined
2026-05-03 16:59:30: [ERROR] Erreur données SOLUSDT: name 'client' is not defined
2026-05-03 16:59:30: [ERROR] Erreur données ETHUSDT: name 'client' is not defined
2026-05-03 16:59:30: [ERROR] Erreur données ETHUSDT: name 'client' is not defined
2026-05-03 16:59:30: [ERROR] Erreur données ETHUSDT: name 'client' is not defined
2026-05-03 16:59:30: [ERROR] Erreur données ETHUSDT: name 'client' is not defined
2026-05-03 16:59:30: [ERROR] Erreur données ETHUSDT: name 'client' is not defined
2026-05-03 16:59:30: [ERROR] Erreur données ETHUSDT: name 'client' is not defined
2026-05-03 16:59:30: [ERROR] Erreur données ETHUSDT: name 'client' is not defined
2026-05-03 16:59:30: [ERROR] Erreur données ETHUSDT: name 'client' is not defined
2026-05-03 16:59:30: [ERROR] Erreur données ETHUSDT: name 'client' is not defined
2026-05-03 16:59:30: [ERROR] Erreur données ETHUSDT: name 'client' is not defined
2026-05-03 16:59:30: [ERROR] Erreur données ETHUSDT: name 'client' is not defined
2026-05-03 16:59:30: [ERROR] Erreur données ETHUSDT: name 'client' is not defined
2026-05-03 16:59:30: [ERROR] Erreur données BTCUSDT: name 'client' is not defined
2026-05-03 16:59:30: [ERROR] Erreur données ETHUSDT: name 'client' is not defined
2026-05-03 16:59:30: [ERROR] Erreur données BTCUSDT: name 'client' is not defined
2026-05-03 16:59:30: [ERROR] Erreur données ETHUSDT: name 'client' is not defined
2026-05-03 16:59:30: [ERROR] Erreur données BTCUSDT: name 'client' is not defined
2026-05-03 16:59:30: [ERROR] Erreur données ETHUSDT: name 'client' is not defined
2026-05-03 16:59:30: [ERROR] Erreur données BTCUSDT: name 'client' is not defined
2026-05-03 16:59:30: [ERROR] Erreur données ETHUSDT: name 'client' is not defined
2026-05-03 16:59:30: [ERROR] Erreur données ETHUSDT: name 'client' is not defined
2026-05-03 16:59:30: [ERROR] Erreur données ETHUSDT: name 'client' is not defined
2026-05-03 16:59:30: [ERROR] Erreur données ETHUSDT: name 'client' is not defined
2026-05-03 16:59:30: [ERROR] Erreur données ETHUSDT: name 'client' is not defined
2026-05-03 16:59:30: [ERROR] Erreur données ETHUSDT: name 'client' is not defined
2026-05-03 16:59:30: [ERROR] Erreur données ETHUSDT: name 'client' is not defined
2026-05-03 16:59:30: [ERROR] Erreur données ETHUSDT: name 'client' is not defined
2026-05-03 16:59:30: [ERROR] Erreur données ETHUSDT: name 'client' is not defined
2026-05-03 16:59:30: [ERROR] Erreur données ETHUSDT: name 'client' is not defined
2026-05-03 16:59:30: [ERROR] Erreur données ETHUSDT: name 'client' is not defined
2026-05-03 16:59:30: [ERROR] Erreur données SOLUSDT: name 'client' is not defined
2026-05-03 16:59:30: [ERROR] Erreur données SOLUSDT: name 'client' is not defined
2026-05-03 16:59:30: [ERROR] Erreur données BTCUSDT: name 'client' is not defined
2026-05-03 16:59:30: [ERROR] Erreur données BTCUSDT: name 'client' is not defined
2026-05-03 16:59:31: [ERROR] Erreur données BTCUSDT: name 'client' is not defined
2026-05-03 16:59:31: [ERROR] Erreur données SOLUSDT: name 'client' is not defined
2026-05-03 16:59:31: [ERROR] Erreur données BTCUSDT: name 'client' is not defined
2026-05-03 16:59:31: [ERROR] Erreur données BTCUSDT: name 'client' is not defined
2026-05-03 16:59:31: [ERROR] Erreur données BTCUSDT: name 'client' is not defined
2026-05-03 16:59:31: [ERROR] Erreur données BTCUSDT: name 'client' is not defined
2026-05-03 16:59:31: [ERROR] Erreur données BTCUSDT: name 'client' is not defined
2026-05-03 16:59:31: [ERROR] Erreur données BTCUSDT: name 'client' is not defined
2026-05-03 16:59:31: [ERROR] Erreur données BTCUSDT: name 'client' is not defined
2026-05-03 16:59:31: [ERROR] Erreur données BTCUSDT: name 'client' is not defined
2026-05-03 16:59:31: [ERROR] Erreur données SOLUSDT: name 'client' is not defined
2026-05-03 16:59:31: [ERROR] Erreur données SOLUSDT: name 'client' is not defined
2026-05-03 16:59:31: [ERROR] Erreur données SOLUSDT: name 'client' is not defined
2026-05-03 16:59:31: [ERROR] Erreur données SOLUSDT: name 'client' is not defined
2026-05-03 16:59:31: [ERROR] Erreur données SOLUSDT: name 'client' is not defined
2026-05-03 16:59:31: [ERROR] Erreur données SOLUSDT: name 'client' is not defined
2026-05-03 16:59:31: [ERROR] Erreur données ETHUSDT: name 'client' is not defined
2026-05-03 16:59:31: [ERROR] Erreur données SOLUSDT: name 'client' is not defined
2026-05-03 16:59:31: [ERROR] Erreur données BTCUSDT: name 'client' is not defined
2026-05-03 16:59:31: [ERROR] Erreur données SOLUSDT: name 'client' is not defined
2026-05-03 16:59:31: [ERROR] Erreur données SOLUSDT: name 'client' is not defined
2026-05-03 16:59:31: [ERROR] Erreur données SOLUSDT: name 'client' is not defined
2026-05-03 16:59:31: [ERROR] Erreur données SOLUSDT: name 'client' is not defined
2026-05-03 16:59:31: [ERROR] Erreur données ETHUSDT: name 'client' is not defined
2026-05-03 16:59:31: [ERROR] Erreur données ETHUSDT: name 'client' is not defined
2026-05-03 16:59:31: [ERROR] Erreur données ETHUSDT: name 'client' is not defined
2026-05-03 16:59:31: [ERROR] Erreur données ETHUSDT: name 'client' is not defined
2026-05-03 16:59:31: [ERROR] Erreur données ETHUSDT: name 'client' is not defined
2026-05-03 16:59:31: [ERROR] Erreur données ETHUSDT: name 'client' is not defined
2026-05-03 16:59:31: [ERROR] Erreur données ETHUSDT: name 'client' is not defined
2026-05-03 16:59:31: [ERROR] Erreur données ETHUSDT: name 'client' is not defined
2026-05-03 16:59:31: [ERROR] Erreur données ETHUSDT: name 'client' is not defined
2026-05-03 16:59:31: [ERROR] Erreur données ETHUSDT: name 'client' is not defined
2026-05-03 16:59:31: [ERROR] Erreur données ETHUSDT: name 'client' is not defined
2026-05-03 16:59:31: [ERROR] Erreur données ETHUSDT: name 'client' is not defined
2026-05-03 16:59:31: [ERROR] Erreur données ETHUSDT: name 'client' is not defined
2026-05-03 16:59:31: [ERROR] Erreur données ETHUSDT: name 'client' is not defined
2026-05-03 16:59:31: [ERROR] Erreur données ETHUSDT: name 'client' is not defined
2026-05-03 16:59:31: [ERROR] Erreur données ETHUSDT: name 'client' is not defined
2026-05-03 16:59:31: [ERROR] Erreur données ETHUSDT: name 'client' is not defined
2026-05-03 16:59:31: [ERROR] Erreur données ETHUSDT: name 'client' is not defined
2026-05-03 16:59:31: [ERROR] Erreur données ETHUSDT: name 'client' is not defined
2026-05-03 16:59:31: [ERROR] Erreur données ETHUSDT: name 'client' is not defined
2026-05-03 16:59:31: [ERROR] Erreur données ETHUSDT: name 'client' is not defined
2026-05-03 16:59:31: [ERROR] Erreur données ETHUSDT: name 'client' is not defined
2026-05-03 16:59:31: [ERROR] Erreur données ETHUSDT: name 'client' is not defined
2026-05-03 16:59:31: [ERROR] Erreur données ETHUSDT: name 'client' is not defined
2026-05-03 16:59:31: [ERROR] Erreur données ETHUSDT: name 'client' is not defined
2026-05-03 16:59:31: [ERROR] Erreur données ETHUSDT: name 'client' is not defined
2026-05-03 16:59:31: [ERROR] Erreur données ETHUSDT: name 'client' is not defined
2026-05-03 16:59:31: [ERROR] Erreur données ETHUSDT: name 'client' is not defined
2026-05-03 16:59:31: [ERROR] Erreur données ETHUSDT: name 'client' is not defined
2026-05-03 16:59:31: [ERROR] Erreur données ETHUSDT: name 'client' is not defined
2026-05-03 16:59:31: [ERROR] Erreur données ETHUSDT: name 'client' is not defined
2026-05-03 16:59:31: [ERROR] Erreur données ETHUSDT: name 'client' is not defined
2026-05-03 16:59:31: [ERROR] Erreur données ETHUSDT: name 'client' is not defined
2026-05-03 16:59:31: [ERROR] Erreur données SOLUSDT: name 'client' is not defined
2026-05-03 16:59:31: [ERROR] Erreur données ETHUSDT: name 'client' is not defined
2026-05-03 16:59:31: [ERROR] Erreur données ETHUSDT: name 'client' is not defined
2026-05-03 16:59:31: [ERROR] Erreur données ETHUSDT: name 'client' is not defined
2026-05-03 16:59:31: [ERROR] Erreur données ETHUSDT: name 'client' is not defined
2026-05-03 16:59:31: [ERROR] Erreur données ETHUSDT: name 'client' is not defined
2026-05-03 16:59:31: [ERROR] Erreur données ETHUSDT: name 'client' is not defined
2026-05-03 16:59:31: [ERROR] Erreur données ETHUSDT: name 'client' is not defined
2026-05-03 16:59:31: [ERROR] Erreur données ETHUSDT: name 'client' is not defined
2026-05-03 16:59:31: [ERROR] Erreur données ETHUSDT: name 'client' is not defined
2026-05-03 16:59:31: [ERROR] Erreur données ETHUSDT: name 'client' is not defined
2026-05-03 16:59:31: [ERROR] Erreur données ETHUSDT: name 'client' is not defined
2026-05-03 16:59:31: [ERROR] Erreur données ETHUSDT: name 'client' is not defined
2026-05-03 16:59:31: [ERROR] Erreur données ETHUSDT: name 'client' is not defined
2026-05-03 16:59:31: [ERROR] Erreur données ETHUSDT: name 'client' is not defined
2026-05-03 16:59:31: [ERROR] Erreur données ETHUSDT: name 'client' is not defined
2026-05-03 16:59:31: [ERROR] Erreur données SOLUSDT: name 'client' is not defined
2026-05-03 16:59:31: [ERROR] Erreur données BTCUSDT: name 'client' is not defined
2026-05-03 16:59:31: [ERROR] Erreur données ETHUSDT: name 'client' is not defined
2026-05-03 16:59:31: [ERROR] Erreur données BTCUSDT: name 'client' is not defined
2026-05-03 16:59:31: [ERROR] Erreur données ETHUSDT: name 'client' is not defined
2026-05-03 16:59:31: [ERROR] Erreur données ETHUSDT: name 'client' is not defined
2026-05-03 16:59:31: [ERROR] Erreur données BTCUSDT: name 'client' is not defined
2026-05-03 16:59:31: [ERROR] Erreur données BTCUSDT: name 'client' is not defined
2026-05-03 16:59:31: [ERROR] Erreur données SOLUSDT: name 'client' is not defined
2026-05-03 16:59:31: [ERROR] Erreur données ETHUSDT: name 'client' is not defined
2026-05-03 16:59:31: [ERROR] Erreur données BTCUSDT: name 'client' is not defined
2026-05-03 16:59:31: [ERROR] Erreur données BTCUSDT: name 'client' is not defined
2026-05-03 16:59:31: [ERROR] Erreur données ETHUSDT: name 'client' is not defined
2026-05-03 16:59:31: [ERROR] Erreur données ETHUSDT: name 'client' is not defined
2026-05-03 16:59:31: [ERROR] Erreur données ETHUSDT: name 'client' is not defined
2026-05-03 16:59:31: [ERROR] Erreur données ETHUSDT: name 'client' is not defined
2026-05-03 16:59:31: [ERROR] Erreur données ETHUSDT: name 'client' is not defined
2026-05-03 16:59:31: [ERROR] Erreur données ETHUSDT: name 'client' is not defined
2026-05-03 16:59:31: [ERROR] Erreur données ETHUSDT: name 'client' is not defined
2026-05-03 16:59:31: [ERROR] Erreur données ETHUSDT: name 'client' is not defined
2026-05-03 16:59:31: [ERROR] Erreur données ETHUSDT: name 'client' is not defined
2026-05-03 16:59:31: [ERROR] Erreur données ETHUSDT: name 'client' is not defined
2026-05-03 16:59:31: [ERROR] Erreur données ETHUSDT: name 'client' is not defined
2026-05-03 16:59:31: [ERROR] Erreur données ETHUSDT: name 'client' is not defined
2026-05-03 16:59:31: [ERROR] Erreur données ETHUSDT: name 'client' is not defined
2026-05-03 16:59:31: [ERROR] Erreur données ETHUSDT: name 'client' is not defined
2026-05-03 16:59:31: [ERROR] Erreur données ETHUSDT: name 'client' is not defined
2026-05-03 16:59:31: [ERROR] Erreur données ETHUSDT: name 'client' is not defined
2026-05-03 16:59:31: [ERROR] Erreur données ETHUSDT: name 'client' is not defined
2026-05-03 16:59:31: [ERROR] Erreur données ETHUSDT: name 'client' is not defined
2026-05-03 16:59:31: [ERROR] Erreur données ETHUSDT: name 'client' is not defined
2026-05-03 16:59:31: [ERROR] Erreur données ETHUSDT: name 'client' is not defined
2026-05-03 16:59:31: [ERROR] Erreur données BTCUSDT: name 'client' is not defined
2026-05-03 16:59:31: [ERROR] Erreur données BTCUSDT: name 'client' is not defined
2026-05-03 16:59:31: [ERROR] Erreur données ETHUSDT: name 'client' is not defined
2026-05-03 16:59:31: [ERROR] Erreur données ETHUSDT: name 'client' is not defined
2026-05-03 16:59:31: [ERROR] Erreur données ETHUSDT: name 'client' is not defined
2026-05-03 16:59:31: [ERROR] Erreur données ETHUSDT: name 'client' is not defined
2026-05-03 16:59:31: [ERROR] Erreur données ETHUSDT: name 'client' is not defined
2026-05-03 16:59:31: [ERROR] Erreur données ETHUSDT: name 'client' is not defined
2026-05-03 16:59:31: [ERROR] Erreur données ETHUSDT: name 'client' is not defined
2026-05-03 16:59:31: [ERROR] Erreur données ETHUSDT: name 'client' is not defined
2026-05-03 16:59:31: [ERROR] Erreur données ETHUSDT: name 'client' is not defined
2026-05-03 16:59:31: [ERROR] Erreur données ETHUSDT: name 'client' is not defined
2026-05-03 16:59:31: [ERROR] Erreur données ETHUSDT: name 'client' is not defined
2026-05-03 16:59:31: [ERROR] Erreur données ETHUSDT: name 'client' is not defined
2026-05-03 16:59:31: [ERROR] Erreur données ETHUSDT: name 'client' is not defined
2026-05-03 16:59:31: [ERROR] Erreur données ETHUSDT: name 'client' is not defined
2026-05-03 16:59:31: [ERROR] Erreur données ETHUSDT: name 'client' is not defined
2026-05-03 16:59:31: [ERROR] Erreur données BTCUSDT: name 'client' is not defined
2026-05-03 16:59:31: [ERROR] Erreur données BTCUSDT: name 'client' is not defined
2026-05-03 16:59:31: [ERROR] Erreur données BTCUSDT: name 'client' is not defined
2026-05-03 16:59:31: [ERROR] Erreur données BTCUSDT: name 'client' is not defined
2026-05-03 16:59:31: [ERROR] Erreur données SOLUSDT: name 'client' is not defined
2026-05-03 16:59:31: [ERROR] Erreur données BTCUSDT: name 'client' is not defined
2026-05-03 16:59:31: [ERROR] Erreur données SOLUSDT: name 'client' is not defined
2026-05-03 16:59:31: [ERROR] Erreur données BTCUSDT: name 'client' is not defined
2026-05-03 16:59:31: [ERROR] Erreur données BTCUSDT: name 'client' is not defined
2026-05-03 16:59:31: [ERROR] Erreur données BTCUSDT: name 'client' is not defined
2026-05-03 16:59:31: [ERROR] Erreur données ETHUSDT: name 'client' is not defined
2026-05-03 16:59:31: [ERROR] Erreur données ETHUSDT: name 'client' is not defined
2026-05-03 16:59:31: [ERROR] Erreur données ETHUSDT: name 'client' is not defined
2026-05-03 16:59:31: [ERROR] Erreur données ETHUSDT: name 'client' is not defined
2026-05-03 16:59:31: [ERROR] Erreur données BTCUSDT: name 'client' is not defined
2026-05-03 16:59:31: [ERROR] Erreur données BTCUSDT: name 'client' is not defined
2026-05-03 16:59:31: [ERROR] Erreur données ETHUSDT: name 'client' is not defined
2026-05-03 16:59:31: [ERROR] Erreur données BTCUSDT: name 'client' is not defined
2026-05-03 16:59:31: [ERROR] Erreur données ETHUSDT: name 'client' is not defined
2026-05-03 16:59:31: [ERROR] Erreur données BTCUSDT: name 'client' is not defined
2026-05-03 16:59:31: [ERROR] Erreur données ETHUSDT: name 'client' is not defined
2026-05-03 16:59:31: [ERROR] Erreur données ETHUSDT: name 'client' is not defined
2026-05-03 16:59:31: [ERROR] Erreur données ETHUSDT: name 'client' is not defined
2026-05-03 16:59:31: [ERROR] Erreur données ETHUSDT: name 'client' is not defined
2026-05-03 16:59:31: [ERROR] Erreur données BTCUSDT: name 'client' is not defined
2026-05-03 16:59:31: [ERROR] Erreur données BTCUSDT: name 'client' is not defined
2026-05-03 16:59:31: [ERROR] Erreur données SOLUSDT: name 'client' is not defined
2026-05-03 16:59:31: [ERROR] Erreur données SOLUSDT: name 'client' is not defined
2026-05-03 16:59:31: [ERROR] Erreur données BTCUSDT: name 'client' is not defined
2026-05-03 16:59:31: [ERROR] Erreur données ETHUSDT: name 'client' is not defined
2026-05-03 16:59:31: [ERROR] Erreur données ETHUSDT: name 'client' is not defined
2026-05-03 16:59:31: [ERROR] Erreur données ETHUSDT: name 'client' is not defined
2026-05-03 16:59:32: [ERROR] Erreur données BTCUSDT: name 'client' is not defined
2026-05-03 16:59:32: [ERROR] Erreur données ETHUSDT: name 'client' is not defined
2026-05-03 16:59:32: [ERROR] Erreur données ETHUSDT: name 'client' is not defined
2026-05-03 16:59:32: [ERROR] Erreur données BTCUSDT: name 'client' is not defined
2026-05-03 16:59:32: [ERROR] Erreur données BTCUSDT: name 'client' is not defined
2026-05-03 16:59:32: [ERROR] Erreur données BTCUSDT: name 'client' is not defined
2026-05-03 16:59:32: [ERROR] Erreur données BTCUSDT: name 'client' is not defined
2026-05-03 16:59:32: [ERROR] Erreur données ETHUSDT: name 'client' is not defined
2026-05-03 16:59:32: [ERROR] Erreur données ETHUSDT: name 'client' is not defined
2026-05-03 16:59:32: [ERROR] Erreur données BTCUSDT: name 'client' is not defined
2026-05-03 16:59:32: [ERROR] Erreur données BTCUSDT: name 'client' is not defined
2026-05-03 16:59:32: [ERROR] Erreur données BTCUSDT: name 'client' is not defined
2026-05-03 16:59:32: [ERROR] Erreur données BTCUSDT: name 'client' is not defined
2026-05-03 16:59:32: [ERROR] Erreur données BTCUSDT: name 'client' is not defined
2026-05-03 16:59:32: [ERROR] Erreur données BTCUSDT: name 'client' is not defined
2026-05-03 16:59:32: [ERROR] Erreur données BTCUSDT: name 'client' is not defined
2026-05-03 16:59:32: [ERROR] Erreur données BTCUSDT: name 'client' is not defined
2026-05-03 16:59:32: [ERROR] Erreur données BTCUSDT: name 'client' is not defined
2026-05-03 16:59:32: [ERROR] Erreur données BTCUSDT: name 'client' is not defined
2026-05-03 16:59:32: [ERROR] Erreur données BTCUSDT: name 'client' is not defined
2026-05-03 16:59:32: [ERROR] Erreur données BTCUSDT: name 'client' is not defined
2026-05-03 16:59:32: [ERROR] Erreur données BTCUSDT: name 'client' is not defined
2026-05-03 16:59:32: [ERROR] Erreur données BTCUSDT: name 'client' is not defined
2026-05-03 16:59:32: [ERROR] Erreur données BTCUSDT: name 'client' is not defined
2026-05-03 16:59:32: [ERROR] Erreur données BTCUSDT: name 'client' is not defined
2026-05-03 16:59:32: [ERROR] Erreur données BTCUSDT: name 'client' is not defined
2026-05-03 16:59:32: [ERROR] Erreur données BTCUSDT: name 'client' is not defined
2026-05-03 16:59:32: [ERROR] Erreur données BTCUSDT: name 'client' is not defined
2026-05-03 16:59:32: [ERROR] Erreur données BTCUSDT: name 'client' is not defined
2026-05-03 16:59:32: [ERROR] Erreur données BTCUSDT: name 'client' is not defined
2026-05-03 16:59:32: [ERROR] Erreur données BTCUSDT: name 'client' is not defined
2026-05-03 16:59:32: [ERROR] Erreur données BTCUSDT: name 'client' is not defined
2026-05-03 16:59:32: [ERROR] Erreur données BTCUSDT: name 'client' is not defined
2026-05-03 16:59:32: [ERROR] Erreur données BTCUSDT: name 'client' is not defined
2026-05-03 16:59:32: [ERROR] Erreur données BTCUSDT: name 'client' is not defined
2026-05-03 16:59:32: [ERROR] Erreur données BTCUSDT: name 'client' is not defined
2026-05-03 16:59:32: [ERROR] Erreur données BTCUSDT: name 'client' is not defined
2026-05-03 16:59:32: [ERROR] Erreur données ETHUSDT: name 'client' is not defined
2026-05-03 16:59:32: [ERROR] Erreur données BTCUSDT: name 'client' is not defined
2026-05-03 16:59:32: [ERROR] Erreur données ETHUSDT: name 'client' is not defined
2026-05-03 16:59:32: [ERROR] Erreur données BTCUSDT: name 'client' is not defined
2026-05-03 16:59:32: [ERROR] Erreur données ETHUSDT: name 'client' is not defined
2026-05-03 16:59:32: [ERROR] Erreur données BTCUSDT: name 'client' is not defined
2026-05-03 16:59:32: [ERROR] Erreur données ETHUSDT: name 'client' is not defined
2026-05-03 16:59:32: [ERROR] Erreur données ETHUSDT: name 'client' is not defined
2026-05-03 16:59:32: [ERROR] Erreur données BTCUSDT: name 'client' is not defined
2026-05-03 16:59:32: [ERROR] Erreur données BTCUSDT: name 'client' is not defined
2026-05-03 16:59:32: [ERROR] Erreur données BTCUSDT: name 'client' is not defined
2026-05-03 16:59:32: [ERROR] Erreur données BTCUSDT: name 'client' is not defined
2026-05-03 16:59:32: [ERROR] Erreur données BTCUSDT: name 'client' is not defined
2026-05-03 16:59:32: [ERROR] Erreur données BTCUSDT: name 'client' is not defined
2026-05-03 16:59:32: [ERROR] Erreur données BTCUSDT: name 'client' is not defined
2026-05-03 16:59:32: [ERROR] Erreur données BTCUSDT: name 'client' is not defined
2026-05-03 16:59:32: [ERROR] Erreur données BTCUSDT: name 'client' is not defined
2026-05-03 16:59:32: [ERROR] Erreur données BTCUSDT: name 'client' is not defined
2026-05-03 16:59:32: [ERROR] Erreur données BTCUSDT: name 'client' is not defined
2026-05-03 16:59:32: [ERROR] Erreur données BTCUSDT: name 'client' is not defined
2026-05-03 16:59:32: [ERROR] Erreur données BTCUSDT: name 'client' is not defined
2026-05-03 16:59:32: [ERROR] Erreur données BTCUSDT: name 'client' is not defined
2026-05-03 16:59:32: [ERROR] Erreur données BTCUSDT: name 'client' is not defined
2026-05-03 16:59:32: [ERROR] Erreur données BTCUSDT: name 'client' is not defined
2026-05-03 16:59:32: [ERROR] Erreur données BTCUSDT: name 'client' is not defined
2026-05-03 16:59:32: [ERROR] Erreur données BTCUSDT: name 'client' is not defined
2026-05-03 16:59:32: [ERROR] Erreur données BTCUSDT: name 'client' is not defined
2026-05-03 16:59:32: [ERROR] Erreur données BTCUSDT: name 'client' is not defined
2026-05-03 16:59:32: [ERROR] Erreur données BTCUSDT: name 'client' is not defined
2026-05-03 16:59:32: [ERROR] Erreur données BTCUSDT: name 'client' is not defined
2026-05-03 16:59:32: [ERROR] Erreur données BTCUSDT: name 'client' is not defined
2026-05-03 16:59:32: [ERROR] Erreur données BTCUSDT: name 'client' is not defined
2026-05-03 16:59:32: [ERROR] Erreur données BTCUSDT: name 'client' is not defined
2026-05-03 16:59:32: [ERROR] Erreur données BTCUSDT: name 'client' is not defined
2026-05-03 16:59:32: [ERROR] Erreur données BTCUSDT: name 'client' is not defined
2026-05-03 16:59:32: [ERROR] Erreur données BTCUSDT: name 'client' is not defined
2026-05-03 16:59:32: [ERROR] Erreur données BTCUSDT: name 'client' is not defined
2026-05-03 16:59:32: [ERROR] Erreur données BTCUSDT: name 'client' is not defined
2026-05-03 16:59:32: [ERROR] Erreur données BTCUSDT: name 'client' is not defined
2026-05-03 16:59:32: [ERROR] Erreur données BTCUSDT: name 'client' is not defined
2026-05-03 16:59:32: [ERROR] Erreur données BTCUSDT: name 'client' is not defined
2026-05-03 16:59:32: [ERROR] Erreur données BTCUSDT: name 'client' is not defined
2026-05-03 16:59:32: [ERROR] Erreur données BTCUSDT: name 'client' is not defined
2026-05-03 16:59:32: [ERROR] Erreur données BTCUSDT: name 'client' is not defined
2026-05-03 16:59:32: [ERROR] Erreur données BTCUSDT: name 'client' is not defined
2026-05-03 16:59:32: [ERROR] Erreur données BTCUSDT: name 'client' is not defined
2026-05-03 16:59:32: [ERROR] Erreur données BTCUSDT: name 'client' is not defined
2026-05-03 16:59:32: [ERROR] Erreur données BTCUSDT: name 'client' is not defined
2026-05-03 16:59:32: [ERROR] Erreur données BTCUSDT: name 'client' is not defined
2026-05-03 16:59:32: [ERROR] Erreur données BTCUSDT: name 'client' is not defined
2026-05-03 16:59:32: [ERROR] Erreur données BTCUSDT: name 'client' is not defined
2026-05-03 16:59:32: [ERROR] Erreur données BTCUSDT: name 'client' is not defined
2026-05-03 16:59:32: [ERROR] Erreur données BTCUSDT: name 'client' is not defined
2026-05-03 16:59:32: [ERROR] Erreur données BTCUSDT: name 'client' is not defined
2026-05-03 16:59:32: [ERROR] Erreur données BTCUSDT: name 'client' is not defined
2026-05-03 16:59:32: [ERROR] Erreur données BTCUSDT: name 'client' is not defined
2026-05-03 16:59:32: [ERROR] Erreur données BTCUSDT: name 'client' is not defined
2026-05-03 16:59:32: [ERROR] Erreur données BTCUSDT: name 'client' is not defined
2026-05-03 16:59:32: [ERROR] Erreur données BTCUSDT: name 'client' is not defined
2026-05-03 16:59:32: [ERROR] Erreur données BTCUSDT: name 'client' is not defined
2026-05-03 16:59:32: [ERROR] Erreur données BTCUSDT: name 'client' is not defined
2026-05-03 16:59:32: [ERROR] Erreur données ETHUSDT: name 'client' is not defined
2026-05-03 16:59:32: [ERROR] Erreur données BTCUSDT: name 'client' is not defined
2026-05-03 16:59:32: [ERROR] Erreur données BTCUSDT: name 'client' is not defined
2026-05-03 16:59:32: [ERROR] Erreur données BTCUSDT: name 'client' is not defined
2026-05-03 16:59:32: [ERROR] Erreur données BTCUSDT: name 'client' is not defined
2026-05-03 16:59:32: [ERROR] Erreur données BTCUSDT: name 'client' is not defined
2026-05-03 16:59:32: [ERROR] Erreur données BTCUSDT: name 'client' is not defined
2026-05-03 16:59:32: [ERROR] Erreur données BTCUSDT: name 'client' is not defined
2026-05-03 16:59:32: [ERROR] Erreur données BTCUSDT: name 'client' is not defined
2026-05-03 16:59:32: [ERROR] Erreur données BTCUSDT: name 'client' is not defined
2026-05-03 16:59:32: [ERROR] Erreur données BTCUSDT: name 'client' is not defined
2026-05-03 16:59:32: [ERROR] Erreur données BTCUSDT: name 'client' is not defined
2026-05-03 16:59:32: [ERROR] Erreur données BTCUSDT: name 'client' is not defined
2026-05-03 16:59:32: [ERROR] Erreur données BTCUSDT: name 'client' is not defined
2026-05-03 16:59:32: [ERROR] Erreur données SOLUSDT: name 'client' is not defined
2026-05-03 16:59:32: [ERROR] Erreur données BTCUSDT: name 'client' is not defined
2026-05-03 16:59:32: [ERROR] Erreur données SOLUSDT: name 'client' is not defined
2026-05-03 16:59:32: [ERROR] Erreur données ETHUSDT: name 'client' is not defined
2026-05-03 16:59:32: [ERROR] Erreur données ETHUSDT: name 'client' is not defined
2026-05-03 16:59:32: [ERROR] Erreur données ETHUSDT: name 'client' is not defined
2026-05-03 16:59:32: [ERROR] Erreur données BTCUSDT: name 'client' is not defined
2026-05-03 16:59:32: [ERROR] Erreur données BTCUSDT: name 'client' is not defined
2026-05-03 16:59:32: [ERROR] Erreur données BTCUSDT: name 'client' is not defined
2026-05-03 16:59:32: [ERROR] Erreur données BTCUSDT: name 'client' is not defined
2026-05-03 16:59:32: [ERROR] Erreur données BTCUSDT: name 'client' is not defined
2026-05-03 16:59:32: [ERROR] Erreur données BTCUSDT: name 'client' is not defined
2026-05-03 16:59:32: [ERROR] Erreur données BTCUSDT: name 'client' is not defined
2026-05-03 16:59:32: [ERROR] Erreur données BTCUSDT: name 'client' is not defined
2026-05-03 16:59:32: [ERROR] Erreur données BTCUSDT: name 'client' is not defined
2026-05-03 16:59:32: [ERROR] Erreur données ETHUSDT: name 'client' is not defined
2026-05-03 16:59:32: [ERROR] Erreur données BTCUSDT: name 'client' is not defined
2026-05-03 16:59:32: [ERROR] Erreur données ETHUSDT: name 'client' is not defined
2026-05-03 16:59:32: [ERROR] Erreur données ETHUSDT: name 'client' is not defined
2026-05-03 16:59:32: [ERROR] Erreur données ETHUSDT: name 'client' is not defined
2026-05-03 17:05:07: [ERROR] Erreur achat BTCUSDT: APIError(code=-1021): Timestamp for this request is outside of the recvWindow.
2026-05-03 17:05:08: [ERROR] Erreur achat SOLUSDT: APIError(code=-1021): Timestamp for this request is outside of the recvWindow.
2026-05-03 17:05:09: [ERROR] Erreur achat BTCUSDT: APIError(code=-1021): Timestamp for this request is outside of the recvWindow.
2026-05-03 17:05:09: [ERROR] Erreur achat SOLUSDT: APIError(code=-1021): Timestamp for this request is outside of the recvWindow.
2026-05-03 17:05:11: [ERROR] Erreur achat BTCUSDT: APIError(code=-1021): Timestamp for this request is outside of the recvWindow.
2026-05-03 17:05:11: [ERROR] Erreur achat SOLUSDT: APIError(code=-1021): Timestamp for this request is outside of the recvWindow.
2026-05-03 17:05:12: [ERROR] Erreur achat BTCUSDT: APIError(code=-1021): Timestamp for this request is outside of the recvWindow.
2026-05-03 17:05:12: [ERROR] Erreur achat SOLUSDT: APIError(code=-1021): Timestamp for this request is outside of the recvWindow.
2026-05-03 17:05:14: [ERROR] Erreur achat SOLUSDT: APIError(code=-1021): Timestamp for this request is outside of the recvWindow.
2026-05-03 17:05:14: [ERROR] Erreur achat BTCUSDT: APIError(code=-1021): Timestamp for this request is outside of the recvWindow.
2026-05-03 17:05:15: [ERROR] Erreur achat SOLUSDT: APIError(code=-1021): Timestamp for this request is outside of the recvWindow.
2026-05-03 17:05:16: [ERROR] Erreur achat BTCUSDT: APIError(code=-1021): Timestamp for this request is outside of the recvWindow.
2026-05-03 17:05:17: [ERROR] Erreur achat SOLUSDT: APIError(code=-1021): Timestamp for this request is outside of the recvWindow.
2026-05-03 17:05:17: [ERROR] Erreur achat BTCUSDT: APIError(code=-1021): Timestamp for this request is outside of the recvWindow.
2026-05-03 17:24:57: [ERROR] Erreur achat BTCUSDT: APIError(code=-1021): Timestamp for this request is outside of the recvWindow.
2026-05-03 17:24:57: [ERROR] Erreur achat SOLUSDT: APIError(code=-1021): Timestamp for this request is outside of the recvWindow.
2026-05-03 17:24:59: [ERROR] Échec achat BTCUSDT après réessai: APIError(code=-1021): Timestamp for this request is outside of the recvWindow.
2026-05-03 17:25:00: [ERROR] Échec achat SOLUSDT après réessai: APIError(code=-1021): Timestamp for this request is outside of the recvWindow.
2026-05-03 17:25:04: [ERROR] Erreur achat BTCUSDT: APIError(code=-1021): Timestamp for this request is outside of the recvWindow.
2026-05-03 17:25:05: [ERROR] Erreur achat SOLUSDT: APIError(code=-1021): Timestamp for this request is outside of the recvWindow.
2026-05-03 17:25:06: [ERROR] Échec achat BTCUSDT après réessai: APIError(code=-1021): Timestamp for this request is outside of the recvWindow.
2026-05-03 17:25:07: [ERROR] Échec achat SOLUSDT après réessai: APIError(code=-1021): Timestamp for this request is outside of the recvWindow.
2026-05-03 17:25:11: [ERROR] Erreur achat SOLUSDT: APIError(code=-1021): Timestamp for this request is outside of the recvWindow.
2026-05-03 17:25:11: [ERROR] Erreur achat BTCUSDT: APIError(code=-1021): Timestamp for this request is outside of the recvWindow.
2026-05-03 17:25:13: [ERROR] Échec achat SOLUSDT après réessai: APIError(code=-1021): Timestamp for this request is outside of the recvWindow.
2026-05-03 17:25:14: [ERROR] Échec achat BTCUSDT après réessai: APIError(code=-1021): Timestamp for this request is outside of the recvWindow.
2026-05-03 17:39:43: [ERROR] Erreur ordre BTCUSDT: APIError(code=-1021): Timestamp for this request is outside of the recvWindow.
2026-05-03 17:39:45: [ERROR] Échec ordre BTCUSDT après réessai: APIError(code=-1021): Timestamp for this request is outside of the recvWindow.
2026-05-03 17:53:19: [ERROR] Erreur ordre SOLUSDT: APIError(code=-2015): Invalid API-key, IP, or permissions for action.
2026-05-03 17:53:21: [ERROR] Échec ordre SOLUSDT après réessai: APIError(code=-2015): Invalid API-key, IP, or permissions for action.
2026-05-03 17:53:22: [ERROR] Erreur ordre BTCUSDT: APIError(code=-2015): Invalid API-key, IP, or permissions for action.
2026-05-03 18:11:50: [ERROR] Erreur ordre SOLUSDT: APIError(code=-1013): Filter failure: LOT_SIZE
2026-05-03 18:11:52: [ERROR] Échec ordre SOLUSDT après réessai: APIError(code=-1013): Filter failure: LOT_SIZE
2026-05-03 18:11:54: [ERROR] Erreur ordre SOLUSDT: APIError(code=-1013): Filter failure: LOT_SIZE
2026-05-03 18:11:56: [ERROR] Échec ordre SOLUSDT après réessai: APIError(code=-1013): Filter failure: LOT_SIZE
2026-05-03 18:11:57: [ERROR] Erreur ordre BTCUSDT: APIError(code=-1013): Filter failure: LOT_SIZE
2026-05-03 18:11:59: [ERROR] Échec ordre BTCUSDT après réessai: APIError(code=-1013): Filter failure: LOT_SIZE
2026-05-03 18:12:00: [ERROR] Erreur ordre SOLUSDT: APIError(code=-1013): Filter failure: LOT_SIZE
2026-05-03 18:25:12: [ERROR] Erreur ordre SOLUSDT: APIError(code=-1111): Parameter 'quantity' has too much precision.
2026-05-03 18:25:14: [ERROR] Échec ordre SOLUSDT après réessai: APIError(code=-1111): Parameter 'quantity' has too much precision.
2026-05-03 18:25:15: [ERROR] Erreur ordre SOLUSDT: APIError(code=-1111): Parameter 'quantity' has too much precision.
2026-05-03 19:47:29: [ERROR] WebSocket SOLUSDT: sent 1011 (unexpected error) keepalive ping timeout; no close frame received
2026-05-03 20:49:02: [ERROR] Erreur données BTCUSDT: HTTPSConnectionPool(host='testnet.binance.vision', port=443): Read timed out. (read timeout=10)
2026-05-03 20:49:03: [ERROR] WebSocket BTCUSDT: sent 1011 (unexpected error) keepalive ping timeout; no close frame received
2026-05-03 20:49:06: [ERROR] WebSocket ETHUSDT: sent 1011 (unexpected error) keepalive ping timeout; no close frame received
2026-05-03 20:49:14: [ERROR] Panic sell BTCUSDT: HTTPSConnectionPool(host='testnet.binance.vision', port=443): Read timed out. (read timeout=10)
2026-05-03 22:17:25: [ERROR] WebSocket SOLUSDT: received 1008 (policy violation) Pong timeout; then sent 1008 (policy violation) Pong timeout
2026-05-03 22:17:35: [ERROR] Erreur données BTCUSDT: HTTPSConnectionPool(host='testnet.binance.vision', port=443): Read timed out. (read timeout=10)
2026-05-03 22:17:35: [ERROR] Erreur données ETHUSDT: HTTPSConnectionPool(host='testnet.binance.vision', port=443): Read timed out. (read timeout=10)
2026-05-03 22:17:36: [ERROR] Panic sell BTCUSDT: HTTPSConnectionPool(host='testnet.binance.vision', port=443): Read timed out. (read timeout=10)
2026-05-03 22:17:38: [ERROR] WebSocket BTCUSDT: no close frame received or sent
2026-05-03 22:17:40: [ERROR] WebSocket ETHUSDT: no close frame received or sent
2026-05-03 23:18:24: [ERROR] WebSocket BTCUSDT: sent 1011 (unexpected error) keepalive ping timeout; no close frame received
2026-05-03 23:45:21: [ERROR] WebSocket ETHUSDT: sent 1011 (unexpected error) keepalive ping timeout; no close frame received
2026-05-04 06:31:22: [ERROR] WebSocket BTCUSDT: sent 1011 (unexpected error) keepalive ping timeout; no close frame received
2026-05-04 06:37:20: [ERROR] WebSocket BTCUSDT: sent 1011 (unexpected error) keepalive ping timeout; no close frame received
2026-05-04 09:25:58: [ERROR] WebSocket ETHUSDT: sent 1011 (unexpected error) keepalive ping timeout; no close frame received
2026-05-05 07:40:09: [ERROR] WebSocket BTCUSDT: sent 1011 (unexpected error) keepalive ping timeout; no close frame received
2026-05-05 13:08:21: [ERROR] WebSocket ETHUSDT: sent 1011 (unexpected error) keepalive ping timeout; no close frame received
2026-05-05 13:39:45: [ERROR] WebSocket SOLUSDT: sent 1011 (unexpected error) keepalive ping timeout; no close frame received
2026-05-05 20:45:43: [ERROR] Erreur handle_socket_message: name 'calculate_ichimoku' is not defined
2026-05-05 20:45:45: [ERROR] Erreur handle_socket_message: name 'calculate_ichimoku' is not defined
2026-05-05 20:45:46: [ERROR] Erreur handle_socket_message: name 'calculate_ichimoku' is not defined
2026-05-05 20:45:47: [ERROR] Erreur handle_socket_message: name 'calculate_ichimoku' is not defined
2026-05-05 20:52:03: [ERROR] Erreur ordre ETHUSDT: APIError(code=-2010): Account has insufficient balance for requested action.
2026-05-05 20:52:06: [ERROR] Échec ordre ETHUSDT après réessai: APIError(code=-2010): Account has insufficient balance for requested action.
2026-05-05 20:52:07: [ERROR] Erreur ordre ETHUSDT: APIError(code=-2010): Account has insufficient balance for requested action.
2026-05-05 20:52:10: [ERROR] Échec ordre ETHUSDT après réessai: APIError(code=-2010): Account has insufficient balance for requested action.
2026-05-05 20:52:12: [ERROR] Erreur ordre ETHUSDT: APIError(code=-2010): Account has insufficient balance for requested action.
2026-05-05 20:52:14: [ERROR] Échec ordre ETHUSDT après réessai: APIError(code=-2010): Account has insufficient balance for requested action.
2026-05-05 20:52:16: [ERROR] Erreur ordre ETHUSDT: APIError(code=-2010): Account has insufficient balance for requested action.
2026-05-05 20:52:18: [ERROR] Échec ordre ETHUSDT après réessai: APIError(code=-2010): Account has insufficient balance for requested action.
2026-05-05 20:52:20: [ERROR] Erreur ordre ETHUSDT: APIError(code=-2010): Account has insufficient balance for requested action.
2026-05-05 20:52:22: [ERROR] Échec ordre ETHUSDT après réessai: APIError(code=-2010): Account has insufficient balance for requested action.
2026-05-05 20:52:24: [ERROR] Erreur ordre ETHUSDT: APIError(code=-2010): Account has insufficient balance for requested action.
2026-05-05 20:52:26: [ERROR] Échec ordre ETHUSDT après réessai: APIError(code=-2010): Account has insufficient balance for requested action.
2026-05-05 20:52:28: [ERROR] Erreur ordre ETHUSDT: APIError(code=-2010): Account has insufficient balance for requested action.
2026-05-05 20:52:30: [ERROR] Échec ordre ETHUSDT après réessai: APIError(code=-2010): Account has insufficient balance for requested action.
2026-05-05 20:52:32: [ERROR] Erreur ordre ETHUSDT: APIError(code=-2010): Account has insufficient balance for requested action.
2026-05-05 20:52:34: [ERROR] Échec ordre ETHUSDT après réessai: APIError(code=-2010): Account has insufficient balance for requested action.
2026-05-05 20:52:36: [ERROR] Erreur ordre ETHUSDT: APIError(code=-2010): Account has insufficient balance for requested action.
2026-05-05 20:52:38: [ERROR] Échec ordre ETHUSDT après réessai: APIError(code=-2010): Account has insufficient balance for requested action.
2026-05-05 20:52:39: [ERROR] Erreur ordre ETHUSDT: APIError(code=-2010): Account has insufficient balance for requested action.
2026-05-05 20:53:06: [ERROR] WebSocket ETHUSDT: sent 1011 (unexpected error) keepalive ping timeout; no close frame received
2026-05-05 20:55:45: [ERROR] WebSocket BTCUSDT: sent 1011 (unexpected error) keepalive ping timeout; no close frame received
2026-05-05 23:28:40: [ERROR] Erreur ordre ETHUSDT: APIError(code=-2010): Account has insufficient balance for requested action.
2026-05-05 23:28:42: [ERROR] Échec ordre ETHUSDT après réessai: APIError(code=-2010): Account has insufficient balance for requested action.
2026-05-05 23:28:44: [ERROR] Erreur ordre ETHUSDT: APIError(code=-2010): Account has insufficient balance for requested action.
2026-05-05 23:28:46: [ERROR] Échec ordre ETHUSDT après réessai: APIError(code=-2010): Account has insufficient balance for requested action.
2026-05-05 23:28:48: [ERROR] Erreur ordre ETHUSDT: APIError(code=-2010): Account has insufficient balance for requested action.
2026-05-05 23:34:42: [ERROR] Erreur ordre ETHUSDT: APIError(code=-2010): Account has insufficient balance for requested action.
2026-05-05 23:34:44: [ERROR] Échec ordre ETHUSDT après réessai: APIError(code=-2010): Account has insufficient balance for requested action.
2026-05-05 23:34:46: [ERROR] Erreur ordre ETHUSDT: APIError(code=-2010): Account has insufficient balance for requested action.
2026-05-05 23:35:48: [ERROR] Erreur ordre ETHUSDT: APIError(code=-2010): Account has insufficient balance for requested action.
2026-05-05 23:35:51: [ERROR] Échec ordre ETHUSDT après réessai: APIError(code=-2010): Account has insufficient balance for requested action.
2026-05-05 23:35:52: [ERROR] Erreur ordre ETHUSDT: APIError(code=-2010): Account has insufficient balance for requested action.
2026-05-05 23:35:55: [ERROR] Échec ordre ETHUSDT après réessai: APIError(code=-2010): Account has insufficient balance for requested action.
2026-05-05 23:41:21: [ERROR] Solde USDT réel insuffisant sur Binance pour ETHUSDT: 23.29 USDT < 199.99 USDT
2026-05-05 23:41:22: [ERROR] Solde USDT réel insuffisant sur Binance pour ETHUSDT: 23.29 USDT < 199.98 USDT
2026-05-05 23:41:28: [ERROR] Solde USDT réel insuffisant sur Binance pour ETHUSDT: 23.29 USDT < 199.98 USDT
2026-05-05 23:41:30: [ERROR] Solde USDT réel insuffisant sur Binance pour ETHUSDT: 23.29 USDT < 199.98 USDT
2026-05-05 23:41:38: [ERROR] Solde USDT réel insuffisant sur Binance pour ETHUSDT: 23.29 USDT < 199.97 USDT
2026-05-05 23:41:40: [ERROR] Solde USDT réel insuffisant sur Binance pour ETHUSDT: 23.29 USDT < 199.95 USDT
2026-05-05 23:41:55: [ERROR] Solde USDT réel insuffisant sur Binance pour ETHUSDT: 23.29 USDT < 199.96 USDT
2026-05-05 23:41:56: [ERROR] Solde USDT réel insuffisant sur Binance pour ETHUSDT: 23.29 USDT < 199.96 USDT
2026-05-05 23:41:57: [ERROR] Solde USDT réel insuffisant sur Binance pour ETHUSDT: 23.29 USDT < 199.96 USDT
2026-05-05 23:42:03: [ERROR] Solde USDT réel insuffisant sur Binance pour ETHUSDT: 23.29 USDT < 199.96 USDT
2026-05-05 23:42:07: [ERROR] Solde USDT réel insuffisant sur Binance pour ETHUSDT: 23.29 USDT < 199.96 USDT
2026-05-05 23:42:12: [ERROR] Solde USDT réel insuffisant sur Binance pour ETHUSDT: 23.29 USDT < 199.98 USDT
2026-05-05 23:42:13: [ERROR] Solde USDT réel insuffisant sur Binance pour ETHUSDT: 23.29 USDT < 199.98 USDT
2026-05-05 23:42:16: [ERROR] Solde USDT réel insuffisant sur Binance pour ETHUSDT: 23.29 USDT < 199.98 USDT
2026-05-05 23:42:18: [ERROR] Solde USDT réel insuffisant sur Binance pour ETHUSDT: 23.29 USDT < 199.98 USDT
2026-05-05 23:42:23: [ERROR] Solde USDT réel insuffisant sur Binance pour ETHUSDT: 23.29 USDT < 199.98 USDT
2026-05-05 23:42:29: [ERROR] Solde USDT réel insuffisant sur Binance pour ETHUSDT: 23.29 USDT < 199.99 USDT
2026-05-05 23:42:30: [ERROR] Solde USDT réel insuffisant sur Binance pour ETHUSDT: 23.29 USDT < 199.99 USDT
2026-05-05 23:42:31: [ERROR] Solde USDT réel insuffisant sur Binance pour ETHUSDT: 23.29 USDT < 199.99 USDT
2026-05-05 23:42:45: [ERROR] Solde USDT réel insuffisant sur Binance pour ETHUSDT: 23.29 USDT < 200.03 USDT
2026-05-05 23:42:47: [ERROR] WebSocket BTCUSDT: sent 1011 (unexpected error) keepalive ping timeout; no close frame received
2026-05-05 23:42:47: [ERROR] Solde USDT réel insuffisant sur Binance pour ETHUSDT: 23.29 USDT < 200.06 USDT
2026-05-05 23:42:48: [ERROR] Solde USDT réel insuffisant sur Binance pour ETHUSDT: 23.29 USDT < 200.06 USDT
2026-05-05 23:42:50: [ERROR] Solde USDT réel insuffisant sur Binance pour ETHUSDT: 23.29 USDT < 200.06 USDT
2026-05-05 23:42:51: [ERROR] Solde USDT réel insuffisant sur Binance pour ETHUSDT: 23.29 USDT < 200.06 USDT
2026-05-05 23:42:53: [ERROR] Solde USDT réel insuffisant sur Binance pour ETHUSDT: 23.29 USDT < 200.06 USDT
2026-05-05 23:42:54: [ERROR] Solde USDT réel insuffisant sur Binance pour ETHUSDT: 23.29 USDT < 200.06 USDT
2026-05-05 23:42:55: [ERROR] Solde USDT réel insuffisant sur Binance pour ETHUSDT: 23.29 USDT < 200.06 USDT
2026-05-05 23:43:02: [ERROR] Solde USDT réel insuffisant sur Binance pour ETHUSDT: 23.29 USDT < 200.06 USDT
2026-05-05 23:43:04: [ERROR] Solde USDT réel insuffisant sur Binance pour ETHUSDT: 23.29 USDT < 200.05 USDT
2026-05-05 23:43:05: [ERROR] Solde USDT réel insuffisant sur Binance pour ETHUSDT: 23.29 USDT < 200.04 USDT
2026-05-05 23:43:06: [ERROR] Solde USDT réel insuffisant sur Binance pour ETHUSDT: 23.29 USDT < 200.04 USDT
2026-05-05 23:43:08: [ERROR] Solde USDT réel insuffisant sur Binance pour ETHUSDT: 23.29 USDT < 200.04 USDT
2026-05-05 23:43:09: [ERROR] Solde USDT réel insuffisant sur Binance pour ETHUSDT: 23.29 USDT < 200.04 USDT
2026-05-05 23:43:11: [ERROR] Solde USDT réel insuffisant sur Binance pour ETHUSDT: 23.29 USDT < 200.04 USDT
2026-05-05 23:43:12: [ERROR] Solde USDT réel insuffisant sur Binance pour ETHUSDT: 23.29 USDT < 200.04 USDT
2026-05-05 23:43:13: [ERROR] Solde USDT réel insuffisant sur Binance pour ETHUSDT: 23.29 USDT < 200.04 USDT
2026-05-05 23:43:15: [ERROR] Solde USDT réel insuffisant sur Binance pour ETHUSDT: 23.29 USDT < 200.04 USDT
2026-05-05 23:43:16: [ERROR] Solde USDT réel insuffisant sur Binance pour ETHUSDT: 23.29 USDT < 200.04 USDT
2026-05-05 23:43:19: [ERROR] Solde USDT réel insuffisant sur Binance pour ETHUSDT: 23.29 USDT < 200.04 USDT
2026-05-05 23:43:21: [ERROR] Solde USDT réel insuffisant sur Binance pour ETHUSDT: 23.29 USDT < 200.04 USDT
2026-05-05 23:43:22: [ERROR] Solde USDT réel insuffisant sur Binance pour ETHUSDT: 23.29 USDT < 200.01 USDT
2026-05-05 23:43:24: [ERROR] Solde USDT réel insuffisant sur Binance pour ETHUSDT: 23.29 USDT < 199.97 USDT
2026-05-05 23:43:25: [ERROR] Solde USDT réel insuffisant sur Binance pour ETHUSDT: 23.29 USDT < 199.97 USDT
2026-05-06 06:28:13: [ERROR] Solde USDT réel insuffisant sur Binance pour SOLUSDT: 23.29 USDT < 2636.87 USDT
2026-05-06 06:28:25: [ERROR] Solde USDT réel insuffisant sur Binance pour SOLUSDT: 23.29 USDT < 2636.72 USDT
2026-05-06 06:28:26: [ERROR] Solde USDT réel insuffisant sur Binance pour SOLUSDT: 23.29 USDT < 2636.27 USDT
2026-05-06 06:28:33: [ERROR] Solde USDT réel insuffisant sur Binance pour SOLUSDT: 23.29 USDT < 2636.27 USDT
2026-05-06 06:28:37: [ERROR] Solde USDT réel insuffisant sur Binance pour SOLUSDT: 23.29 USDT < 2636.27 USDT
2026-05-06 06:28:40: [ERROR] Solde USDT réel insuffisant sur Binance pour SOLUSDT: 23.29 USDT < 2636.27 USDT
2026-05-06 06:28:41: [ERROR] Solde USDT réel insuffisant sur Binance pour SOLUSDT: 23.29 USDT < 2636.27 USDT
2026-05-06 06:28:42: [ERROR] Solde USDT réel insuffisant sur Binance pour SOLUSDT: 23.29 USDT < 2636.27 USDT
2026-05-06 06:28:44: [ERROR] Solde USDT réel insuffisant sur Binance pour SOLUSDT: 23.29 USDT < 2635.36 USDT
2026-05-06 06:28:59: [ERROR] Solde USDT réel insuffisant sur Binance pour SOLUSDT: 23.29 USDT < 2635.21 USDT
2026-05-06 06:29:00: [ERROR] Solde USDT réel insuffisant sur Binance pour SOLUSDT: 23.29 USDT < 2634.91 USDT
2026-05-06 06:29:02: [ERROR] Solde USDT réel insuffisant sur Binance pour SOLUSDT: 23.29 USDT < 2634.45 USDT
2026-05-06 06:29:33: [ERROR] Solde USDT réel insuffisant sur Binance pour SOLUSDT: 23.29 USDT < 2634.15 USDT
2026-05-06 06:29:34: [ERROR] Solde USDT réel insuffisant sur Binance pour SOLUSDT: 23.29 USDT < 2634.00 USDT
2026-05-06 06:29:36: [ERROR] Solde USDT réel insuffisant sur Binance pour SOLUSDT: 23.29 USDT < 2633.85 USDT
2026-05-06 06:29:50: [ERROR] Solde USDT réel insuffisant sur Binance pour SOLUSDT: 23.29 USDT < 2633.70 USDT
2026-05-06 06:29:51: [ERROR] Solde USDT réel insuffisant sur Binance pour SOLUSDT: 23.29 USDT < 2633.55 USDT
2026-05-06 06:30:07: [ERROR] Solde USDT réel insuffisant sur Binance pour SOLUSDT: 23.29 USDT < 2633.40 USDT
2026-05-06 06:30:08: [ERROR] Solde USDT réel insuffisant sur Binance pour SOLUSDT: 23.29 USDT < 2633.24 USDT
2026-05-06 06:30:24: [ERROR] Solde USDT réel insuffisant sur Binance pour SOLUSDT: 23.29 USDT < 2633.09 USDT
2026-05-06 06:30:25: [ERROR] Solde USDT réel insuffisant sur Binance pour SOLUSDT: 23.29 USDT < 2632.94 USDT
2026-05-06 06:30:26: [ERROR] Solde USDT réel insuffisant sur Binance pour SOLUSDT: 23.29 USDT < 2631.88 USDT
2026-05-06 06:30:28: [ERROR] Solde USDT réel insuffisant sur Binance pour SOLUSDT: 23.29 USDT < 2631.88 USDT
2026-05-06 06:30:30: [ERROR] Solde USDT réel insuffisant sur Binance pour SOLUSDT: 23.29 USDT < 2631.73 USDT
2026-05-06 06:30:31: [ERROR] WebSocket BTCUSDT: sent 1011 (unexpected error) keepalive ping timeout; no close frame received
2026-05-06 06:30:31: [ERROR] Solde USDT réel insuffisant sur Binance pour SOLUSDT: 23.29 USDT < 2631.73 USDT
2026-05-06 06:30:33: [ERROR] Solde USDT réel insuffisant sur Binance pour SOLUSDT: 23.29 USDT < 2631.73 USDT
2026-05-06 06:30:34: [ERROR] Solde USDT réel insuffisant sur Binance pour SOLUSDT: 23.29 USDT < 2631.73 USDT
2026-05-06 06:30:41: [ERROR] Solde USDT réel insuffisant sur Binance pour SOLUSDT: 23.29 USDT < 2631.73 USDT
2026-05-06 06:30:42: [ERROR] Solde USDT réel insuffisant sur Binance pour SOLUSDT: 23.29 USDT < 2631.43 USDT
2026-05-06 06:30:44: [ERROR] Solde USDT réel insuffisant sur Binance pour SOLUSDT: 23.29 USDT < 2631.28 USDT
2026-05-06 06:30:45: [ERROR] Solde USDT réel insuffisant sur Binance pour SOLUSDT: 23.29 USDT < 2630.52 USDT
2026-05-06 06:30:47: [ERROR] Solde USDT réel insuffisant sur Binance pour SOLUSDT: 23.29 USDT < 2630.52 USDT
2026-05-06 06:30:50: [ERROR] Solde USDT réel insuffisant sur Binance pour SOLUSDT: 23.29 USDT < 2630.52 USDT
2026-05-06 06:30:58: [ERROR] Solde USDT réel insuffisant sur Binance pour SOLUSDT: 23.29 USDT < 2631.73 USDT
2026-05-06 06:30:59: [ERROR] Solde USDT réel insuffisant sur Binance pour SOLUSDT: 23.29 USDT < 2632.03 USDT
2026-05-06 06:31:01: [ERROR] Solde USDT réel insuffisant sur Binance pour SOLUSDT: 23.29 USDT < 2632.03 USDT
2026-05-06 06:31:02: [ERROR] Solde USDT réel insuffisant sur Binance pour SOLUSDT: 23.29 USDT < 2632.03 USDT
2026-05-06 06:31:03: [ERROR] Solde USDT réel insuffisant sur Binance pour SOLUSDT: 23.29 USDT < 2632.03 USDT
2026-05-06 06:31:05: [ERROR] Solde USDT réel insuffisant sur Binance pour SOLUSDT: 23.29 USDT < 2632.03 USDT
2026-05-06 06:31:06: [ERROR] Solde USDT réel insuffisant sur Binance pour SOLUSDT: 23.29 USDT < 2632.03 USDT
2026-05-06 06:31:10: [ERROR] Solde USDT réel insuffisant sur Binance pour SOLUSDT: 23.29 USDT < 2632.03 USDT
2026-05-06 06:31:11: [ERROR] Solde USDT réel insuffisant sur Binance pour SOLUSDT: 23.29 USDT < 2632.03 USDT
2026-05-06 06:31:13: [ERROR] Solde USDT réel insuffisant sur Binance pour SOLUSDT: 23.29 USDT < 2632.03 USDT
2026-05-06 06:31:14: [ERROR] Solde USDT réel insuffisant sur Binance pour SOLUSDT: 23.29 USDT < 2632.03 USDT
2026-05-06 06:31:15: [ERROR] Solde USDT réel insuffisant sur Binance pour SOLUSDT: 23.29 USDT < 2632.03 USDT
2026-05-06 06:31:17: [ERROR] Solde USDT réel insuffisant sur Binance pour SOLUSDT: 23.29 USDT < 2632.03 USDT
2026-05-06 06:31:18: [ERROR] Solde USDT réel insuffisant sur Binance pour SOLUSDT: 23.29 USDT < 2632.03 USDT
2026-05-06 06:31:20: [ERROR] Solde USDT réel insuffisant sur Binance pour SOLUSDT: 23.29 USDT < 2631.43 USDT
2026-05-06 06:31:21: [ERROR] Solde USDT réel insuffisant sur Binance pour SOLUSDT: 23.29 USDT < 2631.43 USDT
2026-05-06 06:31:23: [ERROR] Solde USDT réel insuffisant sur Binance pour SOLUSDT: 23.29 USDT < 2632.03 USDT
2026-05-06 06:31:24: [ERROR] Solde USDT réel insuffisant sur Binance pour SOLUSDT: 23.29 USDT < 2632.03 USDT
2026-05-06 06:31:25: [ERROR] Solde USDT réel insuffisant sur Binance pour SOLUSDT: 23.29 USDT < 2632.03 USDT
2026-05-06 06:31:27: [ERROR] Solde USDT réel insuffisant sur Binance pour SOLUSDT: 23.29 USDT < 2632.03 USDT
2026-05-06 06:31:28: [ERROR] Solde USDT réel insuffisant sur Binance pour SOLUSDT: 23.29 USDT < 2632.03 USDT
2026-05-06 06:31:32: [ERROR] Solde USDT réel insuffisant sur Binance pour SOLUSDT: 23.29 USDT < 2632.03 USDT
2026-05-06 06:31:33: [ERROR] Solde USDT réel insuffisant sur Binance pour SOLUSDT: 23.29 USDT < 2632.03 USDT
2026-05-06 06:31:34: [ERROR] Solde USDT réel insuffisant sur Binance pour SOLUSDT: 23.29 USDT < 2632.03 USDT
2026-05-06 06:31:38: [ERROR] Solde USDT réel insuffisant sur Binance pour SOLUSDT: 23.29 USDT < 2632.03 USDT
2026-05-06 06:31:39: [ERROR] Solde USDT réel insuffisant sur Binance pour SOLUSDT: 23.29 USDT < 2632.03 USDT
2026-05-06 06:31:55: [ERROR] Solde USDT réel insuffisant sur Binance pour SOLUSDT: 23.29 USDT < 2632.64 USDT
2026-05-06 06:31:58: [ERROR] Solde USDT réel insuffisant sur Binance pour SOLUSDT: 23.29 USDT < 2632.64 USDT
2026-05-06 06:32:00: [ERROR] Solde USDT réel insuffisant sur Binance pour SOLUSDT: 23.29 USDT < 2632.64 USDT
2026-05-06 06:32:12: [ERROR] Solde USDT réel insuffisant sur Binance pour SOLUSDT: 23.29 USDT < 2632.64 USDT
2026-05-06 06:32:14: [ERROR] Solde USDT réel insuffisant sur Binance pour SOLUSDT: 23.29 USDT < 2633.24 USDT
2026-05-06 06:32:15: [ERROR] Solde USDT réel insuffisant sur Binance pour SOLUSDT: 23.29 USDT < 2633.24 USDT
2026-05-06 06:32:17: [ERROR] Solde USDT réel insuffisant sur Binance pour SOLUSDT: 23.29 USDT < 2633.24 USDT
2026-05-06 06:32:19: [ERROR] Solde USDT réel insuffisant sur Binance pour SOLUSDT: 23.29 USDT < 2633.24 USDT
2026-05-06 06:32:20: [ERROR] Solde USDT réel insuffisant sur Binance pour SOLUSDT: 23.29 USDT < 2633.24 USDT
2026-05-06 06:32:22: [ERROR] Solde USDT réel insuffisant sur Binance pour SOLUSDT: 23.29 USDT < 2633.24 USDT
2026-05-06 06:32:28: [ERROR] Solde USDT réel insuffisant sur Binance pour SOLUSDT: 23.29 USDT < 2633.24 USDT
2026-05-06 06:32:29: [ERROR] Solde USDT réel insuffisant sur Binance pour SOLUSDT: 23.29 USDT < 2633.24 USDT
2026-05-06 06:32:31: [ERROR] Solde USDT réel insuffisant sur Binance pour SOLUSDT: 23.29 USDT < 2633.24 USDT
2026-05-06 06:32:32: [ERROR] Solde USDT réel insuffisant sur Binance pour SOLUSDT: 23.29 USDT < 2633.55 USDT
2026-05-06 06:32:45: [ERROR] Solde USDT réel insuffisant sur Binance pour SOLUSDT: 23.29 USDT < 2633.55 USDT
2026-05-06 06:32:46: [ERROR] Solde USDT réel insuffisant sur Binance pour SOLUSDT: 23.29 USDT < 2632.94 USDT
2026-05-06 06:32:47: [ERROR] Solde USDT réel insuffisant sur Binance pour SOLUSDT: 23.29 USDT < 2632.94 USDT
2026-05-06 06:33:03: [ERROR] Solde USDT réel insuffisant sur Binance pour SOLUSDT: 23.29 USDT < 2632.79 USDT
2026-05-06 06:33:05: [ERROR] Solde USDT réel insuffisant sur Binance pour SOLUSDT: 23.29 USDT < 2632.64 USDT
2026-05-06 06:33:06: [ERROR] Solde USDT réel insuffisant sur Binance pour SOLUSDT: 23.29 USDT < 2632.64 USDT
2026-05-06 06:33:10: [ERROR] Solde USDT réel insuffisant sur Binance pour SOLUSDT: 23.29 USDT < 2632.64 USDT
2026-05-06 06:33:14: [ERROR] Solde USDT réel insuffisant sur Binance pour SOLUSDT: 23.29 USDT < 2632.64 USDT
2026-05-06 06:33:19: [ERROR] Solde USDT réel insuffisant sur Binance pour SOLUSDT: 23.29 USDT < 2632.64 USDT
2026-05-06 06:33:20: [ERROR] Solde USDT réel insuffisant sur Binance pour SOLUSDT: 23.29 USDT < 2632.94 USDT
2026-05-06 06:33:22: [ERROR] Solde USDT réel insuffisant sur Binance pour SOLUSDT: 23.29 USDT < 2633.24 USDT
2026-05-06 06:33:24: [ERROR] Solde USDT réel insuffisant sur Binance pour SOLUSDT: 23.29 USDT < 2633.24 USDT
2026-05-06 06:33:25: [ERROR] Solde USDT réel insuffisant sur Binance pour SOLUSDT: 23.29 USDT < 2633.24 USDT
2026-05-06 06:33:27: [ERROR] Solde USDT réel insuffisant sur Binance pour SOLUSDT: 23.29 USDT < 2633.24 USDT
2026-05-06 06:33:28: [ERROR] Solde USDT réel insuffisant sur Binance pour SOLUSDT: 23.29 USDT < 2633.24 USDT
2026-05-06 06:33:29: [ERROR] Solde USDT réel insuffisant sur Binance pour SOLUSDT: 23.29 USDT < 2633.24 USDT
2026-05-06 06:33:37: [ERROR] Solde USDT réel insuffisant sur Binance pour SOLUSDT: 23.29 USDT < 2632.94 USDT
2026-05-06 06:33:38: [ERROR] Solde USDT réel insuffisant sur Binance pour SOLUSDT: 23.29 USDT < 2632.64 USDT
2026-05-06 06:33:40: [ERROR] Solde USDT réel insuffisant sur Binance pour SOLUSDT: 23.29 USDT < 2632.64 USDT
2026-05-06 06:33:54: [ERROR] Solde USDT réel insuffisant sur Binance pour SOLUSDT: 23.29 USDT < 2632.79 USDT
2026-05-06 06:33:55: [ERROR] Solde USDT réel insuffisant sur Binance pour SOLUSDT: 23.29 USDT < 2632.94 USDT
2026-05-06 06:33:57: [ERROR] Solde USDT réel insuffisant sur Binance pour SOLUSDT: 23.29 USDT < 2633.09 USDT
2026-05-06 06:33:58: [ERROR] Solde USDT réel insuffisant sur Binance pour SOLUSDT: 23.29 USDT < 2633.24 USDT
2026-05-06 06:34:02: [ERROR] Solde USDT réel insuffisant sur Binance pour SOLUSDT: 23.29 USDT < 2633.24 USDT
2026-05-06 06:34:11: [ERROR] Solde USDT réel insuffisant sur Binance pour SOLUSDT: 23.29 USDT < 2632.94 USDT
2026-05-06 06:34:12: [ERROR] Solde USDT réel insuffisant sur Binance pour SOLUSDT: 23.29 USDT < 2632.64 USDT
2026-05-06 06:34:28: [ERROR] Solde USDT réel insuffisant sur Binance pour SOLUSDT: 23.29 USDT < 2632.64 USDT
2026-05-06 06:34:29: [ERROR] Solde USDT réel insuffisant sur Binance pour SOLUSDT: 23.29 USDT < 2632.49 USDT
2026-05-06 06:34:31: [ERROR] Solde USDT réel insuffisant sur Binance pour SOLUSDT: 23.29 USDT < 2632.34 USDT
2026-05-06 06:34:32: [ERROR] Solde USDT réel insuffisant sur Binance pour SOLUSDT: 23.29 USDT < 2632.18 USDT
2026-05-06 06:34:34: [ERROR] Solde USDT réel insuffisant sur Binance pour SOLUSDT: 23.29 USDT < 2632.03 USDT
2026-05-06 06:34:35: [ERROR] Solde USDT réel insuffisant sur Binance pour SOLUSDT: 23.29 USDT < 2631.88 USDT
2026-05-06 06:34:37: [ERROR] Solde USDT réel insuffisant sur Binance pour SOLUSDT: 23.29 USDT < 2631.73 USDT
2026-05-06 06:34:38: [ERROR] Solde USDT réel insuffisant sur Binance pour SOLUSDT: 23.29 USDT < 2631.73 USDT
2026-05-06 06:34:44: [ERROR] Solde USDT réel insuffisant sur Binance pour SOLUSDT: 23.29 USDT < 2631.73 USDT
2026-05-06 06:34:45: [ERROR] Solde USDT réel insuffisant sur Binance pour SOLUSDT: 23.29 USDT < 2631.58 USDT
2026-05-06 06:34:47: [ERROR] Solde USDT réel insuffisant sur Binance pour SOLUSDT: 23.29 USDT < 2631.43 USDT
2026-05-06 06:34:49: [ERROR] Solde USDT réel insuffisant sur Binance pour SOLUSDT: 23.29 USDT < 2631.43 USDT
2026-05-06 06:35:02: [ERROR] Solde USDT réel insuffisant sur Binance pour SOLUSDT: 23.29 USDT < 2631.28 USDT
2026-05-06 06:35:04: [ERROR] Solde USDT réel insuffisant sur Binance pour SOLUSDT: 23.29 USDT < 2631.13 USDT
2026-05-06 06:35:05: [ERROR] Solde USDT réel insuffisant sur Binance pour SOLUSDT: 23.29 USDT < 2630.82 USDT
2026-05-06 06:35:19: [ERROR] Solde USDT réel insuffisant sur Binance pour SOLUSDT: 23.29 USDT < 2631.73 USDT
2026-05-06 06:36:27: [ERROR] Solde USDT réel insuffisant sur Binance pour SOLUSDT: 23.29 USDT < 2631.58 USDT
2026-05-06 06:36:28: [ERROR] Solde USDT réel insuffisant sur Binance pour SOLUSDT: 23.29 USDT < 2631.43 USDT
2026-05-06 06:36:30: [ERROR] Solde USDT réel insuffisant sur Binance pour SOLUSDT: 23.29 USDT < 2631.28 USDT
2026-05-06 06:36:31: [ERROR] Solde USDT réel insuffisant sur Binance pour SOLUSDT: 23.29 USDT < 2631.13 USDT
2026-05-06 06:36:32: [ERROR] Solde USDT réel insuffisant sur Binance pour SOLUSDT: 23.29 USDT < 2630.82 USDT
2026-05-06 06:36:34: [ERROR] Solde USDT réel insuffisant sur Binance pour SOLUSDT: 23.29 USDT < 2630.82 USDT
2026-05-06 06:36:39: [ERROR] Solde USDT réel insuffisant sur Binance pour SOLUSDT: 23.29 USDT < 2630.82 USDT
2026-05-06 06:36:43: [ERROR] Solde USDT réel insuffisant sur Binance pour SOLUSDT: 23.29 USDT < 2630.82 USDT
2026-05-06 06:37:01: [ERROR] Solde USDT réel insuffisant sur Binance pour SOLUSDT: 23.29 USDT < 2631.13 USDT
2026-05-06 06:37:02: [ERROR] Solde USDT réel insuffisant sur Binance pour SOLUSDT: 23.29 USDT < 2631.43 USDT
2026-05-06 06:37:04: [ERROR] Solde USDT réel insuffisant sur Binance pour SOLUSDT: 23.29 USDT < 2631.43 USDT
2026-05-06 06:37:05: [ERROR] Solde USDT réel insuffisant sur Binance pour SOLUSDT: 23.29 USDT < 2631.43 USDT
2026-05-06 06:37:07: [ERROR] Solde USDT réel insuffisant sur Binance pour SOLUSDT: 23.29 USDT < 2631.43 USDT
2026-05-06 06:37:17: [ERROR] Solde USDT réel insuffisant sur Binance pour SOLUSDT: 23.29 USDT < 2631.43 USDT
2026-05-06 06:37:19: [ERROR] Solde USDT réel insuffisant sur Binance pour SOLUSDT: 23.29 USDT < 2631.28 USDT
2026-05-06 06:37:20: [ERROR] Solde USDT réel insuffisant sur Binance pour SOLUSDT: 23.29 USDT < 2631.13 USDT
2026-05-06 06:37:21: [ERROR] Solde USDT réel insuffisant sur Binance pour SOLUSDT: 23.29 USDT < 2630.97 USDT
2026-05-06 06:37:23: [ERROR] Solde USDT réel insuffisant sur Binance pour SOLUSDT: 23.29 USDT < 2630.82 USDT
2026-05-06 06:37:35: [ERROR] Solde USDT réel insuffisant sur Binance pour SOLUSDT: 23.29 USDT < 2630.82 USDT
2026-05-06 06:37:46: [ERROR] Solde USDT réel insuffisant sur Binance pour SOLUSDT: 23.29 USDT < 2630.82 USDT
2026-05-06 06:38:09: [ERROR] Solde USDT réel insuffisant sur Binance pour SOLUSDT: 23.29 USDT < 2631.43 USDT
2026-05-06 06:38:10: [ERROR] Solde USDT réel insuffisant sur Binance pour SOLUSDT: 23.29 USDT < 2631.43 USDT
2026-05-06 06:38:11: [ERROR] Solde USDT réel insuffisant sur Binance pour SOLUSDT: 23.29 USDT < 2631.43 USDT
2026-05-06 06:38:14: [ERROR] Solde USDT réel insuffisant sur Binance pour SOLUSDT: 23.29 USDT < 2631.43 USDT
2026-05-06 06:38:15: [ERROR] Solde USDT réel insuffisant sur Binance pour SOLUSDT: 23.29 USDT < 2631.43 USDT
2026-05-06 06:38:16: [ERROR] Solde USDT réel insuffisant sur Binance pour SOLUSDT: 23.29 USDT < 2631.43 USDT
2026-05-06 06:38:18: [ERROR] Solde USDT réel insuffisant sur Binance pour SOLUSDT: 23.29 USDT < 2631.43 USDT
2026-05-06 06:38:23: [ERROR] Solde USDT réel insuffisant sur Binance pour SOLUSDT: 23.29 USDT < 2631.43 USDT
2026-05-06 06:38:26: [ERROR] Solde USDT réel insuffisant sur Binance pour SOLUSDT: 23.29 USDT < 2631.73 USDT
2026-05-06 06:38:30: [ERROR] WebSocket BTCUSDT: sent 1011 (unexpected error) keepalive ping timeout; no close frame received
2026-05-06 06:38:43: [ERROR] Solde USDT réel insuffisant sur Binance pour SOLUSDT: 23.29 USDT < 2631.43 USDT
2026-05-06 06:38:46: [ERROR] Solde USDT réel insuffisant sur Binance pour SOLUSDT: 23.29 USDT < 2631.43 USDT
2026-05-06 06:39:00: [ERROR] Solde USDT réel insuffisant sur Binance pour SOLUSDT: 23.29 USDT < 2631.43 USDT
2026-05-06 06:39:02: [ERROR] Solde USDT réel insuffisant sur Binance pour SOLUSDT: 23.29 USDT < 2632.34 USDT
2026-05-06 06:39:03: [ERROR] Solde USDT réel insuffisant sur Binance pour SOLUSDT: 23.29 USDT < 2632.34 USDT
2026-05-06 06:39:05: [ERROR] Solde USDT réel insuffisant sur Binance pour SOLUSDT: 23.29 USDT < 2632.34 USDT
2026-05-06 06:39:06: [ERROR] Solde USDT réel insuffisant sur Binance pour SOLUSDT: 23.29 USDT < 2632.34 USDT
2026-05-06 06:39:08: [ERROR] Solde USDT réel insuffisant sur Binance pour SOLUSDT: 23.29 USDT < 2632.34 USDT
2026-05-06 06:39:17: [ERROR] Solde USDT réel insuffisant sur Binance pour SOLUSDT: 23.29 USDT < 2632.34 USDT
2026-05-06 06:39:33: [ERROR] Solde USDT réel insuffisant sur Binance pour SOLUSDT: 23.29 USDT < 2632.34 USDT
2026-05-06 06:39:34: [ERROR] Solde USDT réel insuffisant sur Binance pour SOLUSDT: 23.29 USDT < 2632.34 USDT
2026-05-06 06:39:36: [ERROR] Solde USDT réel insuffisant sur Binance pour SOLUSDT: 23.29 USDT < 2632.49 USDT
2026-05-06 06:39:37: [ERROR] Solde USDT réel insuffisant sur Binance pour SOLUSDT: 23.29 USDT < 2632.64 USDT
2026-05-06 06:39:51: [ERROR] Solde USDT réel insuffisant sur Binance pour SOLUSDT: 23.29 USDT < 2632.49 USDT
2026-05-06 06:39:52: [ERROR] Solde USDT réel insuffisant sur Binance pour SOLUSDT: 23.29 USDT < 2632.34 USDT
2026-05-06 06:39:54: [ERROR] Solde USDT réel insuffisant sur Binance pour SOLUSDT: 23.29 USDT < 2632.34 USDT
2026-05-06 06:39:55: [ERROR] Solde USDT réel insuffisant sur Binance pour SOLUSDT: 23.29 USDT < 2632.34 USDT
2026-05-06 06:39:57: [ERROR] Solde USDT réel insuffisant sur Binance pour SOLUSDT: 23.29 USDT < 2632.34 USDT
2026-05-06 06:39:58: [ERROR] Solde USDT réel insuffisant sur Binance pour SOLUSDT: 23.29 USDT < 2632.34 USDT
2026-05-06 06:40:00: [ERROR] Solde USDT réel insuffisant sur Binance pour SOLUSDT: 23.29 USDT < 2632.34 USDT
2026-05-06 06:40:01: [ERROR] Solde USDT réel insuffisant sur Binance pour SOLUSDT: 23.29 USDT < 2632.34 USDT
2026-05-06 06:40:02: [ERROR] Solde USDT réel insuffisant sur Binance pour SOLUSDT: 23.29 USDT < 2632.34 USDT
2026-05-06 06:40:04: [ERROR] Solde USDT réel insuffisant sur Binance pour SOLUSDT: 23.29 USDT < 2632.34 USDT
2026-05-06 06:40:05: [ERROR] Solde USDT réel insuffisant sur Binance pour SOLUSDT: 23.29 USDT < 2632.34 USDT
2026-05-06 06:40:07: [ERROR] Solde USDT réel insuffisant sur Binance pour SOLUSDT: 23.29 USDT < 2632.34 USDT
2026-05-06 06:40:09: [ERROR] Solde USDT réel insuffisant sur Binance pour SOLUSDT: 23.29 USDT < 2632.18 USDT
2026-05-06 06:40:11: [ERROR] Solde USDT réel insuffisant sur Binance pour SOLUSDT: 23.29 USDT < 2631.13 USDT
2026-05-06 06:40:12: [ERROR] Solde USDT réel insuffisant sur Binance pour SOLUSDT: 23.29 USDT < 2631.13 USDT
2026-05-06 06:40:14: [ERROR] Solde USDT réel insuffisant sur Binance pour SOLUSDT: 23.29 USDT < 2631.13 USDT
2026-05-06 06:40:16: [ERROR] Solde USDT réel insuffisant sur Binance pour SOLUSDT: 23.29 USDT < 2631.13 USDT
2026-05-06 06:40:17: [ERROR] Solde USDT réel insuffisant sur Binance pour SOLUSDT: 23.29 USDT < 2631.13 USDT
2026-05-06 06:40:25: [ERROR] Solde USDT réel insuffisant sur Binance pour SOLUSDT: 23.29 USDT < 2631.13 USDT
2026-05-06 06:40:26: [ERROR] Solde USDT réel insuffisant sur Binance pour SOLUSDT: 23.29 USDT < 2630.97 USDT
2026-05-06 06:40:27: [ERROR] Solde USDT réel insuffisant sur Binance pour SOLUSDT: 23.29 USDT < 2630.82 USDT
2026-05-06 06:40:29: [ERROR] Solde USDT réel insuffisant sur Binance pour SOLUSDT: 23.29 USDT < 2630.82 USDT
2026-05-06 06:40:30: [ERROR] Solde USDT réel insuffisant sur Binance pour SOLUSDT: 23.29 USDT < 2630.82 USDT
2026-05-06 06:40:34: [ERROR] WebSocket BTCUSDT: sent 1011 (unexpected error) keepalive ping timeout; no close frame received
2026-05-06 06:40:42: [ERROR] Solde USDT réel insuffisant sur Binance pour SOLUSDT: 23.29 USDT < 2630.67 USDT
2026-05-06 06:40:43: [ERROR] Solde USDT réel insuffisant sur Binance pour SOLUSDT: 23.29 USDT < 2630.67 USDT
2026-05-06 06:40:44: [ERROR] Solde USDT réel insuffisant sur Binance pour SOLUSDT: 23.29 USDT < 2630.52 USDT
2026-05-06 06:40:56: [ERROR] Solde USDT réel insuffisant sur Binance pour SOLUSDT: 23.29 USDT < 2630.52 USDT
2026-05-06 06:40:59: [ERROR] Solde USDT réel insuffisant sur Binance pour SOLUSDT: 23.29 USDT < 2630.37 USDT
2026-05-06 06:41:00: [ERROR] Solde USDT réel insuffisant sur Binance pour SOLUSDT: 23.29 USDT < 2629.31 USDT
2026-05-06 06:41:01: [ERROR] Solde USDT réel insuffisant sur Binance pour SOLUSDT: 23.29 USDT < 2629.31 USDT
2026-05-06 06:41:03: [ERROR] Solde USDT réel insuffisant sur Binance pour SOLUSDT: 23.29 USDT < 2629.31 USDT
2026-05-06 06:41:04: [ERROR] Solde USDT réel insuffisant sur Binance pour SOLUSDT: 23.29 USDT < 2629.31 USDT
2026-05-06 06:41:06: [ERROR] Solde USDT réel insuffisant sur Binance pour SOLUSDT: 23.29 USDT < 2629.31 USDT
2026-05-06 06:41:07: [ERROR] Solde USDT réel insuffisant sur Binance pour SOLUSDT: 23.29 USDT < 2629.31 USDT
2026-05-06 06:41:11: [ERROR] Solde USDT réel insuffisant sur Binance pour SOLUSDT: 23.29 USDT < 2629.31 USDT
2026-05-06 06:41:15: [ERROR] Solde USDT réel insuffisant sur Binance pour SOLUSDT: 23.29 USDT < 2629.31 USDT
2026-05-06 06:41:16: [ERROR] Solde USDT réel insuffisant sur Binance pour SOLUSDT: 23.29 USDT < 2629.46 USDT
2026-05-06 06:41:17: [ERROR] Solde USDT réel insuffisant sur Binance pour SOLUSDT: 23.29 USDT < 2629.61 USDT
2026-05-06 06:41:21: [ERROR] Solde USDT réel insuffisant sur Binance pour SOLUSDT: 23.29 USDT < 2629.61 USDT
2026-05-06 06:41:25: [ERROR] Solde USDT réel insuffisant sur Binance pour SOLUSDT: 23.29 USDT < 2629.61 USDT
2026-05-06 06:41:38: [ERROR] Solde USDT réel insuffisant sur Binance pour SOLUSDT: 23.29 USDT < 2629.92 USDT
2026-05-06 06:41:55: [ERROR] Solde USDT réel insuffisant sur Binance pour SOLUSDT: 23.29 USDT < 2629.61 USDT
2026-05-06 06:41:57: [ERROR] Solde USDT réel insuffisant sur Binance pour SOLUSDT: 23.29 USDT < 2629.61 USDT
2026-05-06 06:42:01: [ERROR] Solde USDT réel insuffisant sur Binance pour SOLUSDT: 23.29 USDT < 2629.61 USDT
2026-05-06 06:42:05: [ERROR] Solde USDT réel insuffisant sur Binance pour SOLUSDT: 23.29 USDT < 2629.61 USDT
2026-05-06 06:42:14: [ERROR] Solde USDT réel insuffisant sur Binance pour SOLUSDT: 23.29 USDT < 2629.61 USDT
2026-05-06 06:42:18: [ERROR] Solde USDT réel insuffisant sur Binance pour SOLUSDT: 23.29 USDT < 2629.61 USDT
2026-05-06 06:42:29: [ERROR] Solde USDT réel insuffisant sur Binance pour SOLUSDT: 23.29 USDT < 2630.52 USDT
2026-05-06 06:42:30: [ERROR] Solde USDT réel insuffisant sur Binance pour SOLUSDT: 23.29 USDT < 2630.52 USDT
2026-05-06 06:42:32: [ERROR] Solde USDT réel insuffisant sur Binance pour SOLUSDT: 23.29 USDT < 2630.52 USDT
2026-05-06 06:42:33: [ERROR] Solde USDT réel insuffisant sur Binance pour SOLUSDT: 23.29 USDT < 2630.52 USDT
2026-05-06 06:42:34: [ERROR] Solde USDT réel insuffisant sur Binance pour SOLUSDT: 23.29 USDT < 2630.52 USDT
2026-05-06 06:42:36: [ERROR] Solde USDT réel insuffisant sur Binance pour SOLUSDT: 23.29 USDT < 2630.52 USDT
2026-05-06 06:42:38: [ERROR] Solde USDT réel insuffisant sur Binance pour SOLUSDT: 23.29 USDT < 2630.52 USDT
2026-05-06 06:42:46: [ERROR] WebSocket BTCUSDT: sent 1011 (unexpected error) keepalive ping timeout; no close frame received
2026-05-06 06:42:46: [ERROR] Solde USDT réel insuffisant sur Binance pour SOLUSDT: 23.29 USDT < 2630.82 USDT
2026-05-06 06:42:49: [ERROR] Solde USDT réel insuffisant sur Binance pour SOLUSDT: 23.29 USDT < 2630.82 USDT
2026-05-06 06:43:03: [ERROR] Solde USDT réel insuffisant sur Binance pour SOLUSDT: 23.29 USDT < 2630.67 USDT
2026-05-06 06:43:04: [ERROR] Solde USDT réel insuffisant sur Binance pour SOLUSDT: 23.29 USDT < 2630.52 USDT
2026-05-06 06:43:05: [ERROR] Solde USDT réel insuffisant sur Binance pour SOLUSDT: 23.29 USDT < 2630.52 USDT
2026-05-06 06:43:07: [ERROR] Solde USDT réel insuffisant sur Binance pour SOLUSDT: 23.29 USDT < 2630.52 USDT
2026-05-06 06:43:13: [ERROR] Solde USDT réel insuffisant sur Binance pour SOLUSDT: 23.29 USDT < 2630.52 USDT
2026-05-06 06:43:18: [ERROR] Solde USDT réel insuffisant sur Binance pour SOLUSDT: 23.29 USDT < 2630.52 USDT
2026-05-06 06:43:20: [ERROR] Solde USDT réel insuffisant sur Binance pour SOLUSDT: 23.29 USDT < 2630.37 USDT
2026-05-06 06:43:21: [ERROR] Solde USDT réel insuffisant sur Binance pour SOLUSDT: 23.29 USDT < 2630.22 USDT
2026-05-06 06:43:22: [ERROR] Solde USDT réel insuffisant sur Binance pour SOLUSDT: 23.29 USDT < 2630.07 USDT
2026-05-06 06:43:24: [ERROR] Solde USDT réel insuffisant sur Binance pour SOLUSDT: 23.29 USDT < 2629.92 USDT
2026-05-06 06:43:37: [ERROR] Solde USDT réel insuffisant sur Binance pour SOLUSDT: 23.29 USDT < 2629.92 USDT
2026-05-06 06:46:48: [ERROR] WebSocket BTCUSDT: sent 1011 (unexpected error) keepalive ping timeout; no close frame received
2026-05-06 06:48:52: [ERROR] WebSocket BTCUSDT: sent 1011 (unexpected error) keepalive ping timeout; no close frame received
2026-05-06 06:50:59: [ERROR] WebSocket BTCUSDT: sent 1011 (unexpected error) keepalive ping timeout; no close frame received
2026-05-06 06:53:09: [ERROR] WebSocket BTCUSDT: sent 1011 (unexpected error) keepalive ping timeout; no close frame received
2026-05-06 06:54:06: [ERROR] Erreur ordre BTCUSDT: APIError(code=-2010): Account has insufficient balance for requested action.
2026-05-06 06:54:09: [ERROR] Échec ordre BTCUSDT après réessai: APIError(code=-2010): Account has insufficient balance for requested action.
2026-05-06 06:54:10: [ERROR] Erreur ordre BTCUSDT: APIError(code=-2010): Account has insufficient balance for requested action.
2026-05-06 06:54:13: [ERROR] Échec ordre BTCUSDT après réessai: APIError(code=-2010): Account has insufficient balance for requested action.
2026-05-06 06:54:13: [ERROR] Erreur ordre ETHUSDT: APIError(code=-2010): Account has insufficient balance for requested action.
2026-05-06 06:54:16: [ERROR] Échec ordre ETHUSDT après réessai: APIError(code=-2010): Account has insufficient balance for requested action.
2026-05-06 06:54:16: [ERROR] Erreur ordre BTCUSDT: APIError(code=-2010): Account has insufficient balance for requested action.
2026-05-06 06:54:19: [ERROR] Échec ordre BTCUSDT après réessai: APIError(code=-2010): Account has insufficient balance for requested action.
2026-05-06 06:54:19: [ERROR] Erreur ordre ETHUSDT: APIError(code=-2010): Account has insufficient balance for requested action.
2026-05-06 06:54:22: [ERROR] Échec ordre ETHUSDT après réessai: APIError(code=-2010): Account has insufficient balance for requested action.
2026-05-06 06:54:23: [ERROR] Erreur ordre BTCUSDT: APIError(code=-2010): Account has insufficient balance for requested action.
2026-05-06 06:54:25: [ERROR] Échec ordre BTCUSDT après réessai: APIError(code=-2010): Account has insufficient balance for requested action.
2026-05-06 06:54:26: [ERROR] Erreur ordre ETHUSDT: APIError(code=-2010): Account has insufficient balance for requested action.
2026-05-06 06:54:28: [ERROR] Échec ordre ETHUSDT après réessai: APIError(code=-2010): Account has insufficient balance for requested action.
2026-05-06 06:54:29: [ERROR] Erreur ordre BTCUSDT: APIError(code=-2010): Account has insufficient balance for requested action.
2026-05-06 06:54:32: [ERROR] Échec ordre BTCUSDT après réessai: APIError(code=-2010): Account has insufficient balance for requested action.
2026-05-06 06:54:32: [ERROR] Erreur ordre ETHUSDT: APIError(code=-2010): Account has insufficient balance for requested action.
2026-05-06 06:54:35: [ERROR] Échec ordre ETHUSDT après réessai: APIError(code=-2010): Account has insufficient balance for requested action.
2026-05-06 06:54:35: [ERROR] Erreur ordre BTCUSDT: APIError(code=-2010): Account has insufficient balance for requested action.
2026-05-06 06:54:38: [ERROR] Échec ordre BTCUSDT après réessai: APIError(code=-2010): Account has insufficient balance for requested action.
2026-05-06 06:54:39: [ERROR] Erreur ordre ETHUSDT: APIError(code=-2010): Account has insufficient balance for requested action.
2026-05-06 06:54:41: [ERROR] Échec ordre ETHUSDT après réessai: APIError(code=-2010): Account has insufficient balance for requested action.
2026-05-06 06:54:42: [ERROR] Erreur ordre BTCUSDT: APIError(code=-2010): Account has insufficient balance for requested action.
2026-05-06 06:54:44: [ERROR] Échec ordre BTCUSDT après réessai: APIError(code=-2010): Account has insufficient balance for requested action.
2026-05-06 06:54:45: [ERROR] Erreur ordre ETHUSDT: APIError(code=-2010): Account has insufficient balance for requested action.
2026-05-06 06:54:48: [ERROR] Échec ordre ETHUSDT après réessai: APIError(code=-2010): Account has insufficient balance for requested action.
2026-05-06 06:54:48: [ERROR] Erreur ordre BTCUSDT: APIError(code=-2010): Account has insufficient balance for requested action.
2026-05-06 06:54:51: [ERROR] Échec ordre BTCUSDT après réessai: APIError(code=-2010): Account has insufficient balance for requested action.
2026-05-06 06:54:51: [ERROR] Erreur ordre ETHUSDT: APIError(code=-2010): Account has insufficient balance for requested action.
2026-05-06 06:54:54: [ERROR] Échec ordre ETHUSDT après réessai: APIError(code=-2010): Account has insufficient balance for requested action.
2026-05-06 06:54:55: [ERROR] Erreur ordre BTCUSDT: APIError(code=-2010): Account has insufficient balance for requested action.
2026-05-06 06:54:57: [ERROR] Échec ordre BTCUSDT après réessai: APIError(code=-2010): Account has insufficient balance for requested action.
2026-05-06 06:54:58: [ERROR] Erreur ordre ETHUSDT: APIError(code=-2010): Account has insufficient balance for requested action.
2026-05-06 06:55:00: [ERROR] Échec ordre ETHUSDT après réessai: APIError(code=-2010): Account has insufficient balance for requested action.
2026-05-06 06:55:01: [ERROR] Erreur ordre BTCUSDT: APIError(code=-2010): Account has insufficient balance for requested action.
2026-05-06 06:55:04: [ERROR] Échec ordre BTCUSDT après réessai: APIError(code=-2010): Account has insufficient balance for requested action.
2026-05-06 06:55:04: [ERROR] Erreur ordre ETHUSDT: APIError(code=-2010): Account has insufficient balance for requested action.
2026-05-06 06:55:07: [ERROR] Échec ordre ETHUSDT après réessai: APIError(code=-2010): Account has insufficient balance for requested action.
2026-05-06 06:55:07: [ERROR] Erreur ordre BTCUSDT: APIError(code=-2010): Account has insufficient balance for requested action.
2026-05-06 06:55:10: [ERROR] Échec ordre BTCUSDT après réessai: APIError(code=-2010): Account has insufficient balance for requested action.
2026-05-06 06:55:11: [ERROR] Erreur ordre ETHUSDT: APIError(code=-2010): Account has insufficient balance for requested action.
2026-05-06 06:55:13: [ERROR] Échec ordre ETHUSDT après réessai: APIError(code=-2010): Account has insufficient balance for requested action.
2026-05-06 06:55:14: [ERROR] Erreur ordre BTCUSDT: APIError(code=-2010): Account has insufficient balance for requested action.
2026-05-06 06:55:16: [ERROR] Échec ordre BTCUSDT après réessai: APIError(code=-2010): Account has insufficient balance for requested action.
2026-05-06 06:55:17: [ERROR] Erreur ordre ETHUSDT: APIError(code=-2010): Account has insufficient balance for requested action.
2026-05-06 06:55:20: [ERROR] Échec ordre ETHUSDT après réessai: APIError(code=-2010): Account has insufficient balance for requested action.
2026-05-06 06:55:20: [ERROR] Erreur ordre BTCUSDT: APIError(code=-2010): Account has insufficient balance for requested action.
2026-05-06 06:55:23: [ERROR] Échec ordre BTCUSDT après réessai: APIError(code=-2010): Account has insufficient balance for requested action.
2026-05-06 06:55:24: [ERROR] Erreur ordre ETHUSDT: APIError(code=-2010): Account has insufficient balance for requested action.
2026-05-06 06:55:27: [ERROR] Échec ordre ETHUSDT après réessai: APIError(code=-2010): Account has insufficient balance for requested action.
2026-05-06 06:55:27: [ERROR] Erreur ordre BTCUSDT: APIError(code=-2010): Account has insufficient balance for requested action.
2026-05-06 06:55:30: [ERROR] Échec ordre BTCUSDT après réessai: APIError(code=-2010): Account has insufficient balance for requested action.
2026-05-06 06:55:30: [ERROR] Erreur ordre ETHUSDT: APIError(code=-2010): Account has insufficient balance for requested action.
2026-05-06 06:55:33: [ERROR] Échec ordre ETHUSDT après réessai: APIError(code=-2010): Account has insufficient balance for requested action.
2026-05-06 06:55:33: [ERROR] Erreur ordre BTCUSDT: APIError(code=-2010): Account has insufficient balance for requested action.
2026-05-06 06:55:36: [ERROR] Échec ordre BTCUSDT après réessai: APIError(code=-2010): Account has insufficient balance for requested action.
2026-05-06 06:55:37: [ERROR] Erreur ordre ETHUSDT: APIError(code=-2010): Account has insufficient balance for requested action.
2026-05-06 06:55:40: [ERROR] Échec ordre ETHUSDT après réessai: APIError(code=-2010): Account has insufficient balance for requested action.
2026-05-06 06:55:40: [ERROR] Erreur ordre BTCUSDT: APIError(code=-2010): Account has insufficient balance for requested action.
2026-05-06 06:55:43: [ERROR] Échec ordre BTCUSDT après réessai: APIError(code=-2010): Account has insufficient balance for requested action.
2026-05-06 06:55:43: [ERROR] Erreur ordre ETHUSDT: APIError(code=-2010): Account has insufficient balance for requested action.
2026-05-06 06:55:46: [ERROR] Échec ordre ETHUSDT après réessai: APIError(code=-2010): Account has insufficient balance for requested action.
2026-05-06 06:55:47: [ERROR] Erreur ordre BTCUSDT: APIError(code=-2010): Account has insufficient balance for requested action.
2026-05-06 06:55:49: [ERROR] Échec ordre BTCUSDT après réessai: APIError(code=-2010): Account has insufficient balance for requested action.
2026-05-06 06:55:50: [ERROR] Erreur ordre ETHUSDT: APIError(code=-2010): Account has insufficient balance for requested action.
2026-05-06 06:55:52: [ERROR] Échec ordre ETHUSDT après réessai: APIError(code=-2010): Account has insufficient balance for requested action.
2026-05-06 06:55:53: [ERROR] Erreur ordre BTCUSDT: APIError(code=-2010): Account has insufficient balance for requested action.
2026-05-06 06:55:56: [ERROR] Échec ordre BTCUSDT après réessai: APIError(code=-2010): Account has insufficient balance for requested action.
2026-05-06 06:55:56: [ERROR] Erreur ordre ETHUSDT: APIError(code=-2010): Account has insufficient balance for requested action.
2026-05-06 06:55:59: [ERROR] Échec ordre ETHUSDT après réessai: APIError(code=-2010): Account has insufficient balance for requested action.
2026-05-06 06:55:59: [ERROR] WebSocket ETHUSDT: sent 1011 (unexpected error) keepalive ping timeout; no close frame received
2026-05-06 06:55:59: [ERROR] Erreur ordre BTCUSDT: APIError(code=-2010): Account has insufficient balance for requested action.
2026-05-06 06:56:02: [ERROR] Échec ordre BTCUSDT après réessai: APIError(code=-2010): Account has insufficient balance for requested action.
2026-05-06 06:56:03: [ERROR] Erreur ordre BTCUSDT: APIError(code=-2010): Account has insufficient balance for requested action.
2026-05-06 06:56:06: [ERROR] Échec ordre BTCUSDT après réessai: APIError(code=-2010): Account has insufficient balance for requested action.
2026-05-06 06:56:07: [ERROR] Erreur ordre BTCUSDT: APIError(code=-2010): Account has insufficient balance for requested action.
2026-05-06 06:56:10: [ERROR] Échec ordre BTCUSDT après réessai: APIError(code=-2010): Account has insufficient balance for requested action.
2026-05-06 06:56:10: [ERROR] Erreur ordre ETHUSDT: APIError(code=-2010): Account has insufficient balance for requested action.
2026-05-06 06:56:13: [ERROR] Échec ordre ETHUSDT après réessai: APIError(code=-2010): Account has insufficient balance for requested action.
2026-05-06 06:56:13: [ERROR] Erreur ordre BTCUSDT: APIError(code=-2010): Account has insufficient balance for requested action.
2026-05-06 06:56:16: [ERROR] Échec ordre BTCUSDT après réessai: APIError(code=-2010): Account has insufficient balance for requested action.
2026-05-06 06:56:16: [ERROR] Erreur ordre ETHUSDT: APIError(code=-2010): Account has insufficient balance for requested action.
2026-05-06 06:56:19: [ERROR] Échec ordre ETHUSDT après réessai: APIError(code=-2010): Account has insufficient balance for requested action.
2026-05-06 06:56:20: [ERROR] Erreur ordre BTCUSDT: APIError(code=-2010): Account has insufficient balance for requested action.
2026-05-06 06:56:22: [ERROR] Échec ordre BTCUSDT après réessai: APIError(code=-2010): Account has insufficient balance for requested action.
2026-05-06 06:56:23: [ERROR] Erreur ordre ETHUSDT: APIError(code=-2010): Account has insufficient balance for requested action.
2026-05-06 06:56:25: [ERROR] Échec ordre ETHUSDT après réessai: APIError(code=-2010): Account has insufficient balance for requested action.
2026-05-06 06:56:26: [ERROR] Erreur ordre BTCUSDT: APIError(code=-2010): Account has insufficient balance for requested action.
2026-05-06 06:56:28: [ERROR] Échec ordre BTCUSDT après réessai: APIError(code=-2010): Account has insufficient balance for requested action.
2026-05-06 06:56:29: [ERROR] Erreur ordre ETHUSDT: APIError(code=-2010): Account has insufficient balance for requested action.
2026-05-06 06:56:32: [ERROR] Échec ordre ETHUSDT après réessai: APIError(code=-2010): Account has insufficient balance for requested action.
2026-05-06 06:56:32: [ERROR] Erreur ordre BTCUSDT: APIError(code=-2010): Account has insufficient balance for requested action.
2026-05-06 06:56:35: [ERROR] Échec ordre BTCUSDT après réessai: APIError(code=-2010): Account has insufficient balance for requested action.
2026-05-06 06:56:35: [ERROR] Erreur ordre ETHUSDT: APIError(code=-2010): Account has insufficient balance for requested action.
2026-05-06 06:56:38: [ERROR] Échec ordre ETHUSDT après réessai: APIError(code=-2010): Account has insufficient balance for requested action.
2026-05-06 06:56:39: [ERROR] Erreur ordre BTCUSDT: APIError(code=-2010): Account has insufficient balance for requested action.
2026-05-06 06:56:41: [ERROR] Échec ordre BTCUSDT après réessai: APIError(code=-2010): Account has insufficient balance for requested action.
2026-05-06 06:56:42: [ERROR] Erreur ordre ETHUSDT: APIError(code=-2010): Account has insufficient balance for requested action.
2026-05-06 06:56:44: [ERROR] Échec ordre ETHUSDT après réessai: APIError(code=-2010): Account has insufficient balance for requested action.
2026-05-06 06:56:45: [ERROR] Erreur ordre BTCUSDT: APIError(code=-2010): Account has insufficient balance for requested action.
2026-05-06 06:56:48: [ERROR] Échec ordre BTCUSDT après réessai: APIError(code=-2010): Account has insufficient balance for requested action.
2026-05-06 06:56:48: [ERROR] Erreur ordre ETHUSDT: APIError(code=-2010): Account has insufficient balance for requested action.
2026-05-06 06:56:51: [ERROR] Échec ordre ETHUSDT après réessai: APIError(code=-2010): Account has insufficient balance for requested action.
2026-05-06 06:56:51: [ERROR] Erreur ordre BTCUSDT: APIError(code=-2010): Account has insufficient balance for requested action.
2026-05-06 06:56:54: [ERROR] Échec ordre BTCUSDT après réessai: APIError(code=-2010): Account has insufficient balance for requested action.
2026-05-06 06:56:54: [ERROR] Erreur ordre ETHUSDT: APIError(code=-2010): Account has insufficient balance for requested action.
2026-05-06 06:56:57: [ERROR] Échec ordre ETHUSDT après réessai: APIError(code=-2010): Account has insufficient balance for requested action.
2026-05-06 06:56:58: [ERROR] Erreur ordre BTCUSDT: APIError(code=-2010): Account has insufficient balance for requested action.
2026-05-06 06:57:00: [ERROR] Échec ordre BTCUSDT après réessai: APIError(code=-2010): Account has insufficient balance for requested action.
2026-05-06 06:57:01: [ERROR] Erreur ordre ETHUSDT: APIError(code=-2010): Account has insufficient balance for requested action.
2026-05-06 06:57:04: [ERROR] Échec ordre ETHUSDT après réessai: APIError(code=-2010): Account has insufficient balance for requested action.
2026-05-06 06:57:04: [ERROR] Erreur ordre BTCUSDT: APIError(code=-2010): Account has insufficient balance for requested action.
2026-05-06 07:04:39: [ERROR] WebSocket ETHUSDT: sent 1011 (unexpected error) keepalive ping timeout; no close frame received
2026-05-06 07:07:01: [ERROR] WebSocket BTCUSDT: sent 1011 (unexpected error) keepalive ping timeout; no close frame received
2026-05-06 07:08:23: [ERROR] WebSocket BTCUSDT: sent 1011 (unexpected error) keepalive ping timeout; no close frame received
